timestamp,data
2025-11-08T11:42:32.708695,"b'{""advanced"":{""rppg"":[],""rppg_timestamps"":[]}}'"
2025-11-08T11:42:33.692753,"b'{""advanced"":{""rppg"":[],""rppg_timestamps"":[]}}'"
2025-11-08T11:42:34.720876,"b'{""advanced"":{""rppg"":[],""rppg_timestamps"":[]}}'"
2025-11-08T11:42:35.713932,"b'{""advanced"":{""rppg"":[],""rppg_timestamps"":[]}}'"
2025-11-08T11:42:36.727630,"b'{""advanced"":{""rppg"":[],""rppg_timestamps"":[]}}'"
2025-11-08T11:42:37.703227,"b'{""advanced"":{""rppg"":[],""rppg_timestamps"":[]}}'"
2025-11-08T11:42:38.750104,"b'{""advanced"":{""rppg"":[],""rppg_timestamps"":[]}}'"
2025-11-08T11:42:39.711408,"b'{""advanced"":{""rppg"":[],""rppg_timestamps"":[]}}'"
2025-11-08T11:42:40.771952,"b'{""advanced"":{""rppg"":[],""rppg_timestamps"":[]}}'"
2025-11-08T11:42:42.977240,"b'{""advanced"":{""rppg"":[-0.21824229844014462,-0.5454415449271547,-0.8082400855973589,-1.0389426601924616,-1.107516590094082,-1.0327855702274853,-0.7601450605597722,-0.3244005932778757,0.2559875923301589,0.8741305276841641,1.4448672718393971,1.7993153751731332,1.8811683134561397,1.607808287934283,1.109208617530857,0.42674878625761414,-0.17118675287467916,-0.6831718095352289,-0.9302569217565865,-1.0488386409831443,-0.9979328888693534,-0.9803081655628979,-0.9743975256005682,-1.0719323521596285,-1.1294493042883007,-1.1122512286887354,-0.8983240371060606,-0.4716752917318381,0.14648799666190668,0.8355572156119979,1.4870734415675475,1.9172554506823667,2.0659535839655727,1.9000360023011669,1.497094482011082,0.9629929883211759,0.4331308191114188,-0.04923219820779459,-0.3926044059220883,-0.655435277907525,-0.770602647243893,-0.899623447468789,-0.9305506955833639,-1.0308719090200662,-1.056313127092855,-1.1502978304069886,-1.1585215782381375,-1.2108800636819876,-1.1118243355927702,-0.9332470580902662,-0.5686670481292264,-0.08333797058615566,0.5073824102723143,1.093501175924468,1.5822310660532957,1.8797222253843897,1.8989702573511802,1.6662110770702176,1.2320139364641434,0.6985090937120286,0.18955507844145023,-0.2515569874069723,-0.5318023061103068,-0.7204815751687497,-0.7780988545900825,-0.8760925636349335,-0.9391773938595477,-1.047042402478684,-1.040618511721491,-0.9340304292913467,-0.5731125025796091,-0.060638345208438034,0.6089313100986704,1.1957466726020536,1.6327463434440603,1.721882210679395,1.522617929866599,1.0336400873347311,0.46986882178923023,-0.1045359086649063,-0.490727674783094,-0.7509927558932961,-0.8111177555520469,-0.8402785232097362,-0.8097170309400172,-0.8846945850066857,-0.9732311708920237,-1.1557147278254427,-1.2631264316084914,-1.3149927925963205,-1.1614485362076872,-0.8169053248829614,-0.23887020214143748,0.4599262136280023,1.1606588840025478,1.6936378607958433,1.9536171081995564,1.8875442176382116,1.5499533291825653,1.069511058986818,0.5998172640067628,0.22281919169219175,-0.0331627551092365,-0.24639826195552592,-0.45748787111649586,-0.7739641154132714,-1.0855188451280438,-1.3136532623871815,-1.2546293329292613,-0.8680732049912315,-0.16158591494460622,0.6614175899145927,1.3927710850946073,1.757582382277065,1.700441499859061,1.212214796624609,0.5295219136102469,-0.18036532169407746,-0.6654277422890791,-0.9105997347835858,-0.8925642013177486,-0.7781646039157291,-0.6160548851413692,-0.5570949346515036,-0.5455779114688105,-0.6494271317534375,-0.7792226880420403,-0.9489491723037322,-1.0628851278088578,-1.1143019669058063,-0.9988433396102004,-0.6783240733988731,-0.13658886308165258,0.5540234015769049,1.2447324665438384,1.7634455504634017,2.0083067205202907,1.9131084182532636,1.5877950339901725,1.1071900388626124,0.6763884170180727,0.3069434231931951,0.06584359708591844,-0.18803329970956364,-0.4548465792466411,-0.8175946261124524,-1.128720813384805,-1.3226416837075294,-1.2370051964871842,-0.8846445404089184,-0.3411446825288974,0.24504611806774163,0.6793585759654163,0.8847790703591593,0.8311782101944251,0.6334650617160832,0.3987931207705406,0.2384991184116181,0.18256537680400034,0.14465229193940993,0.11159909545850283,-0.046042768587869425,-0.24279342634357903,-0.5536900316911819,-0.828741181844214,-1.0956410687474654,-1.2366267769719415,-1.2793718583032458,-1.1701945694240745,-0.916017648176851,-0.5031593142985333,0.04074584957651276,0.6151540190345596,1.1427998328162448,1.509169234770408,1.6386219500126116,1.5412444743942313,1.2428258911879353,0.8576307716734483,0.43067403977781293,0.11108552821942148,-0.1877556319823149,-0.35811121837396853,-0.5673824807052532,-0.7546166699255022,-0.9938270962697089,-1.198286658662878,-1.3462232876023392,-1.3028650546990501,-1.007358479494792,-0.4910999462651861,0.2251892153879707,0.9374311558018344,1.5525086183624643,1.882408811762007,1.863732514486934,1.5571156895737734,1.0558072044939832,0.5236011774716275,0.03962157344065766,-0.25890851400066256,-0.5061888271315909,-0.6141403114430061,-0.7378306134339746,-0.8258553413595869,-0.9674357853312974,-1.0481970681708974,-1.107136656828615,-1.0845764741153106,-1.0149475652084599,-0.8821344399830912,-0.6704508912262183,-0.37398182401510666,0.04418383378371282,0.5003842341783165,0.981351496492145,1.3307751899054028,1.474247802491617,1.3716326600756708,1.0282648030891102,0.4994644302615685,-0.07756205016791268,-0.6109962477591652,-0.9330204655676794,-1.0787286930277502,-0.9290430352725406,-0.5955727990813524,-0.054880394567016384,0.5467439818293984,1.0984398552438903,1.4632252793272083,1.5136003852803726,1.285110720010011,0.8120210331952592,0.24097342498984584,-0.3180792013285413,-0.6361913098433801,-0.7799047748554132,-0.7527489837058379,-0.6796412788649911,-0.7159778168067011,-0.8831270620180434,-1.0950663764765207,-1.277563764947774,-1.2147431968600337,-0.907854433286582,-0.2866899172964615,0.34400968598787296,0.9449629503132517,1.1834943957757877,1.1619632648130866,0.8623921604007279,0.5687541693676108,0.33602165035992904,0.1551992396722406,0.23685402325443883],""rppg_timestamps"":[1762588770.90264,1762588770.9315987,1762588770.963116,1762588770.997998,1762588771.0282404,1762588771.0622869,1762588771.0913496,1762588771.1246576,1762588771.1566064,1762588771.187347,1762588771.2377095,1762588771.2691453,1762588771.3039868,1762588771.3338187,1762588771.3644168,1762588771.398269,1762588771.434249,1762588771.46449,1762588771.4914079,1762588771.5264297,1762588771.5644572,1762588771.5931036,1762588771.6399117,1762588771.670175,1762588771.7005732,1762588771.7346685,1762588771.767356,1762588771.8016338,1762588771.8263927,1762588771.8634486,1762588771.9021142,1762588771.9351108,1762588771.9572713,1762588771.9912329,1762588772.038424,1762588772.0739338,1762588772.1013205,1762588772.135404,1762588772.1640413,1762588772.1958058,1762588772.2310636,1762588772.261044,1762588772.2938673,1762588772.3240743,1762588772.3571663,1762588772.3873756,1762588772.4366584,1762588772.4730704,1762588772.50175,1762588772.532186,1762588772.5644963,1762588772.5957813,1762588772.6270878,1762588772.6602213,1762588772.692633,1762588772.7226045,1762588772.7564783,1762588772.7899165,1762588772.8403976,1762588772.8707495,1762588772.9044654,1762588772.9414706,1762588772.9777327,1762588773.0117092,1762588773.0467682,1762588773.0666077,1762588773.0921314,1762588773.1233194,1762588773.1593983,1762588773.1889217,1762588773.241533,1762588773.280087,1762588773.3010025,1762588773.338281,1762588773.3641682,1762588773.3965814,1762588773.4275753,1762588773.4619715,1762588773.4943135,1762588773.5238419,1762588773.5591292,1762588773.5905817,1762588773.6439276,1762588773.681734,1762588773.7199006,1762588773.7536397,1762588773.7854288,1762588773.8178852,1762588773.8511856,1762588773.8756974,1762588773.8981292,1762588773.9266908,1762588773.9606516,1762588773.9916425,1762588774.0385907,1762588774.067277,1762588774.1019647,1762588774.1312675,1762588774.1648953,1762588774.1970346,1762588774.2293985,1762588774.2606277,1762588774.2964444,1762588774.3234835,1762588774.359171,1762588774.3903813,1762588774.440824,1762588774.4765606,1762588774.5089245,1762588774.5360856,1762588774.5651476,1762588774.5954168,1762588774.6270504,1762588774.6605332,1762588774.6910753,1762588774.7280447,1762588774.755516,1762588774.7878363,1762588774.8389711,1762588774.8743105,1762588774.9027543,1762588774.9373672,1762588774.9735742,1762588775.0063887,1762588775.0283396,1762588775.0593345,1762588775.0946355,1762588775.1241255,1762588775.1546466,1762588775.2040334,1762588775.237148,1762588775.2701917,1762588775.3039641,1762588775.3383536,1762588775.3666534,1762588775.397786,1762588775.426307,1762588775.4593556,1762588775.4910958,1762588775.5232482,1762588775.555714,1762588775.6081016,1762588775.646821,1762588775.6747112,1762588775.7035043,1762588775.7346509,1762588775.7671533,1762588775.7982373,1762588775.8287451,1762588775.8662882,1762588775.893601,1762588775.9248064,1762588775.955623,1762588776.0060813,1762588776.0381105,1762588776.069422,1762588776.099564,1762588776.131056,1762588776.1650934,1762588776.1998212,1762588776.2306032,1762588776.2587214,1762588776.2932448,1762588776.323672,1762588776.3544636,1762588776.4040687,1762588776.4356644,1762588776.467811,1762588776.4991415,1762588776.5316153,1762588776.5638947,1762588776.5972397,1762588776.6286392,1762588776.658576,1762588776.6918688,1762588776.7235773,1762588776.7552078,1762588776.8075202,1762588776.8348913,1762588776.868654,1762588776.9010687,1762588776.9320915,1762588776.9666665,1762588776.9971497,1762588777.0264604,1762588777.0584521,1762588777.090952,1762588777.123014,1762588777.1563914,1762588777.2036989,1762588777.238615,1762588777.2726533,1762588777.3030064,1762588777.3321693,1762588777.3641944,1762588777.4026933,1762588777.439965,1762588777.4620883,1762588777.4901075,1762588777.52392,1762588777.5546262,1762588777.6058953,1762588777.6365504,1762588777.6675503,1762588777.6999803,1762588777.732653,1762588777.7664192,1762588777.7946475,1762588777.8297954,1762588777.8623827,1762588777.8960805,1762588777.9347196,1762588777.9573894,1762588778.0028913,1762588778.0351198,1762588778.0690205,1762588778.1002035,1762588778.1338124,1762588778.1697178,1762588778.2065783,1762588778.2305465,1762588778.264576,1762588778.2994618,1762588778.327303,1762588778.358088,1762588778.4022307,1762588778.4365423,1762588778.467484,1762588778.5000823,1762588778.5318263,1762588778.5647578,1762588778.5982203,1762588778.626619,1762588778.6622772,1762588778.6965923,1762588778.7232206,1762588778.7569804,1762588778.8082726,1762588778.8356683,1762588778.8693395,1762588778.8986702,1762588778.9316146,1762588778.962926,1762588778.9996333,1762588779.0279727,1762588779.0593858,1762588779.09098,1762588779.1228023,1762588779.1574678,1762588779.2050931,1762588779.23649,1762588779.2686536,1762588779.3003576,1762588779.3338938,1762588779.365226,1762588779.3972006]}}'"
2025-11-08T11:42:43.247539,"b'{""advanced"":{""rppg"":[-0.21824229844014462,-0.5454415449271547,-0.8082400855973589,-1.0389426601924616,-1.107516590094082,-1.0327855702274853,-0.7601450605597722,-0.3244005932778757,0.2559875923301589,0.8741305276841641,1.4448672718393971,1.7993153751731332,1.8811683134561397,1.607808287934283,1.109208617530857,0.42674878625761414,-0.17118675287467916,-0.6831718095352289,-0.9302569217565865,-1.0488386409831443,-0.9979328888693534,-0.9803081655628979,-0.9743975256005682,-1.0719323521596285,-1.1294493042883007,-1.1122512286887354,-0.8983240371060606,-0.4716752917318381,0.14648799666190668,0.8355572156119979,1.4870734415675475,1.9172554506823667,2.0659535839655727,1.9000360023011669,1.497094482011082,0.9629929883211759,0.4331308191114188,-0.04923219820779459,-0.3926044059220883,-0.655435277907525,-0.770602647243893,-0.899623447468789,-0.9305506955833639,-1.0308719090200662,-1.056313127092855,-1.1502978304069886,-1.1585215782381375,-1.2108800636819876,-1.1118243355927702,-0.9332470580902662,-0.5686670481292264,-0.08333797058615566,0.5073824102723143,1.093501175924468,1.5822310660532957,1.8797222253843897,1.8989702573511802,1.6662110770702176,1.2320139364641434,0.6985090937120286,0.18955507844145023,-0.2515569874069723,-0.5318023061103068,-0.7204815751687497,-0.7780988545900825,-0.8760925636349335,-0.9391773938595477,-1.047042402478684,-1.040618511721491,-0.9340304292913467,-0.5731125025796091,-0.060638345208438034,0.6089313100986704,1.1957466726020536,1.6327463434440603,1.721882210679395,1.522617929866599,1.0336400873347311,0.46986882178923023,-0.1045359086649063,-0.490727674783094,-0.7509927558932961,-0.8111177555520469,-0.8402785232097362,-0.8097170309400172,-0.8846945850066857,-0.9732311708920237,-1.1557147278254427,-1.2631264316084914,-1.3149927925963205,-1.1614485362076872,-0.8169053248829614,-0.23887020214143748,0.4599262136280023,1.1606588840025478,1.6936378607958433,1.9536171081995564,1.8875442176382116,1.5499533291825653,1.069511058986818,0.5998172640067628,0.22281919169219175,-0.0331627551092365,-0.24639826195552592,-0.45748787111649586,-0.7739641154132714,-1.0855188451280438,-1.3136532623871815,-1.2546293329292613,-0.8680732049912315,-0.16158591494460622,0.6614175899145927,1.3927710850946073,1.757582382277065,1.700441499859061,1.212214796624609,0.5295219136102469,-0.18036532169407746,-0.6654277422890791,-0.9105997347835858,-0.8925642013177486,-0.7781646039157291,-0.6160548851413692,-0.5570949346515036,-0.5455779114688105,-0.6494271317534375,-0.7792226880420403,-0.9489491723037322,-1.0628851278088578,-1.1143019669058063,-0.9988433396102004,-0.6783240733988731,-0.13658886308165258,0.5540234015769049,1.2447324665438384,1.7634455504634017,2.0083067205202907,1.9131084182532636,1.5877950339901725,1.1071900388626124,0.6763884170180727,0.3069434231931951,0.06584359708591844,-0.18803329970956364,-0.4548465792466411,-0.8175946261124524,-1.128720813384805,-1.3226416837075294,-1.2370051964871842,-0.8846445404089184,-0.3411446825288974,0.24504611806774163,0.6793585759654163,0.8847790703591593,0.8311782101944251,0.6334650617160832,0.3987931207705406,0.2384991184116181,0.18256537680400034,0.14465229193940993,0.11159909545850283,-0.046042768587869425,-0.24279342634357903,-0.5536900316911819,-0.828741181844214,-1.0956410687474654,-1.2366267769719415,-1.2793718583032458,-1.1701945694240745,-0.916017648176851,-0.5031593142985333,0.04074584957651276,0.6151540190345596,1.1427998328162448,1.509169234770408,1.6386219500126116,1.5412444743942313,1.2428258911879353,0.8576307716734483,0.43067403977781293,0.11108552821942148,-0.1877556319823149,-0.35811121837396853,-0.5673824807052532,-0.7546166699255022,-0.9938270962697089,-1.198286658662878,-1.3462232876023392,-1.3028650546990501,-1.007358479494792,-0.4910999462651861,0.2251892153879707,0.9374311558018344,1.5525086183624643,1.882408811762007,1.863732514486934,1.5571156895737734,1.0558072044939832,0.5236011774716275,0.03962157344065766,-0.25890851400066256,-0.5061888271315909,-0.6141403114430061,-0.7378306134339746,-0.8258553413595869,-0.9674357853312974,-1.0481970681708974,-1.107136656828615,-1.0845764741153106,-1.0149475652084599,-0.8821344399830912,-0.6704508912262183,-0.37398182401510666,0.04418383378371282,0.5003842341783165,0.981351496492145,1.3307751899054028,1.474247802491617,1.3716326600756708,1.0282648030891102,0.4994644302615685,-0.07756205016791268,-0.6109962477591652,-0.9330204655676794,-1.0787286930277502,-0.9290430352725406,-0.5955727990813524,-0.054880394567016384,0.5467439818293984,1.0984398552438903,1.4632252793272083,1.5136003852803726,1.285110720010011,0.8120210331952592,0.24097342498984584,-0.3180792013285413,-0.6361913098433801,-0.7799047748554132,-0.7527489837058379,-0.6796412788649911,-0.7159778168067011,-0.8831270620180434,-1.0950663764765207,-1.277563764947774,-1.2147431968600337,-0.907854433286582,-0.2866899172964615,0.34400968598787296,0.9449629503132517,1.1834943957757877,1.1619632648130866,0.8623921604007279,0.5687541693676108,0.33602165035992904,0.1551992396722406,0.23685402325443883],""rppg_timestamps"":[1762588770.90264,1762588770.9315987,1762588770.963116,1762588770.997998,1762588771.0282404,1762588771.0622869,1762588771.0913496,1762588771.1246576,1762588771.1566064,1762588771.187347,1762588771.2377095,1762588771.2691453,1762588771.3039868,1762588771.3338187,1762588771.3644168,1762588771.398269,1762588771.434249,1762588771.46449,1762588771.4914079,1762588771.5264297,1762588771.5644572,1762588771.5931036,1762588771.6399117,1762588771.670175,1762588771.7005732,1762588771.7346685,1762588771.767356,1762588771.8016338,1762588771.8263927,1762588771.8634486,1762588771.9021142,1762588771.9351108,1762588771.9572713,1762588771.9912329,1762588772.038424,1762588772.0739338,1762588772.1013205,1762588772.135404,1762588772.1640413,1762588772.1958058,1762588772.2310636,1762588772.261044,1762588772.2938673,1762588772.3240743,1762588772.3571663,1762588772.3873756,1762588772.4366584,1762588772.4730704,1762588772.50175,1762588772.532186,1762588772.5644963,1762588772.5957813,1762588772.6270878,1762588772.6602213,1762588772.692633,1762588772.7226045,1762588772.7564783,1762588772.7899165,1762588772.8403976,1762588772.8707495,1762588772.9044654,1762588772.9414706,1762588772.9777327,1762588773.0117092,1762588773.0467682,1762588773.0666077,1762588773.0921314,1762588773.1233194,1762588773.1593983,1762588773.1889217,1762588773.241533,1762588773.280087,1762588773.3010025,1762588773.338281,1762588773.3641682,1762588773.3965814,1762588773.4275753,1762588773.4619715,1762588773.4943135,1762588773.5238419,1762588773.5591292,1762588773.5905817,1762588773.6439276,1762588773.681734,1762588773.7199006,1762588773.7536397,1762588773.7854288,1762588773.8178852,1762588773.8511856,1762588773.8756974,1762588773.8981292,1762588773.9266908,1762588773.9606516,1762588773.9916425,1762588774.0385907,1762588774.067277,1762588774.1019647,1762588774.1312675,1762588774.1648953,1762588774.1970346,1762588774.2293985,1762588774.2606277,1762588774.2964444,1762588774.3234835,1762588774.359171,1762588774.3903813,1762588774.440824,1762588774.4765606,1762588774.5089245,1762588774.5360856,1762588774.5651476,1762588774.5954168,1762588774.6270504,1762588774.6605332,1762588774.6910753,1762588774.7280447,1762588774.755516,1762588774.7878363,1762588774.8389711,1762588774.8743105,1762588774.9027543,1762588774.9373672,1762588774.9735742,1762588775.0063887,1762588775.0283396,1762588775.0593345,1762588775.0946355,1762588775.1241255,1762588775.1546466,1762588775.2040334,1762588775.237148,1762588775.2701917,1762588775.3039641,1762588775.3383536,1762588775.3666534,1762588775.397786,1762588775.426307,1762588775.4593556,1762588775.4910958,1762588775.5232482,1762588775.555714,1762588775.6081016,1762588775.646821,1762588775.6747112,1762588775.7035043,1762588775.7346509,1762588775.7671533,1762588775.7982373,1762588775.8287451,1762588775.8662882,1762588775.893601,1762588775.9248064,1762588775.955623,1762588776.0060813,1762588776.0381105,1762588776.069422,1762588776.099564,1762588776.131056,1762588776.1650934,1762588776.1998212,1762588776.2306032,1762588776.2587214,1762588776.2932448,1762588776.323672,1762588776.3544636,1762588776.4040687,1762588776.4356644,1762588776.467811,1762588776.4991415,1762588776.5316153,1762588776.5638947,1762588776.5972397,1762588776.6286392,1762588776.658576,1762588776.6918688,1762588776.7235773,1762588776.7552078,1762588776.8075202,1762588776.8348913,1762588776.868654,1762588776.9010687,1762588776.9320915,1762588776.9666665,1762588776.9971497,1762588777.0264604,1762588777.0584521,1762588777.090952,1762588777.123014,1762588777.1563914,1762588777.2036989,1762588777.238615,1762588777.2726533,1762588777.3030064,1762588777.3321693,1762588777.3641944,1762588777.4026933,1762588777.439965,1762588777.4620883,1762588777.4901075,1762588777.52392,1762588777.5546262,1762588777.6058953,1762588777.6365504,1762588777.6675503,1762588777.6999803,1762588777.732653,1762588777.7664192,1762588777.7946475,1762588777.8297954,1762588777.8623827,1762588777.8960805,1762588777.9347196,1762588777.9573894,1762588778.0028913,1762588778.0351198,1762588778.0690205,1762588778.1002035,1762588778.1338124,1762588778.1697178,1762588778.2065783,1762588778.2305465,1762588778.264576,1762588778.2994618,1762588778.327303,1762588778.358088,1762588778.4022307,1762588778.4365423,1762588778.467484,1762588778.5000823,1762588778.5318263,1762588778.5647578,1762588778.5982203,1762588778.626619,1762588778.6622772,1762588778.6965923,1762588778.7232206,1762588778.7569804,1762588778.8082726,1762588778.8356683,1762588778.8693395,1762588778.8986702,1762588778.9316146,1762588778.962926,1762588778.9996333,1762588779.0279727,1762588779.0593858,1762588779.09098,1762588779.1228023,1762588779.1574678,1762588779.2050931,1762588779.23649,1762588779.2686536,1762588779.3003576,1762588779.3338938,1762588779.365226,1762588779.3972006]}}'"
2025-11-08T11:42:43.749042,"b'{""advanced"":{""rppg"":[-0.21824229844014462,-0.5454415449271547,-0.8082400855973589,-1.0389426601924616,-1.107516590094082,-1.0327855702274853,-0.7601450605597722,-0.3244005932778757,0.2559875923301589,0.8741305276841641,1.4448672718393971,1.7993153751731332,1.8811683134561397,1.607808287934283,1.109208617530857,0.42674878625761414,-0.17118675287467916,-0.6831718095352289,-0.9302569217565865,-1.0488386409831443,-0.9979328888693534,-0.9803081655628979,-0.9743975256005682,-1.0719323521596285,-1.1294493042883007,-1.1122512286887354,-0.8983240371060606,-0.4716752917318381,0.14648799666190668,0.8355572156119979,1.4870734415675475,1.9172554506823667,2.0659535839655727,1.9000360023011669,1.497094482011082,0.9629929883211759,0.4331308191114188,-0.04923219820779459,-0.3926044059220883,-0.655435277907525,-0.770602647243893,-0.899623447468789,-0.9305506955833639,-1.0308719090200662,-1.056313127092855,-1.1502978304069886,-1.1585215782381375,-1.2108800636819876,-1.1118243355927702,-0.9332470580902662,-0.5686670481292264,-0.08333797058615566,0.5073824102723143,1.093501175924468,1.5822310660532957,1.8797222253843897,1.8989702573511802,1.6662110770702176,1.2320139364641434,0.6985090937120286,0.18955507844145023,-0.2515569874069723,-0.5318023061103068,-0.7204815751687497,-0.7780988545900825,-0.8760925636349335,-0.9391773938595477,-1.047042402478684,-1.040618511721491,-0.9340304292913467,-0.5731125025796091,-0.060638345208438034,0.6089313100986704,1.1957466726020536,1.6327463434440603,1.721882210679395,1.522617929866599,1.0336400873347311,0.46986882178923023,-0.1045359086649063,-0.490727674783094,-0.7509927558932961,-0.8111177555520469,-0.8402785232097362,-0.8097170309400172,-0.8846945850066857,-0.9732311708920237,-1.1557147278254427,-1.2631264316084914,-1.3149927925963205,-1.1614485362076872,-0.8169053248829614,-0.23887020214143748,0.4599262136280023,1.1606588840025478,1.6936378607958433,1.9536171081995564,1.8875442176382116,1.5499533291825653,1.069511058986818,0.5998172640067628,0.22281919169219175,-0.0331627551092365,-0.24639826195552592,-0.45748787111649586,-0.7739641154132714,-1.0855188451280438,-1.3136532623871815,-1.2546293329292613,-0.8680732049912315,-0.16158591494460622,0.6614175899145927,1.3927710850946073,1.757582382277065,1.700441499859061,1.212214796624609,0.5295219136102469,-0.18036532169407746,-0.6654277422890791,-0.9105997347835858,-0.8925642013177486,-0.7781646039157291,-0.6160548851413692,-0.5570949346515036,-0.5455779114688105,-0.6494271317534375,-0.7792226880420403,-0.9489491723037322,-1.0628851278088578,-1.1143019669058063,-0.9988433396102004,-0.6783240733988731,-0.13658886308165258,0.5540234015769049,1.2447324665438384,1.7634455504634017,2.0083067205202907,1.9131084182532636,1.5877950339901725,1.1071900388626124,0.6763884170180727,0.3069434231931951,0.06584359708591844,-0.18803329970956364,-0.4548465792466411,-0.8175946261124524,-1.128720813384805,-1.3226416837075294,-1.2370051964871842,-0.8846445404089184,-0.3411446825288974,0.24504611806774163,0.6793585759654163,0.8847790703591593,0.8311782101944251,0.6334650617160832,0.3987931207705406,0.2384991184116181,0.18256537680400034,0.14465229193940993,0.11159909545850283,-0.046042768587869425,-0.24279342634357903,-0.5536900316911819,-0.828741181844214,-1.0956410687474654,-1.2366267769719415,-1.2793718583032458,-1.1701945694240745,-0.916017648176851,-0.5031593142985333,0.04074584957651276,0.6151540190345596,1.1427998328162448,1.509169234770408,1.6386219500126116,1.5412444743942313,1.2428258911879353,0.8576307716734483,0.43067403977781293,0.11108552821942148,-0.1877556319823149,-0.35811121837396853,-0.5673824807052532,-0.7546166699255022,-0.9938270962697089,-1.198286658662878,-1.3462232876023392,-1.3028650546990501,-1.007358479494792,-0.4910999462651861,0.2251892153879707,0.9374311558018344,1.5525086183624643,1.882408811762007,1.863732514486934,1.5571156895737734,1.0558072044939832,0.5236011774716275,0.03962157344065766,-0.25890851400066256,-0.5061888271315909,-0.6141403114430061,-0.7378306134339746,-0.8258553413595869,-0.9674357853312974,-1.0481970681708974,-1.107136656828615,-1.0845764741153106,-1.0149475652084599,-0.8821344399830912,-0.6704508912262183,-0.37398182401510666,0.04418383378371282,0.5003842341783165,0.981351496492145,1.3307751899054028,1.474247802491617,1.3716326600756708,1.0282648030891102,0.4994644302615685,-0.07756205016791268,-0.6109962477591652,-0.9330204655676794,-1.0787286930277502,-0.9290430352725406,-0.5955727990813524,-0.054880394567016384,0.5467439818293984,1.0984398552438903,1.4632252793272083,1.5136003852803726,1.285110720010011,0.8120210331952592,0.24097342498984584,-0.3180792013285413,-0.6361913098433801,-0.7799047748554132,-0.7527489837058379,-0.6796412788649911,-0.7159778168067011,-0.8831270620180434,-1.0950663764765207,-1.277563764947774,-1.2147431968600337,-0.907854433286582,-0.2866899172964615,0.34400968598787296,0.9449629503132517,1.1834943957757877,1.1619632648130866,0.8623921604007279,0.5687541693676108,0.33602165035992904,0.1551992396722406,0.23685402325443883],""rppg_timestamps"":[1762588770.90264,1762588770.9315987,1762588770.963116,1762588770.997998,1762588771.0282404,1762588771.0622869,1762588771.0913496,1762588771.1246576,1762588771.1566064,1762588771.187347,1762588771.2377095,1762588771.2691453,1762588771.3039868,1762588771.3338187,1762588771.3644168,1762588771.398269,1762588771.434249,1762588771.46449,1762588771.4914079,1762588771.5264297,1762588771.5644572,1762588771.5931036,1762588771.6399117,1762588771.670175,1762588771.7005732,1762588771.7346685,1762588771.767356,1762588771.8016338,1762588771.8263927,1762588771.8634486,1762588771.9021142,1762588771.9351108,1762588771.9572713,1762588771.9912329,1762588772.038424,1762588772.0739338,1762588772.1013205,1762588772.135404,1762588772.1640413,1762588772.1958058,1762588772.2310636,1762588772.261044,1762588772.2938673,1762588772.3240743,1762588772.3571663,1762588772.3873756,1762588772.4366584,1762588772.4730704,1762588772.50175,1762588772.532186,1762588772.5644963,1762588772.5957813,1762588772.6270878,1762588772.6602213,1762588772.692633,1762588772.7226045,1762588772.7564783,1762588772.7899165,1762588772.8403976,1762588772.8707495,1762588772.9044654,1762588772.9414706,1762588772.9777327,1762588773.0117092,1762588773.0467682,1762588773.0666077,1762588773.0921314,1762588773.1233194,1762588773.1593983,1762588773.1889217,1762588773.241533,1762588773.280087,1762588773.3010025,1762588773.338281,1762588773.3641682,1762588773.3965814,1762588773.4275753,1762588773.4619715,1762588773.4943135,1762588773.5238419,1762588773.5591292,1762588773.5905817,1762588773.6439276,1762588773.681734,1762588773.7199006,1762588773.7536397,1762588773.7854288,1762588773.8178852,1762588773.8511856,1762588773.8756974,1762588773.8981292,1762588773.9266908,1762588773.9606516,1762588773.9916425,1762588774.0385907,1762588774.067277,1762588774.1019647,1762588774.1312675,1762588774.1648953,1762588774.1970346,1762588774.2293985,1762588774.2606277,1762588774.2964444,1762588774.3234835,1762588774.359171,1762588774.3903813,1762588774.440824,1762588774.4765606,1762588774.5089245,1762588774.5360856,1762588774.5651476,1762588774.5954168,1762588774.6270504,1762588774.6605332,1762588774.6910753,1762588774.7280447,1762588774.755516,1762588774.7878363,1762588774.8389711,1762588774.8743105,1762588774.9027543,1762588774.9373672,1762588774.9735742,1762588775.0063887,1762588775.0283396,1762588775.0593345,1762588775.0946355,1762588775.1241255,1762588775.1546466,1762588775.2040334,1762588775.237148,1762588775.2701917,1762588775.3039641,1762588775.3383536,1762588775.3666534,1762588775.397786,1762588775.426307,1762588775.4593556,1762588775.4910958,1762588775.5232482,1762588775.555714,1762588775.6081016,1762588775.646821,1762588775.6747112,1762588775.7035043,1762588775.7346509,1762588775.7671533,1762588775.7982373,1762588775.8287451,1762588775.8662882,1762588775.893601,1762588775.9248064,1762588775.955623,1762588776.0060813,1762588776.0381105,1762588776.069422,1762588776.099564,1762588776.131056,1762588776.1650934,1762588776.1998212,1762588776.2306032,1762588776.2587214,1762588776.2932448,1762588776.323672,1762588776.3544636,1762588776.4040687,1762588776.4356644,1762588776.467811,1762588776.4991415,1762588776.5316153,1762588776.5638947,1762588776.5972397,1762588776.6286392,1762588776.658576,1762588776.6918688,1762588776.7235773,1762588776.7552078,1762588776.8075202,1762588776.8348913,1762588776.868654,1762588776.9010687,1762588776.9320915,1762588776.9666665,1762588776.9971497,1762588777.0264604,1762588777.0584521,1762588777.090952,1762588777.123014,1762588777.1563914,1762588777.2036989,1762588777.238615,1762588777.2726533,1762588777.3030064,1762588777.3321693,1762588777.3641944,1762588777.4026933,1762588777.439965,1762588777.4620883,1762588777.4901075,1762588777.52392,1762588777.5546262,1762588777.6058953,1762588777.6365504,1762588777.6675503,1762588777.6999803,1762588777.732653,1762588777.7664192,1762588777.7946475,1762588777.8297954,1762588777.8623827,1762588777.8960805,1762588777.9347196,1762588777.9573894,1762588778.0028913,1762588778.0351198,1762588778.0690205,1762588778.1002035,1762588778.1338124,1762588778.1697178,1762588778.2065783,1762588778.2305465,1762588778.264576,1762588778.2994618,1762588778.327303,1762588778.358088,1762588778.4022307,1762588778.4365423,1762588778.467484,1762588778.5000823,1762588778.5318263,1762588778.5647578,1762588778.5982203,1762588778.626619,1762588778.6622772,1762588778.6965923,1762588778.7232206,1762588778.7569804,1762588778.8082726,1762588778.8356683,1762588778.8693395,1762588778.8986702,1762588778.9316146,1762588778.962926,1762588778.9996333,1762588779.0279727,1762588779.0593858,1762588779.09098,1762588779.1228023,1762588779.1574678,1762588779.2050931,1762588779.23649,1762588779.2686536,1762588779.3003576,1762588779.3338938,1762588779.365226,1762588779.3972006]}}'"
2025-11-08T11:42:44.730374,"b'{""advanced"":{""rppg"":[-0.21824229844014462,-0.5454415449271547,-0.8082400855973589,-1.0389426601924616,-1.107516590094082,-1.0327855702274853,-0.7601450605597722,-0.3244005932778757,0.2559875923301589,0.8741305276841641,1.4448672718393971,1.7993153751731332,1.8811683134561397,1.607808287934283,1.109208617530857,0.42674878625761414,-0.17118675287467916,-0.6831718095352289,-0.9302569217565865,-1.0488386409831443,-0.9979328888693534,-0.9803081655628979,-0.9743975256005682,-1.0719323521596285,-1.1294493042883007,-1.1122512286887354,-0.8983240371060606,-0.4716752917318381,0.14648799666190668,0.8355572156119979,1.4870734415675475,1.9172554506823667,2.0659535839655727,1.9000360023011669,1.497094482011082,0.9629929883211759,0.4331308191114188,-0.04923219820779459,-0.3926044059220883,-0.655435277907525,-0.770602647243893,-0.899623447468789,-0.9305506955833639,-1.0308719090200662,-1.056313127092855,-1.1502978304069886,-1.1585215782381375,-1.2108800636819876,-1.1118243355927702,-0.9332470580902662,-0.5686670481292264,-0.08333797058615566,0.5073824102723143,1.093501175924468,1.5822310660532957,1.8797222253843897,1.8989702573511802,1.6662110770702176,1.2320139364641434,0.6985090937120286,0.18955507844145023,-0.2515569874069723,-0.5318023061103068,-0.7204815751687497,-0.7780988545900825,-0.8760925636349335,-0.9391773938595477,-1.047042402478684,-1.040618511721491,-0.9340304292913467,-0.5731125025796091,-0.060638345208438034,0.6089313100986704,1.1957466726020536,1.6327463434440603,1.721882210679395,1.522617929866599,1.0336400873347311,0.46986882178923023,-0.1045359086649063,-0.490727674783094,-0.7509927558932961,-0.8111177555520469,-0.8402785232097362,-0.8097170309400172,-0.8846945850066857,-0.9732311708920237,-1.1557147278254427,-1.2631264316084914,-1.3149927925963205,-1.1614485362076872,-0.8169053248829614,-0.23887020214143748,0.4599262136280023,1.1606588840025478,1.6936378607958433,1.9536171081995564,1.8875442176382116,1.5499533291825653,1.069511058986818,0.5998172640067628,0.22281919169219175,-0.0331627551092365,-0.24639826195552592,-0.45748787111649586,-0.7739641154132714,-1.0855188451280438,-1.3136532623871815,-1.2546293329292613,-0.8680732049912315,-0.16158591494460622,0.6614175899145927,1.3927710850946073,1.757582382277065,1.700441499859061,1.212214796624609,0.5295219136102469,-0.18036532169407746,-0.6654277422890791,-0.9105997347835858,-0.8925642013177486,-0.7781646039157291,-0.6160548851413692,-0.5570949346515036,-0.5455779114688105,-0.6494271317534375,-0.7792226880420403,-0.9489491723037322,-1.0628851278088578,-1.1143019669058063,-0.9988433396102004,-0.6783240733988731,-0.13658886308165258,0.5540234015769049,1.2447324665438384,1.7634455504634017,2.0083067205202907,1.9131084182532636,1.5877950339901725,1.1071900388626124,0.6763884170180727,0.3069434231931951,0.06584359708591844,-0.18803329970956364,-0.4548465792466411,-0.8175946261124524,-1.128720813384805,-1.3226416837075294,-1.2370051964871842,-0.8846445404089184,-0.3411446825288974,0.24504611806774163,0.6793585759654163,0.8847790703591593,0.8311782101944251,0.6334650617160832,0.3987931207705406,0.2384991184116181,0.18256537680400034,0.14465229193940993,0.11159909545850283,-0.046042768587869425,-0.24279342634357903,-0.5536900316911819,-0.828741181844214,-1.0956410687474654,-1.2366267769719415,-1.2793718583032458,-1.1701945694240745,-0.916017648176851,-0.5031593142985333,0.04074584957651276,0.6151540190345596,1.1427998328162448,1.509169234770408,1.6386219500126116,1.5412444743942313,1.2428258911879353,0.8576307716734483,0.43067403977781293,0.11108552821942148,-0.1877556319823149,-0.35811121837396853,-0.5673824807052532,-0.7546166699255022,-0.9938270962697089,-1.198286658662878,-1.3462232876023392,-1.3028650546990501,-1.007358479494792,-0.4910999462651861,0.2251892153879707,0.9374311558018344,1.5525086183624643,1.882408811762007,1.863732514486934,1.5571156895737734,1.0558072044939832,0.5236011774716275,0.03962157344065766,-0.25890851400066256,-0.5061888271315909,-0.6141403114430061,-0.7378306134339746,-0.8258553413595869,-0.9674357853312974,-1.0481970681708974,-1.107136656828615,-1.0845764741153106,-1.0149475652084599,-0.8821344399830912,-0.6704508912262183,-0.37398182401510666,0.04418383378371282,0.5003842341783165,0.981351496492145,1.3307751899054028,1.474247802491617,1.3716326600756708,1.0282648030891102,0.4994644302615685,-0.07756205016791268,-0.6109962477591652,-0.9330204655676794,-1.0787286930277502,-0.9290430352725406,-0.5955727990813524,-0.054880394567016384,0.5467439818293984,1.0984398552438903,1.4632252793272083,1.5136003852803726,1.285110720010011,0.8120210331952592,0.24097342498984584,-0.3180792013285413,-0.6361913098433801,-0.7799047748554132,-0.7527489837058379,-0.6796412788649911,-0.7159778168067011,-0.8831270620180434,-1.0950663764765207,-1.277563764947774,-1.2147431968600337,-0.907854433286582,-0.2866899172964615,0.34400968598787296,0.9449629503132517,1.1834943957757877,1.1619632648130866,0.8623921604007279,0.5687541693676108,0.33602165035992904,0.1551992396722406,0.23685402325443883],""rppg_timestamps"":[1762588770.90264,1762588770.9315987,1762588770.963116,1762588770.997998,1762588771.0282404,1762588771.0622869,1762588771.0913496,1762588771.1246576,1762588771.1566064,1762588771.187347,1762588771.2377095,1762588771.2691453,1762588771.3039868,1762588771.3338187,1762588771.3644168,1762588771.398269,1762588771.434249,1762588771.46449,1762588771.4914079,1762588771.5264297,1762588771.5644572,1762588771.5931036,1762588771.6399117,1762588771.670175,1762588771.7005732,1762588771.7346685,1762588771.767356,1762588771.8016338,1762588771.8263927,1762588771.8634486,1762588771.9021142,1762588771.9351108,1762588771.9572713,1762588771.9912329,1762588772.038424,1762588772.0739338,1762588772.1013205,1762588772.135404,1762588772.1640413,1762588772.1958058,1762588772.2310636,1762588772.261044,1762588772.2938673,1762588772.3240743,1762588772.3571663,1762588772.3873756,1762588772.4366584,1762588772.4730704,1762588772.50175,1762588772.532186,1762588772.5644963,1762588772.5957813,1762588772.6270878,1762588772.6602213,1762588772.692633,1762588772.7226045,1762588772.7564783,1762588772.7899165,1762588772.8403976,1762588772.8707495,1762588772.9044654,1762588772.9414706,1762588772.9777327,1762588773.0117092,1762588773.0467682,1762588773.0666077,1762588773.0921314,1762588773.1233194,1762588773.1593983,1762588773.1889217,1762588773.241533,1762588773.280087,1762588773.3010025,1762588773.338281,1762588773.3641682,1762588773.3965814,1762588773.4275753,1762588773.4619715,1762588773.4943135,1762588773.5238419,1762588773.5591292,1762588773.5905817,1762588773.6439276,1762588773.681734,1762588773.7199006,1762588773.7536397,1762588773.7854288,1762588773.8178852,1762588773.8511856,1762588773.8756974,1762588773.8981292,1762588773.9266908,1762588773.9606516,1762588773.9916425,1762588774.0385907,1762588774.067277,1762588774.1019647,1762588774.1312675,1762588774.1648953,1762588774.1970346,1762588774.2293985,1762588774.2606277,1762588774.2964444,1762588774.3234835,1762588774.359171,1762588774.3903813,1762588774.440824,1762588774.4765606,1762588774.5089245,1762588774.5360856,1762588774.5651476,1762588774.5954168,1762588774.6270504,1762588774.6605332,1762588774.6910753,1762588774.7280447,1762588774.755516,1762588774.7878363,1762588774.8389711,1762588774.8743105,1762588774.9027543,1762588774.9373672,1762588774.9735742,1762588775.0063887,1762588775.0283396,1762588775.0593345,1762588775.0946355,1762588775.1241255,1762588775.1546466,1762588775.2040334,1762588775.237148,1762588775.2701917,1762588775.3039641,1762588775.3383536,1762588775.3666534,1762588775.397786,1762588775.426307,1762588775.4593556,1762588775.4910958,1762588775.5232482,1762588775.555714,1762588775.6081016,1762588775.646821,1762588775.6747112,1762588775.7035043,1762588775.7346509,1762588775.7671533,1762588775.7982373,1762588775.8287451,1762588775.8662882,1762588775.893601,1762588775.9248064,1762588775.955623,1762588776.0060813,1762588776.0381105,1762588776.069422,1762588776.099564,1762588776.131056,1762588776.1650934,1762588776.1998212,1762588776.2306032,1762588776.2587214,1762588776.2932448,1762588776.323672,1762588776.3544636,1762588776.4040687,1762588776.4356644,1762588776.467811,1762588776.4991415,1762588776.5316153,1762588776.5638947,1762588776.5972397,1762588776.6286392,1762588776.658576,1762588776.6918688,1762588776.7235773,1762588776.7552078,1762588776.8075202,1762588776.8348913,1762588776.868654,1762588776.9010687,1762588776.9320915,1762588776.9666665,1762588776.9971497,1762588777.0264604,1762588777.0584521,1762588777.090952,1762588777.123014,1762588777.1563914,1762588777.2036989,1762588777.238615,1762588777.2726533,1762588777.3030064,1762588777.3321693,1762588777.3641944,1762588777.4026933,1762588777.439965,1762588777.4620883,1762588777.4901075,1762588777.52392,1762588777.5546262,1762588777.6058953,1762588777.6365504,1762588777.6675503,1762588777.6999803,1762588777.732653,1762588777.7664192,1762588777.7946475,1762588777.8297954,1762588777.8623827,1762588777.8960805,1762588777.9347196,1762588777.9573894,1762588778.0028913,1762588778.0351198,1762588778.0690205,1762588778.1002035,1762588778.1338124,1762588778.1697178,1762588778.2065783,1762588778.2305465,1762588778.264576,1762588778.2994618,1762588778.327303,1762588778.358088,1762588778.4022307,1762588778.4365423,1762588778.467484,1762588778.5000823,1762588778.5318263,1762588778.5647578,1762588778.5982203,1762588778.626619,1762588778.6622772,1762588778.6965923,1762588778.7232206,1762588778.7569804,1762588778.8082726,1762588778.8356683,1762588778.8693395,1762588778.8986702,1762588778.9316146,1762588778.962926,1762588778.9996333,1762588779.0279727,1762588779.0593858,1762588779.09098,1762588779.1228023,1762588779.1574678,1762588779.2050931,1762588779.23649,1762588779.2686536,1762588779.3003576,1762588779.3338938,1762588779.365226,1762588779.3972006]}}'"
2025-11-08T11:42:45.730919,"b'{""advanced"":{""rppg"":[-0.21824229844014462,-0.5454415449271547,-0.8082400855973589,-1.0389426601924616,-1.107516590094082,-1.0327855702274853,-0.7601450605597722,-0.3244005932778757,0.2559875923301589,0.8741305276841641,1.4448672718393971,1.7993153751731332,1.8811683134561397,1.607808287934283,1.109208617530857,0.42674878625761414,-0.17118675287467916,-0.6831718095352289,-0.9302569217565865,-1.0488386409831443,-0.9979328888693534,-0.9803081655628979,-0.9743975256005682,-1.0719323521596285,-1.1294493042883007,-1.1122512286887354,-0.8983240371060606,-0.4716752917318381,0.14648799666190668,0.8355572156119979,1.4870734415675475,1.9172554506823667,2.0659535839655727,1.9000360023011669,1.497094482011082,0.9629929883211759,0.4331308191114188,-0.04923219820779459,-0.3926044059220883,-0.655435277907525,-0.770602647243893,-0.899623447468789,-0.9305506955833639,-1.0308719090200662,-1.056313127092855,-1.1502978304069886,-1.1585215782381375,-1.2108800636819876,-1.1118243355927702,-0.9332470580902662,-0.5686670481292264,-0.08333797058615566,0.5073824102723143,1.093501175924468,1.5822310660532957,1.8797222253843897,1.8989702573511802,1.6662110770702176,1.2320139364641434,0.6985090937120286,0.18955507844145023,-0.2515569874069723,-0.5318023061103068,-0.7204815751687497,-0.7780988545900825,-0.8760925636349335,-0.9391773938595477,-1.047042402478684,-1.040618511721491,-0.9340304292913467,-0.5731125025796091,-0.060638345208438034,0.6089313100986704,1.1957466726020536,1.6327463434440603,1.721882210679395,1.522617929866599,1.0336400873347311,0.46986882178923023,-0.1045359086649063,-0.490727674783094,-0.7509927558932961,-0.8111177555520469,-0.8402785232097362,-0.8097170309400172,-0.8846945850066857,-0.9732311708920237,-1.1557147278254427,-1.2631264316084914,-1.3149927925963205,-1.1614485362076872,-0.8169053248829614,-0.23887020214143748,0.4599262136280023,1.1606588840025478,1.6936378607958433,1.9536171081995564,1.8875442176382116,1.5499533291825653,1.069511058986818,0.5998172640067628,0.22281919169219175,-0.0331627551092365,-0.24639826195552592,-0.45748787111649586,-0.7739641154132714,-1.0855188451280438,-1.3136532623871815,-1.2546293329292613,-0.8680732049912315,-0.16158591494460622,0.6614175899145927,1.3927710850946073,1.757582382277065,1.700441499859061,1.212214796624609,0.5295219136102469,-0.18036532169407746,-0.6654277422890791,-0.9105997347835858,-0.8925642013177486,-0.7781646039157291,-0.6160548851413692,-0.5570949346515036,-0.5455779114688105,-0.6494271317534375,-0.7792226880420403,-0.9489491723037322,-1.0628851278088578,-1.1143019669058063,-0.9988433396102004,-0.6783240733988731,-0.13658886308165258,0.5540234015769049,1.2447324665438384,1.7634455504634017,2.0083067205202907,1.9131084182532636,1.5877950339901725,1.1071900388626124,0.6763884170180727,0.3069434231931951,0.06584359708591844,-0.18803329970956364,-0.4548465792466411,-0.8175946261124524,-1.128720813384805,-1.3226416837075294,-1.2370051964871842,-0.8846445404089184,-0.3411446825288974,0.24504611806774163,0.6793585759654163,0.8847790703591593,0.8311782101944251,0.6334650617160832,0.3987931207705406,0.2384991184116181,0.18256537680400034,0.14465229193940993,0.11159909545850283,-0.046042768587869425,-0.24279342634357903,-0.5536900316911819,-0.828741181844214,-1.0956410687474654,-1.2366267769719415,-1.2793718583032458,-1.1701945694240745,-0.916017648176851,-0.5031593142985333,0.04074584957651276,0.6151540190345596,1.1427998328162448,1.509169234770408,1.6386219500126116,1.5412444743942313,1.2428258911879353,0.8576307716734483,0.43067403977781293,0.11108552821942148,-0.1877556319823149,-0.35811121837396853,-0.5673824807052532,-0.7546166699255022,-0.9938270962697089,-1.198286658662878,-1.3462232876023392,-1.3028650546990501,-1.007358479494792,-0.4910999462651861,0.2251892153879707,0.9374311558018344,1.5525086183624643,1.882408811762007,1.863732514486934,1.5571156895737734,1.0558072044939832,0.5236011774716275,0.03962157344065766,-0.25890851400066256,-0.5061888271315909,-0.6141403114430061,-0.7378306134339746,-0.8258553413595869,-0.9674357853312974,-1.0481970681708974,-1.107136656828615,-1.0845764741153106,-1.0149475652084599,-0.8821344399830912,-0.6704508912262183,-0.37398182401510666,0.04418383378371282,0.5003842341783165,0.981351496492145,1.3307751899054028,1.474247802491617,1.3716326600756708,1.0282648030891102,0.4994644302615685,-0.07756205016791268,-0.6109962477591652,-0.9330204655676794,-1.0787286930277502,-0.9290430352725406,-0.5955727990813524,-0.054880394567016384,0.5467439818293984,1.0984398552438903,1.4632252793272083,1.5136003852803726,1.285110720010011,0.8120210331952592,0.24097342498984584,-0.3180792013285413,-0.6361913098433801,-0.7799047748554132,-0.7527489837058379,-0.6796412788649911,-0.7159778168067011,-0.8831270620180434,-1.0950663764765207,-1.277563764947774,-1.2147431968600337,-0.907854433286582,-0.2866899172964615,0.34400968598787296,0.9449629503132517,1.1834943957757877,1.1619632648130866,0.8623921604007279,0.5687541693676108,0.33602165035992904,0.1551992396722406,0.23685402325443883],""rppg_timestamps"":[1762588770.90264,1762588770.9315987,1762588770.963116,1762588770.997998,1762588771.0282404,1762588771.0622869,1762588771.0913496,1762588771.1246576,1762588771.1566064,1762588771.187347,1762588771.2377095,1762588771.2691453,1762588771.3039868,1762588771.3338187,1762588771.3644168,1762588771.398269,1762588771.434249,1762588771.46449,1762588771.4914079,1762588771.5264297,1762588771.5644572,1762588771.5931036,1762588771.6399117,1762588771.670175,1762588771.7005732,1762588771.7346685,1762588771.767356,1762588771.8016338,1762588771.8263927,1762588771.8634486,1762588771.9021142,1762588771.9351108,1762588771.9572713,1762588771.9912329,1762588772.038424,1762588772.0739338,1762588772.1013205,1762588772.135404,1762588772.1640413,1762588772.1958058,1762588772.2310636,1762588772.261044,1762588772.2938673,1762588772.3240743,1762588772.3571663,1762588772.3873756,1762588772.4366584,1762588772.4730704,1762588772.50175,1762588772.532186,1762588772.5644963,1762588772.5957813,1762588772.6270878,1762588772.6602213,1762588772.692633,1762588772.7226045,1762588772.7564783,1762588772.7899165,1762588772.8403976,1762588772.8707495,1762588772.9044654,1762588772.9414706,1762588772.9777327,1762588773.0117092,1762588773.0467682,1762588773.0666077,1762588773.0921314,1762588773.1233194,1762588773.1593983,1762588773.1889217,1762588773.241533,1762588773.280087,1762588773.3010025,1762588773.338281,1762588773.3641682,1762588773.3965814,1762588773.4275753,1762588773.4619715,1762588773.4943135,1762588773.5238419,1762588773.5591292,1762588773.5905817,1762588773.6439276,1762588773.681734,1762588773.7199006,1762588773.7536397,1762588773.7854288,1762588773.8178852,1762588773.8511856,1762588773.8756974,1762588773.8981292,1762588773.9266908,1762588773.9606516,1762588773.9916425,1762588774.0385907,1762588774.067277,1762588774.1019647,1762588774.1312675,1762588774.1648953,1762588774.1970346,1762588774.2293985,1762588774.2606277,1762588774.2964444,1762588774.3234835,1762588774.359171,1762588774.3903813,1762588774.440824,1762588774.4765606,1762588774.5089245,1762588774.5360856,1762588774.5651476,1762588774.5954168,1762588774.6270504,1762588774.6605332,1762588774.6910753,1762588774.7280447,1762588774.755516,1762588774.7878363,1762588774.8389711,1762588774.8743105,1762588774.9027543,1762588774.9373672,1762588774.9735742,1762588775.0063887,1762588775.0283396,1762588775.0593345,1762588775.0946355,1762588775.1241255,1762588775.1546466,1762588775.2040334,1762588775.237148,1762588775.2701917,1762588775.3039641,1762588775.3383536,1762588775.3666534,1762588775.397786,1762588775.426307,1762588775.4593556,1762588775.4910958,1762588775.5232482,1762588775.555714,1762588775.6081016,1762588775.646821,1762588775.6747112,1762588775.7035043,1762588775.7346509,1762588775.7671533,1762588775.7982373,1762588775.8287451,1762588775.8662882,1762588775.893601,1762588775.9248064,1762588775.955623,1762588776.0060813,1762588776.0381105,1762588776.069422,1762588776.099564,1762588776.131056,1762588776.1650934,1762588776.1998212,1762588776.2306032,1762588776.2587214,1762588776.2932448,1762588776.323672,1762588776.3544636,1762588776.4040687,1762588776.4356644,1762588776.467811,1762588776.4991415,1762588776.5316153,1762588776.5638947,1762588776.5972397,1762588776.6286392,1762588776.658576,1762588776.6918688,1762588776.7235773,1762588776.7552078,1762588776.8075202,1762588776.8348913,1762588776.868654,1762588776.9010687,1762588776.9320915,1762588776.9666665,1762588776.9971497,1762588777.0264604,1762588777.0584521,1762588777.090952,1762588777.123014,1762588777.1563914,1762588777.2036989,1762588777.238615,1762588777.2726533,1762588777.3030064,1762588777.3321693,1762588777.3641944,1762588777.4026933,1762588777.439965,1762588777.4620883,1762588777.4901075,1762588777.52392,1762588777.5546262,1762588777.6058953,1762588777.6365504,1762588777.6675503,1762588777.6999803,1762588777.732653,1762588777.7664192,1762588777.7946475,1762588777.8297954,1762588777.8623827,1762588777.8960805,1762588777.9347196,1762588777.9573894,1762588778.0028913,1762588778.0351198,1762588778.0690205,1762588778.1002035,1762588778.1338124,1762588778.1697178,1762588778.2065783,1762588778.2305465,1762588778.264576,1762588778.2994618,1762588778.327303,1762588778.358088,1762588778.4022307,1762588778.4365423,1762588778.467484,1762588778.5000823,1762588778.5318263,1762588778.5647578,1762588778.5982203,1762588778.626619,1762588778.6622772,1762588778.6965923,1762588778.7232206,1762588778.7569804,1762588778.8082726,1762588778.8356683,1762588778.8693395,1762588778.8986702,1762588778.9316146,1762588778.962926,1762588778.9996333,1762588779.0279727,1762588779.0593858,1762588779.09098,1762588779.1228023,1762588779.1574678,1762588779.2050931,1762588779.23649,1762588779.2686536,1762588779.3003576,1762588779.3338938,1762588779.365226,1762588779.3972006]}}'"
2025-11-08T11:42:46.743323,"b'{""advanced"":{""rppg"":[-0.21824229844014462,-0.5454415449271547,-0.8082400855973589,-1.0389426601924616,-1.107516590094082,-1.0327855702274853,-0.7601450605597722,-0.3244005932778757,0.2559875923301589,0.8741305276841641,1.4448672718393971,1.7993153751731332,1.8811683134561397,1.607808287934283,1.109208617530857,0.42674878625761414,-0.17118675287467916,-0.6831718095352289,-0.9302569217565865,-1.0488386409831443,-0.9979328888693534,-0.9803081655628979,-0.9743975256005682,-1.0719323521596285,-1.1294493042883007,-1.1122512286887354,-0.8983240371060606,-0.4716752917318381,0.14648799666190668,0.8355572156119979,1.4870734415675475,1.9172554506823667,2.0659535839655727,1.9000360023011669,1.497094482011082,0.9629929883211759,0.4331308191114188,-0.04923219820779459,-0.3926044059220883,-0.655435277907525,-0.770602647243893,-0.899623447468789,-0.9305506955833639,-1.0308719090200662,-1.056313127092855,-1.1502978304069886,-1.1585215782381375,-1.2108800636819876,-1.1118243355927702,-0.9332470580902662,-0.5686670481292264,-0.08333797058615566,0.5073824102723143,1.093501175924468,1.5822310660532957,1.8797222253843897,1.8989702573511802,1.6662110770702176,1.2320139364641434,0.6985090937120286,0.18955507844145023,-0.2515569874069723,-0.5318023061103068,-0.7204815751687497,-0.7780988545900825,-0.8760925636349335,-0.9391773938595477,-1.047042402478684,-1.040618511721491,-0.9340304292913467,-0.5731125025796091,-0.060638345208438034,0.6089313100986704,1.1957466726020536,1.6327463434440603,1.721882210679395,1.522617929866599,1.0336400873347311,0.46986882178923023,-0.1045359086649063,-0.490727674783094,-0.7509927558932961,-0.8111177555520469,-0.8402785232097362,-0.8097170309400172,-0.8846945850066857,-0.9732311708920237,-1.1557147278254427,-1.2631264316084914,-1.3149927925963205,-1.1614485362076872,-0.8169053248829614,-0.23887020214143748,0.4599262136280023,1.1606588840025478,1.6936378607958433,1.9536171081995564,1.8875442176382116,1.5499533291825653,1.069511058986818,0.5998172640067628,0.22281919169219175,-0.0331627551092365,-0.24639826195552592,-0.45748787111649586,-0.7739641154132714,-1.0855188451280438,-1.3136532623871815,-1.2546293329292613,-0.8680732049912315,-0.16158591494460622,0.6614175899145927,1.3927710850946073,1.757582382277065,1.700441499859061,1.212214796624609,0.5295219136102469,-0.18036532169407746,-0.6654277422890791,-0.9105997347835858,-0.8925642013177486,-0.7781646039157291,-0.6160548851413692,-0.5570949346515036,-0.5455779114688105,-0.6494271317534375,-0.7792226880420403,-0.9489491723037322,-1.0628851278088578,-1.1143019669058063,-0.9988433396102004,-0.6783240733988731,-0.13658886308165258,0.5540234015769049,1.2447324665438384,1.7634455504634017,2.0083067205202907,1.9131084182532636,1.5877950339901725,1.1071900388626124,0.6763884170180727,0.3069434231931951,0.06584359708591844,-0.18803329970956364,-0.4548465792466411,-0.8175946261124524,-1.128720813384805,-1.3226416837075294,-1.2370051964871842,-0.8846445404089184,-0.3411446825288974,0.24504611806774163,0.6793585759654163,0.8847790703591593,0.8311782101944251,0.6334650617160832,0.3987931207705406,0.2384991184116181,0.18256537680400034,0.14465229193940993,0.11159909545850283,-0.046042768587869425,-0.24279342634357903,-0.5536900316911819,-0.828741181844214,-1.0956410687474654,-1.2366267769719415,-1.2793718583032458,-1.1701945694240745,-0.916017648176851,-0.5031593142985333,0.04074584957651276,0.6151540190345596,1.1427998328162448,1.509169234770408,1.6386219500126116,1.5412444743942313,1.2428258911879353,0.8576307716734483,0.43067403977781293,0.11108552821942148,-0.1877556319823149,-0.35811121837396853,-0.5673824807052532,-0.7546166699255022,-0.9938270962697089,-1.198286658662878,-1.3462232876023392,-1.3028650546990501,-1.007358479494792,-0.4910999462651861,0.2251892153879707,0.9374311558018344,1.5525086183624643,1.882408811762007,1.863732514486934,1.5571156895737734,1.0558072044939832,0.5236011774716275,0.03962157344065766,-0.25890851400066256,-0.5061888271315909,-0.6141403114430061,-0.7378306134339746,-0.8258553413595869,-0.9674357853312974,-1.0481970681708974,-1.107136656828615,-1.0845764741153106,-1.0149475652084599,-0.8821344399830912,-0.6704508912262183,-0.37398182401510666,0.04418383378371282,0.5003842341783165,0.981351496492145,1.3307751899054028,1.474247802491617,1.3716326600756708,1.0282648030891102,0.4994644302615685,-0.07756205016791268,-0.6109962477591652,-0.9330204655676794,-1.0787286930277502,-0.9290430352725406,-0.5955727990813524,-0.054880394567016384,0.5467439818293984,1.0984398552438903,1.4632252793272083,1.5136003852803726,1.285110720010011,0.8120210331952592,0.24097342498984584,-0.3180792013285413,-0.6361913098433801,-0.7799047748554132,-0.7527489837058379,-0.6796412788649911,-0.7159778168067011,-0.8831270620180434,-1.0950663764765207,-1.277563764947774,-1.2147431968600337,-0.907854433286582,-0.2866899172964615,0.34400968598787296,0.9449629503132517,1.1834943957757877,1.1619632648130866,0.8623921604007279,0.5687541693676108,0.33602165035992904,0.1551992396722406,0.23685402325443883],""rppg_timestamps"":[1762588770.90264,1762588770.9315987,1762588770.963116,1762588770.997998,1762588771.0282404,1762588771.0622869,1762588771.0913496,1762588771.1246576,1762588771.1566064,1762588771.187347,1762588771.2377095,1762588771.2691453,1762588771.3039868,1762588771.3338187,1762588771.3644168,1762588771.398269,1762588771.434249,1762588771.46449,1762588771.4914079,1762588771.5264297,1762588771.5644572,1762588771.5931036,1762588771.6399117,1762588771.670175,1762588771.7005732,1762588771.7346685,1762588771.767356,1762588771.8016338,1762588771.8263927,1762588771.8634486,1762588771.9021142,1762588771.9351108,1762588771.9572713,1762588771.9912329,1762588772.038424,1762588772.0739338,1762588772.1013205,1762588772.135404,1762588772.1640413,1762588772.1958058,1762588772.2310636,1762588772.261044,1762588772.2938673,1762588772.3240743,1762588772.3571663,1762588772.3873756,1762588772.4366584,1762588772.4730704,1762588772.50175,1762588772.532186,1762588772.5644963,1762588772.5957813,1762588772.6270878,1762588772.6602213,1762588772.692633,1762588772.7226045,1762588772.7564783,1762588772.7899165,1762588772.8403976,1762588772.8707495,1762588772.9044654,1762588772.9414706,1762588772.9777327,1762588773.0117092,1762588773.0467682,1762588773.0666077,1762588773.0921314,1762588773.1233194,1762588773.1593983,1762588773.1889217,1762588773.241533,1762588773.280087,1762588773.3010025,1762588773.338281,1762588773.3641682,1762588773.3965814,1762588773.4275753,1762588773.4619715,1762588773.4943135,1762588773.5238419,1762588773.5591292,1762588773.5905817,1762588773.6439276,1762588773.681734,1762588773.7199006,1762588773.7536397,1762588773.7854288,1762588773.8178852,1762588773.8511856,1762588773.8756974,1762588773.8981292,1762588773.9266908,1762588773.9606516,1762588773.9916425,1762588774.0385907,1762588774.067277,1762588774.1019647,1762588774.1312675,1762588774.1648953,1762588774.1970346,1762588774.2293985,1762588774.2606277,1762588774.2964444,1762588774.3234835,1762588774.359171,1762588774.3903813,1762588774.440824,1762588774.4765606,1762588774.5089245,1762588774.5360856,1762588774.5651476,1762588774.5954168,1762588774.6270504,1762588774.6605332,1762588774.6910753,1762588774.7280447,1762588774.755516,1762588774.7878363,1762588774.8389711,1762588774.8743105,1762588774.9027543,1762588774.9373672,1762588774.9735742,1762588775.0063887,1762588775.0283396,1762588775.0593345,1762588775.0946355,1762588775.1241255,1762588775.1546466,1762588775.2040334,1762588775.237148,1762588775.2701917,1762588775.3039641,1762588775.3383536,1762588775.3666534,1762588775.397786,1762588775.426307,1762588775.4593556,1762588775.4910958,1762588775.5232482,1762588775.555714,1762588775.6081016,1762588775.646821,1762588775.6747112,1762588775.7035043,1762588775.7346509,1762588775.7671533,1762588775.7982373,1762588775.8287451,1762588775.8662882,1762588775.893601,1762588775.9248064,1762588775.955623,1762588776.0060813,1762588776.0381105,1762588776.069422,1762588776.099564,1762588776.131056,1762588776.1650934,1762588776.1998212,1762588776.2306032,1762588776.2587214,1762588776.2932448,1762588776.323672,1762588776.3544636,1762588776.4040687,1762588776.4356644,1762588776.467811,1762588776.4991415,1762588776.5316153,1762588776.5638947,1762588776.5972397,1762588776.6286392,1762588776.658576,1762588776.6918688,1762588776.7235773,1762588776.7552078,1762588776.8075202,1762588776.8348913,1762588776.868654,1762588776.9010687,1762588776.9320915,1762588776.9666665,1762588776.9971497,1762588777.0264604,1762588777.0584521,1762588777.090952,1762588777.123014,1762588777.1563914,1762588777.2036989,1762588777.238615,1762588777.2726533,1762588777.3030064,1762588777.3321693,1762588777.3641944,1762588777.4026933,1762588777.439965,1762588777.4620883,1762588777.4901075,1762588777.52392,1762588777.5546262,1762588777.6058953,1762588777.6365504,1762588777.6675503,1762588777.6999803,1762588777.732653,1762588777.7664192,1762588777.7946475,1762588777.8297954,1762588777.8623827,1762588777.8960805,1762588777.9347196,1762588777.9573894,1762588778.0028913,1762588778.0351198,1762588778.0690205,1762588778.1002035,1762588778.1338124,1762588778.1697178,1762588778.2065783,1762588778.2305465,1762588778.264576,1762588778.2994618,1762588778.327303,1762588778.358088,1762588778.4022307,1762588778.4365423,1762588778.467484,1762588778.5000823,1762588778.5318263,1762588778.5647578,1762588778.5982203,1762588778.626619,1762588778.6622772,1762588778.6965923,1762588778.7232206,1762588778.7569804,1762588778.8082726,1762588778.8356683,1762588778.8693395,1762588778.8986702,1762588778.9316146,1762588778.962926,1762588778.9996333,1762588779.0279727,1762588779.0593858,1762588779.09098,1762588779.1228023,1762588779.1574678,1762588779.2050931,1762588779.23649,1762588779.2686536,1762588779.3003576,1762588779.3338938,1762588779.365226,1762588779.3972006]}}'"
2025-11-08T11:42:47.725058,"b'{""advanced"":{""rppg"":[-0.21824229844014462,-0.5454415449271547,-0.8082400855973589,-1.0389426601924616,-1.107516590094082,-1.0327855702274853,-0.7601450605597722,-0.3244005932778757,0.2559875923301589,0.8741305276841641,1.4448672718393971,1.7993153751731332,1.8811683134561397,1.607808287934283,1.109208617530857,0.42674878625761414,-0.17118675287467916,-0.6831718095352289,-0.9302569217565865,-1.0488386409831443,-0.9979328888693534,-0.9803081655628979,-0.9743975256005682,-1.0719323521596285,-1.1294493042883007,-1.1122512286887354,-0.8983240371060606,-0.4716752917318381,0.14648799666190668,0.8355572156119979,1.4870734415675475,1.9172554506823667,2.0659535839655727,1.9000360023011669,1.497094482011082,0.9629929883211759,0.4331308191114188,-0.04923219820779459,-0.3926044059220883,-0.655435277907525,-0.770602647243893,-0.899623447468789,-0.9305506955833639,-1.0308719090200662,-1.056313127092855,-1.1502978304069886,-1.1585215782381375,-1.2108800636819876,-1.1118243355927702,-0.9332470580902662,-0.5686670481292264,-0.08333797058615566,0.5073824102723143,1.093501175924468,1.5822310660532957,1.8797222253843897,1.8989702573511802,1.6662110770702176,1.2320139364641434,0.6985090937120286,0.18955507844145023,-0.2515569874069723,-0.5318023061103068,-0.7204815751687497,-0.7780988545900825,-0.8760925636349335,-0.9391773938595477,-1.047042402478684,-1.040618511721491,-0.9340304292913467,-0.5731125025796091,-0.060638345208438034,0.6089313100986704,1.1957466726020536,1.6327463434440603,1.721882210679395,1.522617929866599,1.0336400873347311,0.46986882178923023,-0.1045359086649063,-0.490727674783094,-0.7509927558932961,-0.8111177555520469,-0.8402785232097362,-0.8097170309400172,-0.8846945850066857,-0.9732311708920237,-1.1557147278254427,-1.2631264316084914,-1.3149927925963205,-1.1614485362076872,-0.8169053248829614,-0.23887020214143748,0.4599262136280023,1.1606588840025478,1.6936378607958433,1.9536171081995564,1.8875442176382116,1.5499533291825653,1.069511058986818,0.5998172640067628,0.22281919169219175,-0.0331627551092365,-0.24639826195552592,-0.45748787111649586,-0.7739641154132714,-1.0855188451280438,-1.3136532623871815,-1.2546293329292613,-0.8680732049912315,-0.16158591494460622,0.6614175899145927,1.3927710850946073,1.757582382277065,1.700441499859061,1.212214796624609,0.5295219136102469,-0.18036532169407746,-0.6654277422890791,-0.9105997347835858,-0.8925642013177486,-0.7781646039157291,-0.6160548851413692,-0.5570949346515036,-0.5455779114688105,-0.6494271317534375,-0.7792226880420403,-0.9489491723037322,-1.0628851278088578,-1.1143019669058063,-0.9988433396102004,-0.6783240733988731,-0.13658886308165258,0.5540234015769049,1.2447324665438384,1.7634455504634017,2.0083067205202907,1.9131084182532636,1.5877950339901725,1.1071900388626124,0.6763884170180727,0.3069434231931951,0.06584359708591844,-0.18803329970956364,-0.4548465792466411,-0.8175946261124524,-1.128720813384805,-1.3226416837075294,-1.2370051964871842,-0.8846445404089184,-0.3411446825288974,0.24504611806774163,0.6793585759654163,0.8847790703591593,0.8311782101944251,0.6334650617160832,0.3987931207705406,0.2384991184116181,0.18256537680400034,0.14465229193940993,0.11159909545850283,-0.046042768587869425,-0.24279342634357903,-0.5536900316911819,-0.828741181844214,-1.0956410687474654,-1.2366267769719415,-1.2793718583032458,-1.1701945694240745,-0.916017648176851,-0.5031593142985333,0.04074584957651276,0.6151540190345596,1.1427998328162448,1.509169234770408,1.6386219500126116,1.5412444743942313,1.2428258911879353,0.8576307716734483,0.43067403977781293,0.11108552821942148,-0.1877556319823149,-0.35811121837396853,-0.5673824807052532,-0.7546166699255022,-0.9938270962697089,-1.198286658662878,-1.3462232876023392,-1.3028650546990501,-1.007358479494792,-0.4910999462651861,0.2251892153879707,0.9374311558018344,1.5525086183624643,1.882408811762007,1.863732514486934,1.5571156895737734,1.0558072044939832,0.5236011774716275,0.03962157344065766,-0.25890851400066256,-0.5061888271315909,-0.6141403114430061,-0.7378306134339746,-0.8258553413595869,-0.9674357853312974,-1.0481970681708974,-1.107136656828615,-1.0845764741153106,-1.0149475652084599,-0.8821344399830912,-0.6704508912262183,-0.37398182401510666,0.04418383378371282,0.5003842341783165,0.981351496492145,1.3307751899054028,1.474247802491617,1.3716326600756708,1.0282648030891102,0.4994644302615685,-0.07756205016791268,-0.6109962477591652,-0.9330204655676794,-1.0787286930277502,-0.9290430352725406,-0.5955727990813524,-0.054880394567016384,0.5467439818293984,1.0984398552438903,1.4632252793272083,1.5136003852803726,1.285110720010011,0.8120210331952592,0.24097342498984584,-0.3180792013285413,-0.6361913098433801,-0.7799047748554132,-0.7527489837058379,-0.6796412788649911,-0.7159778168067011,-0.8831270620180434,-1.0950663764765207,-1.277563764947774,-1.2147431968600337,-0.907854433286582,-0.2866899172964615,0.34400968598787296,0.9449629503132517,1.1834943957757877,1.1619632648130866,0.8623921604007279,0.5687541693676108,0.33602165035992904,0.1551992396722406,0.23685402325443883],""rppg_timestamps"":[1762588770.90264,1762588770.9315987,1762588770.963116,1762588770.997998,1762588771.0282404,1762588771.0622869,1762588771.0913496,1762588771.1246576,1762588771.1566064,1762588771.187347,1762588771.2377095,1762588771.2691453,1762588771.3039868,1762588771.3338187,1762588771.3644168,1762588771.398269,1762588771.434249,1762588771.46449,1762588771.4914079,1762588771.5264297,1762588771.5644572,1762588771.5931036,1762588771.6399117,1762588771.670175,1762588771.7005732,1762588771.7346685,1762588771.767356,1762588771.8016338,1762588771.8263927,1762588771.8634486,1762588771.9021142,1762588771.9351108,1762588771.9572713,1762588771.9912329,1762588772.038424,1762588772.0739338,1762588772.1013205,1762588772.135404,1762588772.1640413,1762588772.1958058,1762588772.2310636,1762588772.261044,1762588772.2938673,1762588772.3240743,1762588772.3571663,1762588772.3873756,1762588772.4366584,1762588772.4730704,1762588772.50175,1762588772.532186,1762588772.5644963,1762588772.5957813,1762588772.6270878,1762588772.6602213,1762588772.692633,1762588772.7226045,1762588772.7564783,1762588772.7899165,1762588772.8403976,1762588772.8707495,1762588772.9044654,1762588772.9414706,1762588772.9777327,1762588773.0117092,1762588773.0467682,1762588773.0666077,1762588773.0921314,1762588773.1233194,1762588773.1593983,1762588773.1889217,1762588773.241533,1762588773.280087,1762588773.3010025,1762588773.338281,1762588773.3641682,1762588773.3965814,1762588773.4275753,1762588773.4619715,1762588773.4943135,1762588773.5238419,1762588773.5591292,1762588773.5905817,1762588773.6439276,1762588773.681734,1762588773.7199006,1762588773.7536397,1762588773.7854288,1762588773.8178852,1762588773.8511856,1762588773.8756974,1762588773.8981292,1762588773.9266908,1762588773.9606516,1762588773.9916425,1762588774.0385907,1762588774.067277,1762588774.1019647,1762588774.1312675,1762588774.1648953,1762588774.1970346,1762588774.2293985,1762588774.2606277,1762588774.2964444,1762588774.3234835,1762588774.359171,1762588774.3903813,1762588774.440824,1762588774.4765606,1762588774.5089245,1762588774.5360856,1762588774.5651476,1762588774.5954168,1762588774.6270504,1762588774.6605332,1762588774.6910753,1762588774.7280447,1762588774.755516,1762588774.7878363,1762588774.8389711,1762588774.8743105,1762588774.9027543,1762588774.9373672,1762588774.9735742,1762588775.0063887,1762588775.0283396,1762588775.0593345,1762588775.0946355,1762588775.1241255,1762588775.1546466,1762588775.2040334,1762588775.237148,1762588775.2701917,1762588775.3039641,1762588775.3383536,1762588775.3666534,1762588775.397786,1762588775.426307,1762588775.4593556,1762588775.4910958,1762588775.5232482,1762588775.555714,1762588775.6081016,1762588775.646821,1762588775.6747112,1762588775.7035043,1762588775.7346509,1762588775.7671533,1762588775.7982373,1762588775.8287451,1762588775.8662882,1762588775.893601,1762588775.9248064,1762588775.955623,1762588776.0060813,1762588776.0381105,1762588776.069422,1762588776.099564,1762588776.131056,1762588776.1650934,1762588776.1998212,1762588776.2306032,1762588776.2587214,1762588776.2932448,1762588776.323672,1762588776.3544636,1762588776.4040687,1762588776.4356644,1762588776.467811,1762588776.4991415,1762588776.5316153,1762588776.5638947,1762588776.5972397,1762588776.6286392,1762588776.658576,1762588776.6918688,1762588776.7235773,1762588776.7552078,1762588776.8075202,1762588776.8348913,1762588776.868654,1762588776.9010687,1762588776.9320915,1762588776.9666665,1762588776.9971497,1762588777.0264604,1762588777.0584521,1762588777.090952,1762588777.123014,1762588777.1563914,1762588777.2036989,1762588777.238615,1762588777.2726533,1762588777.3030064,1762588777.3321693,1762588777.3641944,1762588777.4026933,1762588777.439965,1762588777.4620883,1762588777.4901075,1762588777.52392,1762588777.5546262,1762588777.6058953,1762588777.6365504,1762588777.6675503,1762588777.6999803,1762588777.732653,1762588777.7664192,1762588777.7946475,1762588777.8297954,1762588777.8623827,1762588777.8960805,1762588777.9347196,1762588777.9573894,1762588778.0028913,1762588778.0351198,1762588778.0690205,1762588778.1002035,1762588778.1338124,1762588778.1697178,1762588778.2065783,1762588778.2305465,1762588778.264576,1762588778.2994618,1762588778.327303,1762588778.358088,1762588778.4022307,1762588778.4365423,1762588778.467484,1762588778.5000823,1762588778.5318263,1762588778.5647578,1762588778.5982203,1762588778.626619,1762588778.6622772,1762588778.6965923,1762588778.7232206,1762588778.7569804,1762588778.8082726,1762588778.8356683,1762588778.8693395,1762588778.8986702,1762588778.9316146,1762588778.962926,1762588778.9996333,1762588779.0279727,1762588779.0593858,1762588779.09098,1762588779.1228023,1762588779.1574678,1762588779.2050931,1762588779.23649,1762588779.2686536,1762588779.3003576,1762588779.3338938,1762588779.365226,1762588779.3972006]}}'"
2025-11-08T11:42:48.760863,"b'{""advanced"":{""rppg"":[-0.21824229844014462,-0.5454415449271547,-0.8082400855973589,-1.0389426601924616,-1.107516590094082,-1.0327855702274853,-0.7601450605597722,-0.3244005932778757,0.2559875923301589,0.8741305276841641,1.4448672718393971,1.7993153751731332,1.8811683134561397,1.607808287934283,1.109208617530857,0.42674878625761414,-0.17118675287467916,-0.6831718095352289,-0.9302569217565865,-1.0488386409831443,-0.9979328888693534,-0.9803081655628979,-0.9743975256005682,-1.0719323521596285,-1.1294493042883007,-1.1122512286887354,-0.8983240371060606,-0.4716752917318381,0.14648799666190668,0.8355572156119979,1.4870734415675475,1.9172554506823667,2.0659535839655727,1.9000360023011669,1.497094482011082,0.9629929883211759,0.4331308191114188,-0.04923219820779459,-0.3926044059220883,-0.655435277907525,-0.770602647243893,-0.899623447468789,-0.9305506955833639,-1.0308719090200662,-1.056313127092855,-1.1502978304069886,-1.1585215782381375,-1.2108800636819876,-1.1118243355927702,-0.9332470580902662,-0.5686670481292264,-0.08333797058615566,0.5073824102723143,1.093501175924468,1.5822310660532957,1.8797222253843897,1.8989702573511802,1.6662110770702176,1.2320139364641434,0.6985090937120286,0.18955507844145023,-0.2515569874069723,-0.5318023061103068,-0.7204815751687497,-0.7780988545900825,-0.8760925636349335,-0.9391773938595477,-1.047042402478684,-1.040618511721491,-0.9340304292913467,-0.5731125025796091,-0.060638345208438034,0.6089313100986704,1.1957466726020536,1.6327463434440603,1.721882210679395,1.522617929866599,1.0336400873347311,0.46986882178923023,-0.1045359086649063,-0.490727674783094,-0.7509927558932961,-0.8111177555520469,-0.8402785232097362,-0.8097170309400172,-0.8846945850066857,-0.9732311708920237,-1.1557147278254427,-1.2631264316084914,-1.3149927925963205,-1.1614485362076872,-0.8169053248829614,-0.23887020214143748,0.4599262136280023,1.1606588840025478,1.6936378607958433,1.9536171081995564,1.8875442176382116,1.5499533291825653,1.069511058986818,0.5998172640067628,0.22281919169219175,-0.0331627551092365,-0.24639826195552592,-0.45748787111649586,-0.7739641154132714,-1.0855188451280438,-1.3136532623871815,-1.2546293329292613,-0.8680732049912315,-0.16158591494460622,0.6614175899145927,1.3927710850946073,1.757582382277065,1.700441499859061,1.212214796624609,0.5295219136102469,-0.18036532169407746,-0.6654277422890791,-0.9105997347835858,-0.8925642013177486,-0.7781646039157291,-0.6160548851413692,-0.5570949346515036,-0.5455779114688105,-0.6494271317534375,-0.7792226880420403,-0.9489491723037322,-1.0628851278088578,-1.1143019669058063,-0.9988433396102004,-0.6783240733988731,-0.13658886308165258,0.5540234015769049,1.2447324665438384,1.7634455504634017,2.0083067205202907,1.9131084182532636,1.5877950339901725,1.1071900388626124,0.6763884170180727,0.3069434231931951,0.06584359708591844,-0.18803329970956364,-0.4548465792466411,-0.8175946261124524,-1.128720813384805,-1.3226416837075294,-1.2370051964871842,-0.8846445404089184,-0.3411446825288974,0.24504611806774163,0.6793585759654163,0.8847790703591593,0.8311782101944251,0.6334650617160832,0.3987931207705406,0.2384991184116181,0.18256537680400034,0.14465229193940993,0.11159909545850283,-0.046042768587869425,-0.24279342634357903,-0.5536900316911819,-0.828741181844214,-1.0956410687474654,-1.2366267769719415,-1.2793718583032458,-1.1701945694240745,-0.916017648176851,-0.5031593142985333,0.04074584957651276,0.6151540190345596,1.1427998328162448,1.509169234770408,1.6386219500126116,1.5412444743942313,1.2428258911879353,0.8576307716734483,0.43067403977781293,0.11108552821942148,-0.1877556319823149,-0.35811121837396853,-0.5673824807052532,-0.7546166699255022,-0.9938270962697089,-1.198286658662878,-1.3462232876023392,-1.3028650546990501,-1.007358479494792,-0.4910999462651861,0.2251892153879707,0.9374311558018344,1.5525086183624643,1.882408811762007,1.863732514486934,1.5571156895737734,1.0558072044939832,0.5236011774716275,0.03962157344065766,-0.25890851400066256,-0.5061888271315909,-0.6141403114430061,-0.7378306134339746,-0.8258553413595869,-0.9674357853312974,-1.0481970681708974,-1.107136656828615,-1.0845764741153106,-1.0149475652084599,-0.8821344399830912,-0.6704508912262183,-0.37398182401510666,0.04418383378371282,0.5003842341783165,0.981351496492145,1.3307751899054028,1.474247802491617,1.3716326600756708,1.0282648030891102,0.4994644302615685,-0.07756205016791268,-0.6109962477591652,-0.9330204655676794,-1.0787286930277502,-0.9290430352725406,-0.5955727990813524,-0.054880394567016384,0.5467439818293984,1.0984398552438903,1.4632252793272083,1.5136003852803726,1.285110720010011,0.8120210331952592,0.24097342498984584,-0.3180792013285413,-0.6361913098433801,-0.7799047748554132,-0.7527489837058379,-0.6796412788649911,-0.7159778168067011,-0.8831270620180434,-1.0950663764765207,-1.277563764947774,-1.2147431968600337,-0.907854433286582,-0.2866899172964615,0.34400968598787296,0.9449629503132517,1.1834943957757877,1.1619632648130866,0.8623921604007279,0.5687541693676108,0.33602165035992904,0.1551992396722406,0.23685402325443883],""rppg_timestamps"":[1762588770.90264,1762588770.9315987,1762588770.963116,1762588770.997998,1762588771.0282404,1762588771.0622869,1762588771.0913496,1762588771.1246576,1762588771.1566064,1762588771.187347,1762588771.2377095,1762588771.2691453,1762588771.3039868,1762588771.3338187,1762588771.3644168,1762588771.398269,1762588771.434249,1762588771.46449,1762588771.4914079,1762588771.5264297,1762588771.5644572,1762588771.5931036,1762588771.6399117,1762588771.670175,1762588771.7005732,1762588771.7346685,1762588771.767356,1762588771.8016338,1762588771.8263927,1762588771.8634486,1762588771.9021142,1762588771.9351108,1762588771.9572713,1762588771.9912329,1762588772.038424,1762588772.0739338,1762588772.1013205,1762588772.135404,1762588772.1640413,1762588772.1958058,1762588772.2310636,1762588772.261044,1762588772.2938673,1762588772.3240743,1762588772.3571663,1762588772.3873756,1762588772.4366584,1762588772.4730704,1762588772.50175,1762588772.532186,1762588772.5644963,1762588772.5957813,1762588772.6270878,1762588772.6602213,1762588772.692633,1762588772.7226045,1762588772.7564783,1762588772.7899165,1762588772.8403976,1762588772.8707495,1762588772.9044654,1762588772.9414706,1762588772.9777327,1762588773.0117092,1762588773.0467682,1762588773.0666077,1762588773.0921314,1762588773.1233194,1762588773.1593983,1762588773.1889217,1762588773.241533,1762588773.280087,1762588773.3010025,1762588773.338281,1762588773.3641682,1762588773.3965814,1762588773.4275753,1762588773.4619715,1762588773.4943135,1762588773.5238419,1762588773.5591292,1762588773.5905817,1762588773.6439276,1762588773.681734,1762588773.7199006,1762588773.7536397,1762588773.7854288,1762588773.8178852,1762588773.8511856,1762588773.8756974,1762588773.8981292,1762588773.9266908,1762588773.9606516,1762588773.9916425,1762588774.0385907,1762588774.067277,1762588774.1019647,1762588774.1312675,1762588774.1648953,1762588774.1970346,1762588774.2293985,1762588774.2606277,1762588774.2964444,1762588774.3234835,1762588774.359171,1762588774.3903813,1762588774.440824,1762588774.4765606,1762588774.5089245,1762588774.5360856,1762588774.5651476,1762588774.5954168,1762588774.6270504,1762588774.6605332,1762588774.6910753,1762588774.7280447,1762588774.755516,1762588774.7878363,1762588774.8389711,1762588774.8743105,1762588774.9027543,1762588774.9373672,1762588774.9735742,1762588775.0063887,1762588775.0283396,1762588775.0593345,1762588775.0946355,1762588775.1241255,1762588775.1546466,1762588775.2040334,1762588775.237148,1762588775.2701917,1762588775.3039641,1762588775.3383536,1762588775.3666534,1762588775.397786,1762588775.426307,1762588775.4593556,1762588775.4910958,1762588775.5232482,1762588775.555714,1762588775.6081016,1762588775.646821,1762588775.6747112,1762588775.7035043,1762588775.7346509,1762588775.7671533,1762588775.7982373,1762588775.8287451,1762588775.8662882,1762588775.893601,1762588775.9248064,1762588775.955623,1762588776.0060813,1762588776.0381105,1762588776.069422,1762588776.099564,1762588776.131056,1762588776.1650934,1762588776.1998212,1762588776.2306032,1762588776.2587214,1762588776.2932448,1762588776.323672,1762588776.3544636,1762588776.4040687,1762588776.4356644,1762588776.467811,1762588776.4991415,1762588776.5316153,1762588776.5638947,1762588776.5972397,1762588776.6286392,1762588776.658576,1762588776.6918688,1762588776.7235773,1762588776.7552078,1762588776.8075202,1762588776.8348913,1762588776.868654,1762588776.9010687,1762588776.9320915,1762588776.9666665,1762588776.9971497,1762588777.0264604,1762588777.0584521,1762588777.090952,1762588777.123014,1762588777.1563914,1762588777.2036989,1762588777.238615,1762588777.2726533,1762588777.3030064,1762588777.3321693,1762588777.3641944,1762588777.4026933,1762588777.439965,1762588777.4620883,1762588777.4901075,1762588777.52392,1762588777.5546262,1762588777.6058953,1762588777.6365504,1762588777.6675503,1762588777.6999803,1762588777.732653,1762588777.7664192,1762588777.7946475,1762588777.8297954,1762588777.8623827,1762588777.8960805,1762588777.9347196,1762588777.9573894,1762588778.0028913,1762588778.0351198,1762588778.0690205,1762588778.1002035,1762588778.1338124,1762588778.1697178,1762588778.2065783,1762588778.2305465,1762588778.264576,1762588778.2994618,1762588778.327303,1762588778.358088,1762588778.4022307,1762588778.4365423,1762588778.467484,1762588778.5000823,1762588778.5318263,1762588778.5647578,1762588778.5982203,1762588778.626619,1762588778.6622772,1762588778.6965923,1762588778.7232206,1762588778.7569804,1762588778.8082726,1762588778.8356683,1762588778.8693395,1762588778.8986702,1762588778.9316146,1762588778.962926,1762588778.9996333,1762588779.0279727,1762588779.0593858,1762588779.09098,1762588779.1228023,1762588779.1574678,1762588779.2050931,1762588779.23649,1762588779.2686536,1762588779.3003576,1762588779.3338938,1762588779.365226,1762588779.3972006]}}'"
2025-11-08T11:42:49.736368,"b'{""advanced"":{""rppg"":[-0.21824229844014462,-0.5454415449271547,-0.8082400855973589,-1.0389426601924616,-1.107516590094082,-1.0327855702274853,-0.7601450605597722,-0.3244005932778757,0.2559875923301589,0.8741305276841641,1.4448672718393971,1.7993153751731332,1.8811683134561397,1.607808287934283,1.109208617530857,0.42674878625761414,-0.17118675287467916,-0.6831718095352289,-0.9302569217565865,-1.0488386409831443,-0.9979328888693534,-0.9803081655628979,-0.9743975256005682,-1.0719323521596285,-1.1294493042883007,-1.1122512286887354,-0.8983240371060606,-0.4716752917318381,0.14648799666190668,0.8355572156119979,1.4870734415675475,1.9172554506823667,2.0659535839655727,1.9000360023011669,1.497094482011082,0.9629929883211759,0.4331308191114188,-0.04923219820779459,-0.3926044059220883,-0.655435277907525,-0.770602647243893,-0.899623447468789,-0.9305506955833639,-1.0308719090200662,-1.056313127092855,-1.1502978304069886,-1.1585215782381375,-1.2108800636819876,-1.1118243355927702,-0.9332470580902662,-0.5686670481292264,-0.08333797058615566,0.5073824102723143,1.093501175924468,1.5822310660532957,1.8797222253843897,1.8989702573511802,1.6662110770702176,1.2320139364641434,0.6985090937120286,0.18955507844145023,-0.2515569874069723,-0.5318023061103068,-0.7204815751687497,-0.7780988545900825,-0.8760925636349335,-0.9391773938595477,-1.047042402478684,-1.040618511721491,-0.9340304292913467,-0.5731125025796091,-0.060638345208438034,0.6089313100986704,1.1957466726020536,1.6327463434440603,1.721882210679395,1.522617929866599,1.0336400873347311,0.46986882178923023,-0.1045359086649063,-0.490727674783094,-0.7509927558932961,-0.8111177555520469,-0.8402785232097362,-0.8097170309400172,-0.8846945850066857,-0.9732311708920237,-1.1557147278254427,-1.2631264316084914,-1.3149927925963205,-1.1614485362076872,-0.8169053248829614,-0.23887020214143748,0.4599262136280023,1.1606588840025478,1.6936378607958433,1.9536171081995564,1.8875442176382116,1.5499533291825653,1.069511058986818,0.5998172640067628,0.22281919169219175,-0.0331627551092365,-0.24639826195552592,-0.45748787111649586,-0.7739641154132714,-1.0855188451280438,-1.3136532623871815,-1.2546293329292613,-0.8680732049912315,-0.16158591494460622,0.6614175899145927,1.3927710850946073,1.757582382277065,1.700441499859061,1.212214796624609,0.5295219136102469,-0.18036532169407746,-0.6654277422890791,-0.9105997347835858,-0.8925642013177486,-0.7781646039157291,-0.6160548851413692,-0.5570949346515036,-0.5455779114688105,-0.6494271317534375,-0.7792226880420403,-0.9489491723037322,-1.0628851278088578,-1.1143019669058063,-0.9988433396102004,-0.6783240733988731,-0.13658886308165258,0.5540234015769049,1.2447324665438384,1.7634455504634017,2.0083067205202907,1.9131084182532636,1.5877950339901725,1.1071900388626124,0.6763884170180727,0.3069434231931951,0.06584359708591844,-0.18803329970956364,-0.4548465792466411,-0.8175946261124524,-1.128720813384805,-1.3226416837075294,-1.2370051964871842,-0.8846445404089184,-0.3411446825288974,0.24504611806774163,0.6793585759654163,0.8847790703591593,0.8311782101944251,0.6334650617160832,0.3987931207705406,0.2384991184116181,0.18256537680400034,0.14465229193940993,0.11159909545850283,-0.046042768587869425,-0.24279342634357903,-0.5536900316911819,-0.828741181844214,-1.0956410687474654,-1.2366267769719415,-1.2793718583032458,-1.1701945694240745,-0.916017648176851,-0.5031593142985333,0.04074584957651276,0.6151540190345596,1.1427998328162448,1.509169234770408,1.6386219500126116,1.5412444743942313,1.2428258911879353,0.8576307716734483,0.43067403977781293,0.11108552821942148,-0.1877556319823149,-0.35811121837396853,-0.5673824807052532,-0.7546166699255022,-0.9938270962697089,-1.198286658662878,-1.3462232876023392,-1.3028650546990501,-1.007358479494792,-0.4910999462651861,0.2251892153879707,0.9374311558018344,1.5525086183624643,1.882408811762007,1.863732514486934,1.5571156895737734,1.0558072044939832,0.5236011774716275,0.03962157344065766,-0.25890851400066256,-0.5061888271315909,-0.6141403114430061,-0.7378306134339746,-0.8258553413595869,-0.9674357853312974,-1.0481970681708974,-1.107136656828615,-1.0845764741153106,-1.0149475652084599,-0.8821344399830912,-0.6704508912262183,-0.37398182401510666,0.04418383378371282,0.5003842341783165,0.981351496492145,1.3307751899054028,1.474247802491617,1.3716326600756708,1.0282648030891102,0.4994644302615685,-0.07756205016791268,-0.6109962477591652,-0.9330204655676794,-1.0787286930277502,-0.9290430352725406,-0.5955727990813524,-0.054880394567016384,0.5467439818293984,1.0984398552438903,1.4632252793272083,1.5136003852803726,1.285110720010011,0.8120210331952592,0.24097342498984584,-0.3180792013285413,-0.6361913098433801,-0.7799047748554132,-0.7527489837058379,-0.6796412788649911,-0.7159778168067011,-0.8831270620180434,-1.0950663764765207,-1.277563764947774,-1.2147431968600337,-0.907854433286582,-0.2866899172964615,0.34400968598787296,0.9449629503132517,1.1834943957757877,1.1619632648130866,0.8623921604007279,0.5687541693676108,0.33602165035992904,0.1551992396722406,0.23685402325443883],""rppg_timestamps"":[1762588770.90264,1762588770.9315987,1762588770.963116,1762588770.997998,1762588771.0282404,1762588771.0622869,1762588771.0913496,1762588771.1246576,1762588771.1566064,1762588771.187347,1762588771.2377095,1762588771.2691453,1762588771.3039868,1762588771.3338187,1762588771.3644168,1762588771.398269,1762588771.434249,1762588771.46449,1762588771.4914079,1762588771.5264297,1762588771.5644572,1762588771.5931036,1762588771.6399117,1762588771.670175,1762588771.7005732,1762588771.7346685,1762588771.767356,1762588771.8016338,1762588771.8263927,1762588771.8634486,1762588771.9021142,1762588771.9351108,1762588771.9572713,1762588771.9912329,1762588772.038424,1762588772.0739338,1762588772.1013205,1762588772.135404,1762588772.1640413,1762588772.1958058,1762588772.2310636,1762588772.261044,1762588772.2938673,1762588772.3240743,1762588772.3571663,1762588772.3873756,1762588772.4366584,1762588772.4730704,1762588772.50175,1762588772.532186,1762588772.5644963,1762588772.5957813,1762588772.6270878,1762588772.6602213,1762588772.692633,1762588772.7226045,1762588772.7564783,1762588772.7899165,1762588772.8403976,1762588772.8707495,1762588772.9044654,1762588772.9414706,1762588772.9777327,1762588773.0117092,1762588773.0467682,1762588773.0666077,1762588773.0921314,1762588773.1233194,1762588773.1593983,1762588773.1889217,1762588773.241533,1762588773.280087,1762588773.3010025,1762588773.338281,1762588773.3641682,1762588773.3965814,1762588773.4275753,1762588773.4619715,1762588773.4943135,1762588773.5238419,1762588773.5591292,1762588773.5905817,1762588773.6439276,1762588773.681734,1762588773.7199006,1762588773.7536397,1762588773.7854288,1762588773.8178852,1762588773.8511856,1762588773.8756974,1762588773.8981292,1762588773.9266908,1762588773.9606516,1762588773.9916425,1762588774.0385907,1762588774.067277,1762588774.1019647,1762588774.1312675,1762588774.1648953,1762588774.1970346,1762588774.2293985,1762588774.2606277,1762588774.2964444,1762588774.3234835,1762588774.359171,1762588774.3903813,1762588774.440824,1762588774.4765606,1762588774.5089245,1762588774.5360856,1762588774.5651476,1762588774.5954168,1762588774.6270504,1762588774.6605332,1762588774.6910753,1762588774.7280447,1762588774.755516,1762588774.7878363,1762588774.8389711,1762588774.8743105,1762588774.9027543,1762588774.9373672,1762588774.9735742,1762588775.0063887,1762588775.0283396,1762588775.0593345,1762588775.0946355,1762588775.1241255,1762588775.1546466,1762588775.2040334,1762588775.237148,1762588775.2701917,1762588775.3039641,1762588775.3383536,1762588775.3666534,1762588775.397786,1762588775.426307,1762588775.4593556,1762588775.4910958,1762588775.5232482,1762588775.555714,1762588775.6081016,1762588775.646821,1762588775.6747112,1762588775.7035043,1762588775.7346509,1762588775.7671533,1762588775.7982373,1762588775.8287451,1762588775.8662882,1762588775.893601,1762588775.9248064,1762588775.955623,1762588776.0060813,1762588776.0381105,1762588776.069422,1762588776.099564,1762588776.131056,1762588776.1650934,1762588776.1998212,1762588776.2306032,1762588776.2587214,1762588776.2932448,1762588776.323672,1762588776.3544636,1762588776.4040687,1762588776.4356644,1762588776.467811,1762588776.4991415,1762588776.5316153,1762588776.5638947,1762588776.5972397,1762588776.6286392,1762588776.658576,1762588776.6918688,1762588776.7235773,1762588776.7552078,1762588776.8075202,1762588776.8348913,1762588776.868654,1762588776.9010687,1762588776.9320915,1762588776.9666665,1762588776.9971497,1762588777.0264604,1762588777.0584521,1762588777.090952,1762588777.123014,1762588777.1563914,1762588777.2036989,1762588777.238615,1762588777.2726533,1762588777.3030064,1762588777.3321693,1762588777.3641944,1762588777.4026933,1762588777.439965,1762588777.4620883,1762588777.4901075,1762588777.52392,1762588777.5546262,1762588777.6058953,1762588777.6365504,1762588777.6675503,1762588777.6999803,1762588777.732653,1762588777.7664192,1762588777.7946475,1762588777.8297954,1762588777.8623827,1762588777.8960805,1762588777.9347196,1762588777.9573894,1762588778.0028913,1762588778.0351198,1762588778.0690205,1762588778.1002035,1762588778.1338124,1762588778.1697178,1762588778.2065783,1762588778.2305465,1762588778.264576,1762588778.2994618,1762588778.327303,1762588778.358088,1762588778.4022307,1762588778.4365423,1762588778.467484,1762588778.5000823,1762588778.5318263,1762588778.5647578,1762588778.5982203,1762588778.626619,1762588778.6622772,1762588778.6965923,1762588778.7232206,1762588778.7569804,1762588778.8082726,1762588778.8356683,1762588778.8693395,1762588778.8986702,1762588778.9316146,1762588778.962926,1762588778.9996333,1762588779.0279727,1762588779.0593858,1762588779.09098,1762588779.1228023,1762588779.1574678,1762588779.2050931,1762588779.23649,1762588779.2686536,1762588779.3003576,1762588779.3338938,1762588779.365226,1762588779.3972006]}}'"
2025-11-08T11:42:51.859886,"b'{""advanced"":{""rppg"":[-0.21824229844014462,-0.5454415449271547,-0.8082400855973589,-1.0389426601924616,-1.107516590094082,-1.0327855702274853,-0.7601450605597722,-0.3244005932778757,0.2559875923301589,0.8741305276841641,1.4448672718393971,1.7993153751731332,1.8811683134561397,1.607808287934283,1.109208617530857,0.42674878625761414,-0.17118675287467916,-0.6831718095352289,-0.9302569217565865,-1.0488386409831443,-0.9979328888693534,-0.9803081655628979,-0.9743975256005682,-1.0719323521596285,-1.1294493042883007,-1.1122512286887354,-0.8983240371060606,-0.4716752917318381,0.14648799666190668,0.8355572156119979,1.4870734415675475,1.9172554506823667,2.0659535839655727,1.9000360023011669,1.497094482011082,0.9629929883211759,0.4331308191114188,-0.04923219820779459,-0.3926044059220883,-0.655435277907525,-0.770602647243893,-0.899623447468789,-0.9305506955833639,-1.0308719090200662,-1.056313127092855,-1.1502978304069886,-1.1585215782381375,-1.2108800636819876,-1.1118243355927702,-0.9332470580902662,-0.5686670481292264,-0.08333797058615566,0.5073824102723143,1.093501175924468,1.5822310660532957,1.8797222253843897,1.8989702573511802,1.6662110770702176,1.2320139364641434,0.6985090937120286,0.18955507844145023,-0.2515569874069723,-0.5318023061103068,-0.7204815751687497,-0.7780988545900825,-0.8760925636349335,-0.9391773938595477,-1.047042402478684,-1.040618511721491,-0.9340304292913467,-0.5731125025796091,-0.060638345208438034,0.6089313100986704,1.1957466726020536,1.6327463434440603,1.721882210679395,1.522617929866599,1.0336400873347311,0.46986882178923023,-0.1045359086649063,-0.490727674783094,-0.7509927558932961,-0.8111177555520469,-0.8402785232097362,-0.8097170309400172,-0.8846945850066857,-0.9732311708920237,-1.1557147278254427,-1.2631264316084914,-1.3149927925963205,-1.1614485362076872,-0.8169053248829614,-0.23887020214143748,0.4599262136280023,1.1606588840025478,1.6936378607958433,1.9536171081995564,1.8875442176382116,1.5499533291825653,1.069511058986818,0.5998172640067628,0.22281919169219175,-0.0331627551092365,-0.24639826195552592,-0.45748787111649586,-0.7739641154132714,-1.0855188451280438,-1.3136532623871815,-1.2546293329292613,-0.8680732049912315,-0.16158591494460622,0.6614175899145927,1.3927710850946073,1.757582382277065,1.700441499859061,1.212214796624609,0.5295219136102469,-0.18036532169407746,-0.6654277422890791,-0.9105997347835858,-0.8925642013177486,-0.7781646039157291,-0.6160548851413692,-0.5570949346515036,-0.5455779114688105,-0.6494271317534375,-0.7792226880420403,-0.9489491723037322,-1.0628851278088578,-1.1143019669058063,-0.9988433396102004,-0.6783240733988731,-0.13658886308165258,0.5540234015769049,1.2447324665438384,1.7634455504634017,2.0083067205202907,1.9131084182532636,1.5877950339901725,1.1071900388626124,0.6763884170180727,0.3069434231931951,0.06584359708591844,-0.18803329970956364,-0.4548465792466411,-0.8175946261124524,-1.128720813384805,-1.3226416837075294,-1.2370051964871842,-0.8846445404089184,-0.3411446825288974,0.24504611806774163,0.6793585759654163,0.8847790703591593,0.8311782101944251,0.6334650617160832,0.3987931207705406,0.2384991184116181,0.18256537680400034,0.14465229193940993,0.11159909545850283,-0.046042768587869425,-0.24279342634357903,-0.5536900316911819,-0.828741181844214,-1.0956410687474654,-1.2366267769719415,-1.2793718583032458,-1.1701945694240745,-0.916017648176851,-0.5031593142985333,0.04074584957651276,0.6151540190345596,1.1427998328162448,1.509169234770408,1.6386219500126116,1.5412444743942313,1.2428258911879353,0.8576307716734483,0.43067403977781293,0.11108552821942148,-0.1877556319823149,-0.35811121837396853,-0.5673824807052532,-0.7546166699255022,-0.9938270962697089,-1.198286658662878,-1.3462232876023392,-1.3028650546990501,-1.007358479494792,-0.4910999462651861,0.2251892153879707,0.9374311558018344,1.5525086183624643,1.882408811762007,1.863732514486934,1.5571156895737734,1.0558072044939832,0.5236011774716275,0.03962157344065766,-0.25890851400066256,-0.5061888271315909,-0.6141403114430061,-0.7378306134339746,-0.8258553413595869,-0.9674357853312974,-1.0481970681708974,-1.107136656828615,-1.0845764741153106,-1.0149475652084599,-0.8821344399830912,-0.6704508912262183,-0.37398182401510666,0.04418383378371282,0.5003842341783165,0.981351496492145,1.3307751899054028,1.474247802491617,1.3716326600756708,1.0282648030891102,0.4994644302615685,-0.07756205016791268,-0.6109962477591652,-0.9330204655676794,-1.0787286930277502,-0.9290430352725406,-0.5955727990813524,-0.054880394567016384,0.5467439818293984,1.0984398552438903,1.4632252793272083,1.5136003852803726,1.285110720010011,0.8120210331952592,0.24097342498984584,-0.3180792013285413,-0.6361913098433801,-0.7799047748554132,-0.7527489837058379,-0.6796412788649911,-0.7159778168067011,-0.8831270620180434,-1.0950663764765207,-1.277563764947774,-1.2147431968600337,-0.907854433286582,-0.2866899172964615,0.34400968598787296,0.9449629503132517,1.1834943957757877,1.1619632648130866,0.8623921604007279,0.5687541693676108,0.33602165035992904,0.1551992396722406,0.23685402325443883,-0.6260275526545831,-0.989692196832283,-1.2386662556373043,-1.2831103924771587,-1.0147161971522578,-0.4798908789733516,0.2670109224590618,1.0093466277816194,1.6148757320256732,1.905047745353328,1.8492900019134246,1.4752461280722073,0.9315564416487635,0.3700542448430519,-0.09178591027411537,-0.39817929712201117,-0.5897035987973712,-0.7427491982636273,-0.9253725151841429,-1.148504094207362,-1.3345608570596086,-1.3635402711261697,-1.100771516741394,-0.5501644026198845,0.23954970737593775,1.03076980455083,1.622943496299646,1.8175713890874494,1.5890139854926342,1.0219655377983161,0.3500598785878439,-0.24213488104754757,-0.6099630220775795,-0.7607404131555179,-0.7550429111878753,-0.7390366608249402,-0.8078613380249011,-0.9743834319611804,-1.144164366645925,-1.189642438681798,-0.9869885387215582,-0.4961356313995155,0.233701957402167,1.0320531828451756,1.7274198801820373,2.104080421548643,2.105801682396368,1.7297647222955497,1.1228916319752296,0.4192273212673784,-0.2197462182320145,-0.6905505428239959,-0.992143231695316,-1.1461330938165448,-1.2476534485634916,-1.2986166167012514,-1.315394084278857,-1.2275077607574623,-1.014097846138252,-0.6430162407546205,-0.14095878904025239,0.39732856518108917,0.8844869586684627,1.2105302043185164,1.355662090590915,1.2766642184214705,1.0139544042704478,0.5980709993751909,0.1245090652031325,-0.3063169365729688,-0.6180106262033648,-0.712202524902752,-0.5757276230697976,-0.24998918668582837,0.10757598034097916,0.3246841657784117,0.2995573049002491,-0.006753681359132731,-0.42172676628606887,-0.7816403415920264,-0.8251686630219945,-0.5290643673269386,0.10675548356731547,0.8141186442004232,1.3836000876916175,1.56580250084426,1.3484282604190363,0.8034531295666036,0.15954696283264502,-0.3911532976015575,-0.7089474286495857,-0.7958654119994001,-0.7301019532994646,-0.6540865833468783,-0.6451778194708463,-0.7592135075735269,-0.9256486132587041,-1.0947580010651545,-1.1515758341474511,-1.0524669401342661,-0.7517118185828656,-0.2948501961962435,0.264582696901223,0.823216476794043,1.3139156179630098,1.6580250699183174,1.7930676636971175,1.7128506387120481,1.4302226333129586,1.0275482457149174,0.549863351103154,0.113871478644546,-0.27194222537271434,-0.52836965127979,-0.7235320544048064,-0.8547686919449136,-0.9993363220354076,-1.1413263191293073,-1.254685094799889,-1.283272875537393,-1.1324253749752458,-0.7742506939072704,-0.21917876263603567,0.43710026673099467,1.076246854851581,1.5135942725148503,1.6715572823942826,1.5164546737237206,1.110053362659357,0.594835224518199,0.12247607495252133,-0.19327603733628465,-0.3803723522225947,-0.4644903999811309,-0.5628850768470711,-0.7174850802485762,-0.9598997665202004,-1.2074301688067337,-1.3291128690158203,-1.234590012060564,-0.8524500339791022,-0.2794376208240596,0.3820397787052577,0.9449711198569355,1.2960776424468101,1.3791851639596422,1.2415569409140812,0.9724787833095684,0.674910122221437,0.42288734444228493,0.2145789789070693,0.041210826425268327,-0.16436294591448372,-0.4226202589923407,-0.7632914616735539,-1.1214428760220283,-1.429239208944354,-1.578101737311426,-1.4658401675464305,-1.0628726854806607,-0.38858818047263904,0.433682921896994,1.205624683022388,1.759214650947029,1.9568380918595087,1.7969174055004695,1.3325949713908796,0.7368403501409325,0.17971081360339494,-0.22356480843119259,-0.43511787202108404,-0.4651134148559537,-0.42435399393888096,-0.3682011418441549,-0.40398003017009104,-0.4783221686348926,-0.6404026042556402,-0.7663277859340611,-0.8420515544054213,-0.7378413343209499,-0.49866548609676536,-0.10009749132116899,0.30622293965079933,0.6319199080907966,0.78212699944358,0.7365032389963541,0.4789805268410151,0.21845583114451894,-0.010665799979415561,-0.07161733366925525,-0.010310418171325665,0.11563653561967589,0.17731822271023423,0.08012206277922941,-0.16373298442689083,-0.5075021541008883,-0.9214350173485452,-1.217871325066926,-1.3552990948081893,-1.2483268159428138,-0.8753816960512809,-0.2665076423610746,0.47495871539790846,1.2088087406876689,1.808394814372114,2.1430129177855304,2.1124622916363216,1.7927104074586384,1.2376784045845628,0.6079892051258792,0.03245733099875636,-0.388297240203712,-0.7120374744072587,-0.9371251296766453,-1.1294072095653775,-1.3418320718666181,-1.4920291465087252,-1.493366076187713,-1.2977276717559345,-0.895310176815409,-0.27321042619362507,0.4073142582260529,1.0071327681114635,1.4087984673884788,1.5081789508009538,1.3423210948983069,0.9481821468210054,0.49536079652704235,0.04588559554637566,-0.2255683955943454,-0.436236363367372,-0.550603139163331,-0.7359344273050347,-1.004897067237665,-1.3399203033250018,-1.6070239286374834,-1.6297103045381136,-1.3144392999023888,-0.5967501744598108,0.3084513820398425,1.1905289264568948,1.7701741721854383,1.985704833172843,1.7909347761442556,1.3424599716852783,0.8804659268038914,0.4815120179653584,0.2573979975479038,0.045012124622126705,-0.17595578627025965,-0.486525290351935,-0.7493135552105799,-0.8772543438049616,-0.7789491292000507,-0.43475743042303655,-0.007095943945064854],""rppg_timestamps"":[1762588770.90264,1762588770.9315987,1762588770.963116,1762588770.997998,1762588771.0282404,1762588771.0622869,1762588771.0913496,1762588771.1246576,1762588771.1566064,1762588771.187347,1762588771.2377095,1762588771.2691453,1762588771.3039868,1762588771.3338187,1762588771.3644168,1762588771.398269,1762588771.434249,1762588771.46449,1762588771.4914079,1762588771.5264297,1762588771.5644572,1762588771.5931036,1762588771.6399117,1762588771.670175,1762588771.7005732,1762588771.7346685,1762588771.767356,1762588771.8016338,1762588771.8263927,1762588771.8634486,1762588771.9021142,1762588771.9351108,1762588771.9572713,1762588771.9912329,1762588772.038424,1762588772.0739338,1762588772.1013205,1762588772.135404,1762588772.1640413,1762588772.1958058,1762588772.2310636,1762588772.261044,1762588772.2938673,1762588772.3240743,1762588772.3571663,1762588772.3873756,1762588772.4366584,1762588772.4730704,1762588772.50175,1762588772.532186,1762588772.5644963,1762588772.5957813,1762588772.6270878,1762588772.6602213,1762588772.692633,1762588772.7226045,1762588772.7564783,1762588772.7899165,1762588772.8403976,1762588772.8707495,1762588772.9044654,1762588772.9414706,1762588772.9777327,1762588773.0117092,1762588773.0467682,1762588773.0666077,1762588773.0921314,1762588773.1233194,1762588773.1593983,1762588773.1889217,1762588773.241533,1762588773.280087,1762588773.3010025,1762588773.338281,1762588773.3641682,1762588773.3965814,1762588773.4275753,1762588773.4619715,1762588773.4943135,1762588773.5238419,1762588773.5591292,1762588773.5905817,1762588773.6439276,1762588773.681734,1762588773.7199006,1762588773.7536397,1762588773.7854288,1762588773.8178852,1762588773.8511856,1762588773.8756974,1762588773.8981292,1762588773.9266908,1762588773.9606516,1762588773.9916425,1762588774.0385907,1762588774.067277,1762588774.1019647,1762588774.1312675,1762588774.1648953,1762588774.1970346,1762588774.2293985,1762588774.2606277,1762588774.2964444,1762588774.3234835,1762588774.359171,1762588774.3903813,1762588774.440824,1762588774.4765606,1762588774.5089245,1762588774.5360856,1762588774.5651476,1762588774.5954168,1762588774.6270504,1762588774.6605332,1762588774.6910753,1762588774.7280447,1762588774.755516,1762588774.7878363,1762588774.8389711,1762588774.8743105,1762588774.9027543,1762588774.9373672,1762588774.9735742,1762588775.0063887,1762588775.0283396,1762588775.0593345,1762588775.0946355,1762588775.1241255,1762588775.1546466,1762588775.2040334,1762588775.237148,1762588775.2701917,1762588775.3039641,1762588775.3383536,1762588775.3666534,1762588775.397786,1762588775.426307,1762588775.4593556,1762588775.4910958,1762588775.5232482,1762588775.555714,1762588775.6081016,1762588775.646821,1762588775.6747112,1762588775.7035043,1762588775.7346509,1762588775.7671533,1762588775.7982373,1762588775.8287451,1762588775.8662882,1762588775.893601,1762588775.9248064,1762588775.955623,1762588776.0060813,1762588776.0381105,1762588776.069422,1762588776.099564,1762588776.131056,1762588776.1650934,1762588776.1998212,1762588776.2306032,1762588776.2587214,1762588776.2932448,1762588776.323672,1762588776.3544636,1762588776.4040687,1762588776.4356644,1762588776.467811,1762588776.4991415,1762588776.5316153,1762588776.5638947,1762588776.5972397,1762588776.6286392,1762588776.658576,1762588776.6918688,1762588776.7235773,1762588776.7552078,1762588776.8075202,1762588776.8348913,1762588776.868654,1762588776.9010687,1762588776.9320915,1762588776.9666665,1762588776.9971497,1762588777.0264604,1762588777.0584521,1762588777.090952,1762588777.123014,1762588777.1563914,1762588777.2036989,1762588777.238615,1762588777.2726533,1762588777.3030064,1762588777.3321693,1762588777.3641944,1762588777.4026933,1762588777.439965,1762588777.4620883,1762588777.4901075,1762588777.52392,1762588777.5546262,1762588777.6058953,1762588777.6365504,1762588777.6675503,1762588777.6999803,1762588777.732653,1762588777.7664192,1762588777.7946475,1762588777.8297954,1762588777.8623827,1762588777.8960805,1762588777.9347196,1762588777.9573894,1762588778.0028913,1762588778.0351198,1762588778.0690205,1762588778.1002035,1762588778.1338124,1762588778.1697178,1762588778.2065783,1762588778.2305465,1762588778.264576,1762588778.2994618,1762588778.327303,1762588778.358088,1762588778.4022307,1762588778.4365423,1762588778.467484,1762588778.5000823,1762588778.5318263,1762588778.5647578,1762588778.5982203,1762588778.626619,1762588778.6622772,1762588778.6965923,1762588778.7232206,1762588778.7569804,1762588778.8082726,1762588778.8356683,1762588778.8693395,1762588778.8986702,1762588778.9316146,1762588778.962926,1762588778.9996333,1762588779.0279727,1762588779.0593858,1762588779.09098,1762588779.1228023,1762588779.1574678,1762588779.2050931,1762588779.23649,1762588779.2686536,1762588779.3003576,1762588779.3338938,1762588779.365226,1762588779.3972006,1762588779.701189,1762588779.7338014,1762588779.7677965,1762588779.7987885,1762588779.8310146,1762588779.858763,1762588779.8917823,1762588779.9243808,1762588779.9560757,1762588780.003707,1762588780.0377672,1762588780.066727,1762588780.1002345,1762588780.13009,1762588780.1626487,1762588780.1952455,1762588780.2326312,1762588780.2588022,1762588780.29408,1762588780.3246162,1762588780.3558004,1762588780.4032404,1762588780.4360106,1762588780.4699614,1762588780.4999645,1762588780.5310638,1762588780.563256,1762588780.5948248,1762588780.6330936,1762588780.6641958,1762588780.6953278,1762588780.7232351,1762588780.7610245,1762588780.8084567,1762588780.8370063,1762588780.8668747,1762588780.9024527,1762588780.9329479,1762588780.9630647,1762588781.000675,1762588781.026905,1762588781.0600033,1762588781.0941815,1762588781.1264286,1762588781.1556683,1762588781.206885,1762588781.2379825,1762588781.27068,1762588781.3009665,1762588781.332831,1762588781.366787,1762588781.4001255,1762588781.4268725,1762588781.4597876,1762588781.4986713,1762588781.5307257,1762588781.5554767,1762588781.6092186,1762588781.6418164,1762588781.669266,1762588781.7023084,1762588781.7341228,1762588781.764901,1762588781.8008885,1762588781.829413,1762588781.8589568,1762588781.892601,1762588781.923213,1762588781.9578905,1762588782.0081465,1762588782.0388775,1762588782.0669358,1762588782.1013365,1762588782.132,1762588782.1650136,1762588782.1950307,1762588782.226056,1762588782.2596712,1762588782.2902212,1762588782.3232343,1762588782.356831,1762588782.4037645,1762588782.4349024,1762588782.4697156,1762588782.4994774,1762588782.5309975,1762588782.564043,1762588782.5956707,1762588782.63016,1762588782.6632218,1762588782.6906738,1762588782.7233937,1762588782.758044,1762588782.804489,1762588782.8357844,1762588782.868566,1762588782.8987405,1762588782.9332824,1762588782.9632256,1762588782.9975052,1762588783.030565,1762588783.0593965,1762588783.094099,1762588783.1262178,1762588783.1555526,1762588783.2099473,1762588783.2367465,1762588783.268446,1762588783.3016398,1762588783.3348386,1762588783.366278,1762588783.394526,1762588783.4273124,1762588783.4604053,1762588783.4915776,1762588783.52523,1762588783.5591688,1762588783.6081407,1762588783.640403,1762588783.6677303,1762588783.7005532,1762588783.736209,1762588783.765224,1762588783.7945032,1762588783.8267658,1762588783.8609185,1762588783.8960059,1762588783.9254897,1762588783.9588547,1762588784.0088806,1762588784.0472584,1762588784.0852225,1762588784.1043513,1762588784.1318884,1762588784.1637433,1762588784.1953478,1762588784.2283587,1762588784.26154,1762588784.2923217,1762588784.324149,1762588784.3543127,1762588784.4075963,1762588784.4413676,1762588784.4749825,1762588784.4986727,1762588784.5326333,1762588784.5657008,1762588784.6055245,1762588784.630558,1762588784.6614442,1762588784.6922565,1762588784.722433,1762588784.7550702,1762588784.8048124,1762588784.836153,1762588784.8689744,1762588784.8992546,1762588784.9313192,1762588784.9644551,1762588784.9949377,1762588785.0267394,1762588785.0609083,1762588785.0927804,1762588785.1227071,1762588785.1556315,1762588785.2039602,1762588785.2388027,1762588785.269639,1762588785.3004978,1762588785.33365,1762588785.3651042,1762588785.3953192,1762588785.4286747,1762588785.4587755,1762588785.4945636,1762588785.5287628,1762588785.5557404,1762588785.6036532,1762588785.63544,1762588785.667608,1762588785.702433,1762588785.733594,1762588785.765883,1762588785.7967217,1762588785.8273768,1762588785.8588731,1762588785.8906655,1762588785.9242246,1762588785.9556928,1762588786.0036266,1762588786.036759,1762588786.069037,1762588786.1071467,1762588786.137745,1762588786.1660528,1762588786.1972158,1762588786.2272787,1762588786.2617295,1762588786.2930064,1762588786.3242774,1762588786.3730583,1762588786.4040463,1762588786.434779,1762588786.4681804,1762588786.4984472,1762588786.532369,1762588786.5669866,1762588786.5961456,1762588786.6351197,1762588786.6585214,1762588786.6901572,1762588786.7252283,1762588786.772168,1762588786.8034341,1762588786.8364155,1762588786.8675747,1762588786.8989046,1762588786.9307816,1762588786.9649217,1762588786.9983683,1762588787.0282786,1762588787.064213,1762588787.0908692,1762588787.124233,1762588787.1721923,1762588787.2038527,1762588787.236962,1762588787.2674701,1762588787.3002052,1762588787.3336403,1762588787.364501,1762588787.4024935,1762588787.4414935,1762588787.478272,1762588787.5077732,1762588787.5394008,1762588787.5757997,1762588787.6132157,1762588787.6466103,1762588787.668391,1762588787.702227,1762588787.7347343,1762588787.7652307,1762588787.800661,1762588787.8305094,1762588787.8593056,1762588787.8969767,1762588787.9240725,1762588787.9765458,1762588788.0040247,1762588788.0348506,1762588788.0669916,1762588788.099251,1762588788.1374235,1762588788.164382,1762588788.1996298]}}'"
2025-11-08T11:42:52.143426,"b'{""advanced"":{""rppg"":[-0.21824229844014462,-0.5454415449271547,-0.8082400855973589,-1.0389426601924616,-1.107516590094082,-1.0327855702274853,-0.7601450605597722,-0.3244005932778757,0.2559875923301589,0.8741305276841641,1.4448672718393971,1.7993153751731332,1.8811683134561397,1.607808287934283,1.109208617530857,0.42674878625761414,-0.17118675287467916,-0.6831718095352289,-0.9302569217565865,-1.0488386409831443,-0.9979328888693534,-0.9803081655628979,-0.9743975256005682,-1.0719323521596285,-1.1294493042883007,-1.1122512286887354,-0.8983240371060606,-0.4716752917318381,0.14648799666190668,0.8355572156119979,1.4870734415675475,1.9172554506823667,2.0659535839655727,1.9000360023011669,1.497094482011082,0.9629929883211759,0.4331308191114188,-0.04923219820779459,-0.3926044059220883,-0.655435277907525,-0.770602647243893,-0.899623447468789,-0.9305506955833639,-1.0308719090200662,-1.056313127092855,-1.1502978304069886,-1.1585215782381375,-1.2108800636819876,-1.1118243355927702,-0.9332470580902662,-0.5686670481292264,-0.08333797058615566,0.5073824102723143,1.093501175924468,1.5822310660532957,1.8797222253843897,1.8989702573511802,1.6662110770702176,1.2320139364641434,0.6985090937120286,0.18955507844145023,-0.2515569874069723,-0.5318023061103068,-0.7204815751687497,-0.7780988545900825,-0.8760925636349335,-0.9391773938595477,-1.047042402478684,-1.040618511721491,-0.9340304292913467,-0.5731125025796091,-0.060638345208438034,0.6089313100986704,1.1957466726020536,1.6327463434440603,1.721882210679395,1.522617929866599,1.0336400873347311,0.46986882178923023,-0.1045359086649063,-0.490727674783094,-0.7509927558932961,-0.8111177555520469,-0.8402785232097362,-0.8097170309400172,-0.8846945850066857,-0.9732311708920237,-1.1557147278254427,-1.2631264316084914,-1.3149927925963205,-1.1614485362076872,-0.8169053248829614,-0.23887020214143748,0.4599262136280023,1.1606588840025478,1.6936378607958433,1.9536171081995564,1.8875442176382116,1.5499533291825653,1.069511058986818,0.5998172640067628,0.22281919169219175,-0.0331627551092365,-0.24639826195552592,-0.45748787111649586,-0.7739641154132714,-1.0855188451280438,-1.3136532623871815,-1.2546293329292613,-0.8680732049912315,-0.16158591494460622,0.6614175899145927,1.3927710850946073,1.757582382277065,1.700441499859061,1.212214796624609,0.5295219136102469,-0.18036532169407746,-0.6654277422890791,-0.9105997347835858,-0.8925642013177486,-0.7781646039157291,-0.6160548851413692,-0.5570949346515036,-0.5455779114688105,-0.6494271317534375,-0.7792226880420403,-0.9489491723037322,-1.0628851278088578,-1.1143019669058063,-0.9988433396102004,-0.6783240733988731,-0.13658886308165258,0.5540234015769049,1.2447324665438384,1.7634455504634017,2.0083067205202907,1.9131084182532636,1.5877950339901725,1.1071900388626124,0.6763884170180727,0.3069434231931951,0.06584359708591844,-0.18803329970956364,-0.4548465792466411,-0.8175946261124524,-1.128720813384805,-1.3226416837075294,-1.2370051964871842,-0.8846445404089184,-0.3411446825288974,0.24504611806774163,0.6793585759654163,0.8847790703591593,0.8311782101944251,0.6334650617160832,0.3987931207705406,0.2384991184116181,0.18256537680400034,0.14465229193940993,0.11159909545850283,-0.046042768587869425,-0.24279342634357903,-0.5536900316911819,-0.828741181844214,-1.0956410687474654,-1.2366267769719415,-1.2793718583032458,-1.1701945694240745,-0.916017648176851,-0.5031593142985333,0.04074584957651276,0.6151540190345596,1.1427998328162448,1.509169234770408,1.6386219500126116,1.5412444743942313,1.2428258911879353,0.8576307716734483,0.43067403977781293,0.11108552821942148,-0.1877556319823149,-0.35811121837396853,-0.5673824807052532,-0.7546166699255022,-0.9938270962697089,-1.198286658662878,-1.3462232876023392,-1.3028650546990501,-1.007358479494792,-0.4910999462651861,0.2251892153879707,0.9374311558018344,1.5525086183624643,1.882408811762007,1.863732514486934,1.5571156895737734,1.0558072044939832,0.5236011774716275,0.03962157344065766,-0.25890851400066256,-0.5061888271315909,-0.6141403114430061,-0.7378306134339746,-0.8258553413595869,-0.9674357853312974,-1.0481970681708974,-1.107136656828615,-1.0845764741153106,-1.0149475652084599,-0.8821344399830912,-0.6704508912262183,-0.37398182401510666,0.04418383378371282,0.5003842341783165,0.981351496492145,1.3307751899054028,1.474247802491617,1.3716326600756708,1.0282648030891102,0.4994644302615685,-0.07756205016791268,-0.6109962477591652,-0.9330204655676794,-1.0787286930277502,-0.9290430352725406,-0.5955727990813524,-0.054880394567016384,0.5467439818293984,1.0984398552438903,1.4632252793272083,1.5136003852803726,1.285110720010011,0.8120210331952592,0.24097342498984584,-0.3180792013285413,-0.6361913098433801,-0.7799047748554132,-0.7527489837058379,-0.6796412788649911,-0.7159778168067011,-0.8831270620180434,-1.0950663764765207,-1.277563764947774,-1.2147431968600337,-0.907854433286582,-0.2866899172964615,0.34400968598787296,0.9449629503132517,1.1834943957757877,1.1619632648130866,0.8623921604007279,0.5687541693676108,0.33602165035992904,0.1551992396722406,0.23685402325443883,-0.6260275526545831,-0.989692196832283,-1.2386662556373043,-1.2831103924771587,-1.0147161971522578,-0.4798908789733516,0.2670109224590618,1.0093466277816194,1.6148757320256732,1.905047745353328,1.8492900019134246,1.4752461280722073,0.9315564416487635,0.3700542448430519,-0.09178591027411537,-0.39817929712201117,-0.5897035987973712,-0.7427491982636273,-0.9253725151841429,-1.148504094207362,-1.3345608570596086,-1.3635402711261697,-1.100771516741394,-0.5501644026198845,0.23954970737593775,1.03076980455083,1.622943496299646,1.8175713890874494,1.5890139854926342,1.0219655377983161,0.3500598785878439,-0.24213488104754757,-0.6099630220775795,-0.7607404131555179,-0.7550429111878753,-0.7390366608249402,-0.8078613380249011,-0.9743834319611804,-1.144164366645925,-1.189642438681798,-0.9869885387215582,-0.4961356313995155,0.233701957402167,1.0320531828451756,1.7274198801820373,2.104080421548643,2.105801682396368,1.7297647222955497,1.1228916319752296,0.4192273212673784,-0.2197462182320145,-0.6905505428239959,-0.992143231695316,-1.1461330938165448,-1.2476534485634916,-1.2986166167012514,-1.315394084278857,-1.2275077607574623,-1.014097846138252,-0.6430162407546205,-0.14095878904025239,0.39732856518108917,0.8844869586684627,1.2105302043185164,1.355662090590915,1.2766642184214705,1.0139544042704478,0.5980709993751909,0.1245090652031325,-0.3063169365729688,-0.6180106262033648,-0.712202524902752,-0.5757276230697976,-0.24998918668582837,0.10757598034097916,0.3246841657784117,0.2995573049002491,-0.006753681359132731,-0.42172676628606887,-0.7816403415920264,-0.8251686630219945,-0.5290643673269386,0.10675548356731547,0.8141186442004232,1.3836000876916175,1.56580250084426,1.3484282604190363,0.8034531295666036,0.15954696283264502,-0.3911532976015575,-0.7089474286495857,-0.7958654119994001,-0.7301019532994646,-0.6540865833468783,-0.6451778194708463,-0.7592135075735269,-0.9256486132587041,-1.0947580010651545,-1.1515758341474511,-1.0524669401342661,-0.7517118185828656,-0.2948501961962435,0.264582696901223,0.823216476794043,1.3139156179630098,1.6580250699183174,1.7930676636971175,1.7128506387120481,1.4302226333129586,1.0275482457149174,0.549863351103154,0.113871478644546,-0.27194222537271434,-0.52836965127979,-0.7235320544048064,-0.8547686919449136,-0.9993363220354076,-1.1413263191293073,-1.254685094799889,-1.283272875537393,-1.1324253749752458,-0.7742506939072704,-0.21917876263603567,0.43710026673099467,1.076246854851581,1.5135942725148503,1.6715572823942826,1.5164546737237206,1.110053362659357,0.594835224518199,0.12247607495252133,-0.19327603733628465,-0.3803723522225947,-0.4644903999811309,-0.5628850768470711,-0.7174850802485762,-0.9598997665202004,-1.2074301688067337,-1.3291128690158203,-1.234590012060564,-0.8524500339791022,-0.2794376208240596,0.3820397787052577,0.9449711198569355,1.2960776424468101,1.3791851639596422,1.2415569409140812,0.9724787833095684,0.674910122221437,0.42288734444228493,0.2145789789070693,0.041210826425268327,-0.16436294591448372,-0.4226202589923407,-0.7632914616735539,-1.1214428760220283,-1.429239208944354,-1.578101737311426,-1.4658401675464305,-1.0628726854806607,-0.38858818047263904,0.433682921896994,1.205624683022388,1.759214650947029,1.9568380918595087,1.7969174055004695,1.3325949713908796,0.7368403501409325,0.17971081360339494,-0.22356480843119259,-0.43511787202108404,-0.4651134148559537,-0.42435399393888096,-0.3682011418441549,-0.40398003017009104,-0.4783221686348926,-0.6404026042556402,-0.7663277859340611,-0.8420515544054213,-0.7378413343209499,-0.49866548609676536,-0.10009749132116899,0.30622293965079933,0.6319199080907966,0.78212699944358,0.7365032389963541,0.4789805268410151,0.21845583114451894,-0.010665799979415561,-0.07161733366925525,-0.010310418171325665,0.11563653561967589,0.17731822271023423,0.08012206277922941,-0.16373298442689083,-0.5075021541008883,-0.9214350173485452,-1.217871325066926,-1.3552990948081893,-1.2483268159428138,-0.8753816960512809,-0.2665076423610746,0.47495871539790846,1.2088087406876689,1.808394814372114,2.1430129177855304,2.1124622916363216,1.7927104074586384,1.2376784045845628,0.6079892051258792,0.03245733099875636,-0.388297240203712,-0.7120374744072587,-0.9371251296766453,-1.1294072095653775,-1.3418320718666181,-1.4920291465087252,-1.493366076187713,-1.2977276717559345,-0.895310176815409,-0.27321042619362507,0.4073142582260529,1.0071327681114635,1.4087984673884788,1.5081789508009538,1.3423210948983069,0.9481821468210054,0.49536079652704235,0.04588559554637566,-0.2255683955943454,-0.436236363367372,-0.550603139163331,-0.7359344273050347,-1.004897067237665,-1.3399203033250018,-1.6070239286374834,-1.6297103045381136,-1.3144392999023888,-0.5967501744598108,0.3084513820398425,1.1905289264568948,1.7701741721854383,1.985704833172843,1.7909347761442556,1.3424599716852783,0.8804659268038914,0.4815120179653584,0.2573979975479038,0.045012124622126705,-0.17595578627025965,-0.486525290351935,-0.7493135552105799,-0.8772543438049616,-0.7789491292000507,-0.43475743042303655,-0.007095943945064854],""rppg_timestamps"":[1762588770.90264,1762588770.9315987,1762588770.963116,1762588770.997998,1762588771.0282404,1762588771.0622869,1762588771.0913496,1762588771.1246576,1762588771.1566064,1762588771.187347,1762588771.2377095,1762588771.2691453,1762588771.3039868,1762588771.3338187,1762588771.3644168,1762588771.398269,1762588771.434249,1762588771.46449,1762588771.4914079,1762588771.5264297,1762588771.5644572,1762588771.5931036,1762588771.6399117,1762588771.670175,1762588771.7005732,1762588771.7346685,1762588771.767356,1762588771.8016338,1762588771.8263927,1762588771.8634486,1762588771.9021142,1762588771.9351108,1762588771.9572713,1762588771.9912329,1762588772.038424,1762588772.0739338,1762588772.1013205,1762588772.135404,1762588772.1640413,1762588772.1958058,1762588772.2310636,1762588772.261044,1762588772.2938673,1762588772.3240743,1762588772.3571663,1762588772.3873756,1762588772.4366584,1762588772.4730704,1762588772.50175,1762588772.532186,1762588772.5644963,1762588772.5957813,1762588772.6270878,1762588772.6602213,1762588772.692633,1762588772.7226045,1762588772.7564783,1762588772.7899165,1762588772.8403976,1762588772.8707495,1762588772.9044654,1762588772.9414706,1762588772.9777327,1762588773.0117092,1762588773.0467682,1762588773.0666077,1762588773.0921314,1762588773.1233194,1762588773.1593983,1762588773.1889217,1762588773.241533,1762588773.280087,1762588773.3010025,1762588773.338281,1762588773.3641682,1762588773.3965814,1762588773.4275753,1762588773.4619715,1762588773.4943135,1762588773.5238419,1762588773.5591292,1762588773.5905817,1762588773.6439276,1762588773.681734,1762588773.7199006,1762588773.7536397,1762588773.7854288,1762588773.8178852,1762588773.8511856,1762588773.8756974,1762588773.8981292,1762588773.9266908,1762588773.9606516,1762588773.9916425,1762588774.0385907,1762588774.067277,1762588774.1019647,1762588774.1312675,1762588774.1648953,1762588774.1970346,1762588774.2293985,1762588774.2606277,1762588774.2964444,1762588774.3234835,1762588774.359171,1762588774.3903813,1762588774.440824,1762588774.4765606,1762588774.5089245,1762588774.5360856,1762588774.5651476,1762588774.5954168,1762588774.6270504,1762588774.6605332,1762588774.6910753,1762588774.7280447,1762588774.755516,1762588774.7878363,1762588774.8389711,1762588774.8743105,1762588774.9027543,1762588774.9373672,1762588774.9735742,1762588775.0063887,1762588775.0283396,1762588775.0593345,1762588775.0946355,1762588775.1241255,1762588775.1546466,1762588775.2040334,1762588775.237148,1762588775.2701917,1762588775.3039641,1762588775.3383536,1762588775.3666534,1762588775.397786,1762588775.426307,1762588775.4593556,1762588775.4910958,1762588775.5232482,1762588775.555714,1762588775.6081016,1762588775.646821,1762588775.6747112,1762588775.7035043,1762588775.7346509,1762588775.7671533,1762588775.7982373,1762588775.8287451,1762588775.8662882,1762588775.893601,1762588775.9248064,1762588775.955623,1762588776.0060813,1762588776.0381105,1762588776.069422,1762588776.099564,1762588776.131056,1762588776.1650934,1762588776.1998212,1762588776.2306032,1762588776.2587214,1762588776.2932448,1762588776.323672,1762588776.3544636,1762588776.4040687,1762588776.4356644,1762588776.467811,1762588776.4991415,1762588776.5316153,1762588776.5638947,1762588776.5972397,1762588776.6286392,1762588776.658576,1762588776.6918688,1762588776.7235773,1762588776.7552078,1762588776.8075202,1762588776.8348913,1762588776.868654,1762588776.9010687,1762588776.9320915,1762588776.9666665,1762588776.9971497,1762588777.0264604,1762588777.0584521,1762588777.090952,1762588777.123014,1762588777.1563914,1762588777.2036989,1762588777.238615,1762588777.2726533,1762588777.3030064,1762588777.3321693,1762588777.3641944,1762588777.4026933,1762588777.439965,1762588777.4620883,1762588777.4901075,1762588777.52392,1762588777.5546262,1762588777.6058953,1762588777.6365504,1762588777.6675503,1762588777.6999803,1762588777.732653,1762588777.7664192,1762588777.7946475,1762588777.8297954,1762588777.8623827,1762588777.8960805,1762588777.9347196,1762588777.9573894,1762588778.0028913,1762588778.0351198,1762588778.0690205,1762588778.1002035,1762588778.1338124,1762588778.1697178,1762588778.2065783,1762588778.2305465,1762588778.264576,1762588778.2994618,1762588778.327303,1762588778.358088,1762588778.4022307,1762588778.4365423,1762588778.467484,1762588778.5000823,1762588778.5318263,1762588778.5647578,1762588778.5982203,1762588778.626619,1762588778.6622772,1762588778.6965923,1762588778.7232206,1762588778.7569804,1762588778.8082726,1762588778.8356683,1762588778.8693395,1762588778.8986702,1762588778.9316146,1762588778.962926,1762588778.9996333,1762588779.0279727,1762588779.0593858,1762588779.09098,1762588779.1228023,1762588779.1574678,1762588779.2050931,1762588779.23649,1762588779.2686536,1762588779.3003576,1762588779.3338938,1762588779.365226,1762588779.3972006,1762588779.701189,1762588779.7338014,1762588779.7677965,1762588779.7987885,1762588779.8310146,1762588779.858763,1762588779.8917823,1762588779.9243808,1762588779.9560757,1762588780.003707,1762588780.0377672,1762588780.066727,1762588780.1002345,1762588780.13009,1762588780.1626487,1762588780.1952455,1762588780.2326312,1762588780.2588022,1762588780.29408,1762588780.3246162,1762588780.3558004,1762588780.4032404,1762588780.4360106,1762588780.4699614,1762588780.4999645,1762588780.5310638,1762588780.563256,1762588780.5948248,1762588780.6330936,1762588780.6641958,1762588780.6953278,1762588780.7232351,1762588780.7610245,1762588780.8084567,1762588780.8370063,1762588780.8668747,1762588780.9024527,1762588780.9329479,1762588780.9630647,1762588781.000675,1762588781.026905,1762588781.0600033,1762588781.0941815,1762588781.1264286,1762588781.1556683,1762588781.206885,1762588781.2379825,1762588781.27068,1762588781.3009665,1762588781.332831,1762588781.366787,1762588781.4001255,1762588781.4268725,1762588781.4597876,1762588781.4986713,1762588781.5307257,1762588781.5554767,1762588781.6092186,1762588781.6418164,1762588781.669266,1762588781.7023084,1762588781.7341228,1762588781.764901,1762588781.8008885,1762588781.829413,1762588781.8589568,1762588781.892601,1762588781.923213,1762588781.9578905,1762588782.0081465,1762588782.0388775,1762588782.0669358,1762588782.1013365,1762588782.132,1762588782.1650136,1762588782.1950307,1762588782.226056,1762588782.2596712,1762588782.2902212,1762588782.3232343,1762588782.356831,1762588782.4037645,1762588782.4349024,1762588782.4697156,1762588782.4994774,1762588782.5309975,1762588782.564043,1762588782.5956707,1762588782.63016,1762588782.6632218,1762588782.6906738,1762588782.7233937,1762588782.758044,1762588782.804489,1762588782.8357844,1762588782.868566,1762588782.8987405,1762588782.9332824,1762588782.9632256,1762588782.9975052,1762588783.030565,1762588783.0593965,1762588783.094099,1762588783.1262178,1762588783.1555526,1762588783.2099473,1762588783.2367465,1762588783.268446,1762588783.3016398,1762588783.3348386,1762588783.366278,1762588783.394526,1762588783.4273124,1762588783.4604053,1762588783.4915776,1762588783.52523,1762588783.5591688,1762588783.6081407,1762588783.640403,1762588783.6677303,1762588783.7005532,1762588783.736209,1762588783.765224,1762588783.7945032,1762588783.8267658,1762588783.8609185,1762588783.8960059,1762588783.9254897,1762588783.9588547,1762588784.0088806,1762588784.0472584,1762588784.0852225,1762588784.1043513,1762588784.1318884,1762588784.1637433,1762588784.1953478,1762588784.2283587,1762588784.26154,1762588784.2923217,1762588784.324149,1762588784.3543127,1762588784.4075963,1762588784.4413676,1762588784.4749825,1762588784.4986727,1762588784.5326333,1762588784.5657008,1762588784.6055245,1762588784.630558,1762588784.6614442,1762588784.6922565,1762588784.722433,1762588784.7550702,1762588784.8048124,1762588784.836153,1762588784.8689744,1762588784.8992546,1762588784.9313192,1762588784.9644551,1762588784.9949377,1762588785.0267394,1762588785.0609083,1762588785.0927804,1762588785.1227071,1762588785.1556315,1762588785.2039602,1762588785.2388027,1762588785.269639,1762588785.3004978,1762588785.33365,1762588785.3651042,1762588785.3953192,1762588785.4286747,1762588785.4587755,1762588785.4945636,1762588785.5287628,1762588785.5557404,1762588785.6036532,1762588785.63544,1762588785.667608,1762588785.702433,1762588785.733594,1762588785.765883,1762588785.7967217,1762588785.8273768,1762588785.8588731,1762588785.8906655,1762588785.9242246,1762588785.9556928,1762588786.0036266,1762588786.036759,1762588786.069037,1762588786.1071467,1762588786.137745,1762588786.1660528,1762588786.1972158,1762588786.2272787,1762588786.2617295,1762588786.2930064,1762588786.3242774,1762588786.3730583,1762588786.4040463,1762588786.434779,1762588786.4681804,1762588786.4984472,1762588786.532369,1762588786.5669866,1762588786.5961456,1762588786.6351197,1762588786.6585214,1762588786.6901572,1762588786.7252283,1762588786.772168,1762588786.8034341,1762588786.8364155,1762588786.8675747,1762588786.8989046,1762588786.9307816,1762588786.9649217,1762588786.9983683,1762588787.0282786,1762588787.064213,1762588787.0908692,1762588787.124233,1762588787.1721923,1762588787.2038527,1762588787.236962,1762588787.2674701,1762588787.3002052,1762588787.3336403,1762588787.364501,1762588787.4024935,1762588787.4414935,1762588787.478272,1762588787.5077732,1762588787.5394008,1762588787.5757997,1762588787.6132157,1762588787.6466103,1762588787.668391,1762588787.702227,1762588787.7347343,1762588787.7652307,1762588787.800661,1762588787.8305094,1762588787.8593056,1762588787.8969767,1762588787.9240725,1762588787.9765458,1762588788.0040247,1762588788.0348506,1762588788.0669916,1762588788.099251,1762588788.1374235,1762588788.164382,1762588788.1996298]}}'"
2025-11-08T11:42:52.764125,"b'{""advanced"":{""rppg"":[-0.21824229844014462,-0.5454415449271547,-0.8082400855973589,-1.0389426601924616,-1.107516590094082,-1.0327855702274853,-0.7601450605597722,-0.3244005932778757,0.2559875923301589,0.8741305276841641,1.4448672718393971,1.7993153751731332,1.8811683134561397,1.607808287934283,1.109208617530857,0.42674878625761414,-0.17118675287467916,-0.6831718095352289,-0.9302569217565865,-1.0488386409831443,-0.9979328888693534,-0.9803081655628979,-0.9743975256005682,-1.0719323521596285,-1.1294493042883007,-1.1122512286887354,-0.8983240371060606,-0.4716752917318381,0.14648799666190668,0.8355572156119979,1.4870734415675475,1.9172554506823667,2.0659535839655727,1.9000360023011669,1.497094482011082,0.9629929883211759,0.4331308191114188,-0.04923219820779459,-0.3926044059220883,-0.655435277907525,-0.770602647243893,-0.899623447468789,-0.9305506955833639,-1.0308719090200662,-1.056313127092855,-1.1502978304069886,-1.1585215782381375,-1.2108800636819876,-1.1118243355927702,-0.9332470580902662,-0.5686670481292264,-0.08333797058615566,0.5073824102723143,1.093501175924468,1.5822310660532957,1.8797222253843897,1.8989702573511802,1.6662110770702176,1.2320139364641434,0.6985090937120286,0.18955507844145023,-0.2515569874069723,-0.5318023061103068,-0.7204815751687497,-0.7780988545900825,-0.8760925636349335,-0.9391773938595477,-1.047042402478684,-1.040618511721491,-0.9340304292913467,-0.5731125025796091,-0.060638345208438034,0.6089313100986704,1.1957466726020536,1.6327463434440603,1.721882210679395,1.522617929866599,1.0336400873347311,0.46986882178923023,-0.1045359086649063,-0.490727674783094,-0.7509927558932961,-0.8111177555520469,-0.8402785232097362,-0.8097170309400172,-0.8846945850066857,-0.9732311708920237,-1.1557147278254427,-1.2631264316084914,-1.3149927925963205,-1.1614485362076872,-0.8169053248829614,-0.23887020214143748,0.4599262136280023,1.1606588840025478,1.6936378607958433,1.9536171081995564,1.8875442176382116,1.5499533291825653,1.069511058986818,0.5998172640067628,0.22281919169219175,-0.0331627551092365,-0.24639826195552592,-0.45748787111649586,-0.7739641154132714,-1.0855188451280438,-1.3136532623871815,-1.2546293329292613,-0.8680732049912315,-0.16158591494460622,0.6614175899145927,1.3927710850946073,1.757582382277065,1.700441499859061,1.212214796624609,0.5295219136102469,-0.18036532169407746,-0.6654277422890791,-0.9105997347835858,-0.8925642013177486,-0.7781646039157291,-0.6160548851413692,-0.5570949346515036,-0.5455779114688105,-0.6494271317534375,-0.7792226880420403,-0.9489491723037322,-1.0628851278088578,-1.1143019669058063,-0.9988433396102004,-0.6783240733988731,-0.13658886308165258,0.5540234015769049,1.2447324665438384,1.7634455504634017,2.0083067205202907,1.9131084182532636,1.5877950339901725,1.1071900388626124,0.6763884170180727,0.3069434231931951,0.06584359708591844,-0.18803329970956364,-0.4548465792466411,-0.8175946261124524,-1.128720813384805,-1.3226416837075294,-1.2370051964871842,-0.8846445404089184,-0.3411446825288974,0.24504611806774163,0.6793585759654163,0.8847790703591593,0.8311782101944251,0.6334650617160832,0.3987931207705406,0.2384991184116181,0.18256537680400034,0.14465229193940993,0.11159909545850283,-0.046042768587869425,-0.24279342634357903,-0.5536900316911819,-0.828741181844214,-1.0956410687474654,-1.2366267769719415,-1.2793718583032458,-1.1701945694240745,-0.916017648176851,-0.5031593142985333,0.04074584957651276,0.6151540190345596,1.1427998328162448,1.509169234770408,1.6386219500126116,1.5412444743942313,1.2428258911879353,0.8576307716734483,0.43067403977781293,0.11108552821942148,-0.1877556319823149,-0.35811121837396853,-0.5673824807052532,-0.7546166699255022,-0.9938270962697089,-1.198286658662878,-1.3462232876023392,-1.3028650546990501,-1.007358479494792,-0.4910999462651861,0.2251892153879707,0.9374311558018344,1.5525086183624643,1.882408811762007,1.863732514486934,1.5571156895737734,1.0558072044939832,0.5236011774716275,0.03962157344065766,-0.25890851400066256,-0.5061888271315909,-0.6141403114430061,-0.7378306134339746,-0.8258553413595869,-0.9674357853312974,-1.0481970681708974,-1.107136656828615,-1.0845764741153106,-1.0149475652084599,-0.8821344399830912,-0.6704508912262183,-0.37398182401510666,0.04418383378371282,0.5003842341783165,0.981351496492145,1.3307751899054028,1.474247802491617,1.3716326600756708,1.0282648030891102,0.4994644302615685,-0.07756205016791268,-0.6109962477591652,-0.9330204655676794,-1.0787286930277502,-0.9290430352725406,-0.5955727990813524,-0.054880394567016384,0.5467439818293984,1.0984398552438903,1.4632252793272083,1.5136003852803726,1.285110720010011,0.8120210331952592,0.24097342498984584,-0.3180792013285413,-0.6361913098433801,-0.7799047748554132,-0.7527489837058379,-0.6796412788649911,-0.7159778168067011,-0.8831270620180434,-1.0950663764765207,-1.277563764947774,-1.2147431968600337,-0.907854433286582,-0.2866899172964615,0.34400968598787296,0.9449629503132517,1.1834943957757877,1.1619632648130866,0.8623921604007279,0.5687541693676108,0.33602165035992904,0.1551992396722406,0.23685402325443883,-0.6260275526545831,-0.989692196832283,-1.2386662556373043,-1.2831103924771587,-1.0147161971522578,-0.4798908789733516,0.2670109224590618,1.0093466277816194,1.6148757320256732,1.905047745353328,1.8492900019134246,1.4752461280722073,0.9315564416487635,0.3700542448430519,-0.09178591027411537,-0.39817929712201117,-0.5897035987973712,-0.7427491982636273,-0.9253725151841429,-1.148504094207362,-1.3345608570596086,-1.3635402711261697,-1.100771516741394,-0.5501644026198845,0.23954970737593775,1.03076980455083,1.622943496299646,1.8175713890874494,1.5890139854926342,1.0219655377983161,0.3500598785878439,-0.24213488104754757,-0.6099630220775795,-0.7607404131555179,-0.7550429111878753,-0.7390366608249402,-0.8078613380249011,-0.9743834319611804,-1.144164366645925,-1.189642438681798,-0.9869885387215582,-0.4961356313995155,0.233701957402167,1.0320531828451756,1.7274198801820373,2.104080421548643,2.105801682396368,1.7297647222955497,1.1228916319752296,0.4192273212673784,-0.2197462182320145,-0.6905505428239959,-0.992143231695316,-1.1461330938165448,-1.2476534485634916,-1.2986166167012514,-1.315394084278857,-1.2275077607574623,-1.014097846138252,-0.6430162407546205,-0.14095878904025239,0.39732856518108917,0.8844869586684627,1.2105302043185164,1.355662090590915,1.2766642184214705,1.0139544042704478,0.5980709993751909,0.1245090652031325,-0.3063169365729688,-0.6180106262033648,-0.712202524902752,-0.5757276230697976,-0.24998918668582837,0.10757598034097916,0.3246841657784117,0.2995573049002491,-0.006753681359132731,-0.42172676628606887,-0.7816403415920264,-0.8251686630219945,-0.5290643673269386,0.10675548356731547,0.8141186442004232,1.3836000876916175,1.56580250084426,1.3484282604190363,0.8034531295666036,0.15954696283264502,-0.3911532976015575,-0.7089474286495857,-0.7958654119994001,-0.7301019532994646,-0.6540865833468783,-0.6451778194708463,-0.7592135075735269,-0.9256486132587041,-1.0947580010651545,-1.1515758341474511,-1.0524669401342661,-0.7517118185828656,-0.2948501961962435,0.264582696901223,0.823216476794043,1.3139156179630098,1.6580250699183174,1.7930676636971175,1.7128506387120481,1.4302226333129586,1.0275482457149174,0.549863351103154,0.113871478644546,-0.27194222537271434,-0.52836965127979,-0.7235320544048064,-0.8547686919449136,-0.9993363220354076,-1.1413263191293073,-1.254685094799889,-1.283272875537393,-1.1324253749752458,-0.7742506939072704,-0.21917876263603567,0.43710026673099467,1.076246854851581,1.5135942725148503,1.6715572823942826,1.5164546737237206,1.110053362659357,0.594835224518199,0.12247607495252133,-0.19327603733628465,-0.3803723522225947,-0.4644903999811309,-0.5628850768470711,-0.7174850802485762,-0.9598997665202004,-1.2074301688067337,-1.3291128690158203,-1.234590012060564,-0.8524500339791022,-0.2794376208240596,0.3820397787052577,0.9449711198569355,1.2960776424468101,1.3791851639596422,1.2415569409140812,0.9724787833095684,0.674910122221437,0.42288734444228493,0.2145789789070693,0.041210826425268327,-0.16436294591448372,-0.4226202589923407,-0.7632914616735539,-1.1214428760220283,-1.429239208944354,-1.578101737311426,-1.4658401675464305,-1.0628726854806607,-0.38858818047263904,0.433682921896994,1.205624683022388,1.759214650947029,1.9568380918595087,1.7969174055004695,1.3325949713908796,0.7368403501409325,0.17971081360339494,-0.22356480843119259,-0.43511787202108404,-0.4651134148559537,-0.42435399393888096,-0.3682011418441549,-0.40398003017009104,-0.4783221686348926,-0.6404026042556402,-0.7663277859340611,-0.8420515544054213,-0.7378413343209499,-0.49866548609676536,-0.10009749132116899,0.30622293965079933,0.6319199080907966,0.78212699944358,0.7365032389963541,0.4789805268410151,0.21845583114451894,-0.010665799979415561,-0.07161733366925525,-0.010310418171325665,0.11563653561967589,0.17731822271023423,0.08012206277922941,-0.16373298442689083,-0.5075021541008883,-0.9214350173485452,-1.217871325066926,-1.3552990948081893,-1.2483268159428138,-0.8753816960512809,-0.2665076423610746,0.47495871539790846,1.2088087406876689,1.808394814372114,2.1430129177855304,2.1124622916363216,1.7927104074586384,1.2376784045845628,0.6079892051258792,0.03245733099875636,-0.388297240203712,-0.7120374744072587,-0.9371251296766453,-1.1294072095653775,-1.3418320718666181,-1.4920291465087252,-1.493366076187713,-1.2977276717559345,-0.895310176815409,-0.27321042619362507,0.4073142582260529,1.0071327681114635,1.4087984673884788,1.5081789508009538,1.3423210948983069,0.9481821468210054,0.49536079652704235,0.04588559554637566,-0.2255683955943454,-0.436236363367372,-0.550603139163331,-0.7359344273050347,-1.004897067237665,-1.3399203033250018,-1.6070239286374834,-1.6297103045381136,-1.3144392999023888,-0.5967501744598108,0.3084513820398425,1.1905289264568948,1.7701741721854383,1.985704833172843,1.7909347761442556,1.3424599716852783,0.8804659268038914,0.4815120179653584,0.2573979975479038,0.045012124622126705,-0.17595578627025965,-0.486525290351935,-0.7493135552105799,-0.8772543438049616,-0.7789491292000507,-0.43475743042303655,-0.007095943945064854],""rppg_timestamps"":[1762588770.90264,1762588770.9315987,1762588770.963116,1762588770.997998,1762588771.0282404,1762588771.0622869,1762588771.0913496,1762588771.1246576,1762588771.1566064,1762588771.187347,1762588771.2377095,1762588771.2691453,1762588771.3039868,1762588771.3338187,1762588771.3644168,1762588771.398269,1762588771.434249,1762588771.46449,1762588771.4914079,1762588771.5264297,1762588771.5644572,1762588771.5931036,1762588771.6399117,1762588771.670175,1762588771.7005732,1762588771.7346685,1762588771.767356,1762588771.8016338,1762588771.8263927,1762588771.8634486,1762588771.9021142,1762588771.9351108,1762588771.9572713,1762588771.9912329,1762588772.038424,1762588772.0739338,1762588772.1013205,1762588772.135404,1762588772.1640413,1762588772.1958058,1762588772.2310636,1762588772.261044,1762588772.2938673,1762588772.3240743,1762588772.3571663,1762588772.3873756,1762588772.4366584,1762588772.4730704,1762588772.50175,1762588772.532186,1762588772.5644963,1762588772.5957813,1762588772.6270878,1762588772.6602213,1762588772.692633,1762588772.7226045,1762588772.7564783,1762588772.7899165,1762588772.8403976,1762588772.8707495,1762588772.9044654,1762588772.9414706,1762588772.9777327,1762588773.0117092,1762588773.0467682,1762588773.0666077,1762588773.0921314,1762588773.1233194,1762588773.1593983,1762588773.1889217,1762588773.241533,1762588773.280087,1762588773.3010025,1762588773.338281,1762588773.3641682,1762588773.3965814,1762588773.4275753,1762588773.4619715,1762588773.4943135,1762588773.5238419,1762588773.5591292,1762588773.5905817,1762588773.6439276,1762588773.681734,1762588773.7199006,1762588773.7536397,1762588773.7854288,1762588773.8178852,1762588773.8511856,1762588773.8756974,1762588773.8981292,1762588773.9266908,1762588773.9606516,1762588773.9916425,1762588774.0385907,1762588774.067277,1762588774.1019647,1762588774.1312675,1762588774.1648953,1762588774.1970346,1762588774.2293985,1762588774.2606277,1762588774.2964444,1762588774.3234835,1762588774.359171,1762588774.3903813,1762588774.440824,1762588774.4765606,1762588774.5089245,1762588774.5360856,1762588774.5651476,1762588774.5954168,1762588774.6270504,1762588774.6605332,1762588774.6910753,1762588774.7280447,1762588774.755516,1762588774.7878363,1762588774.8389711,1762588774.8743105,1762588774.9027543,1762588774.9373672,1762588774.9735742,1762588775.0063887,1762588775.0283396,1762588775.0593345,1762588775.0946355,1762588775.1241255,1762588775.1546466,1762588775.2040334,1762588775.237148,1762588775.2701917,1762588775.3039641,1762588775.3383536,1762588775.3666534,1762588775.397786,1762588775.426307,1762588775.4593556,1762588775.4910958,1762588775.5232482,1762588775.555714,1762588775.6081016,1762588775.646821,1762588775.6747112,1762588775.7035043,1762588775.7346509,1762588775.7671533,1762588775.7982373,1762588775.8287451,1762588775.8662882,1762588775.893601,1762588775.9248064,1762588775.955623,1762588776.0060813,1762588776.0381105,1762588776.069422,1762588776.099564,1762588776.131056,1762588776.1650934,1762588776.1998212,1762588776.2306032,1762588776.2587214,1762588776.2932448,1762588776.323672,1762588776.3544636,1762588776.4040687,1762588776.4356644,1762588776.467811,1762588776.4991415,1762588776.5316153,1762588776.5638947,1762588776.5972397,1762588776.6286392,1762588776.658576,1762588776.6918688,1762588776.7235773,1762588776.7552078,1762588776.8075202,1762588776.8348913,1762588776.868654,1762588776.9010687,1762588776.9320915,1762588776.9666665,1762588776.9971497,1762588777.0264604,1762588777.0584521,1762588777.090952,1762588777.123014,1762588777.1563914,1762588777.2036989,1762588777.238615,1762588777.2726533,1762588777.3030064,1762588777.3321693,1762588777.3641944,1762588777.4026933,1762588777.439965,1762588777.4620883,1762588777.4901075,1762588777.52392,1762588777.5546262,1762588777.6058953,1762588777.6365504,1762588777.6675503,1762588777.6999803,1762588777.732653,1762588777.7664192,1762588777.7946475,1762588777.8297954,1762588777.8623827,1762588777.8960805,1762588777.9347196,1762588777.9573894,1762588778.0028913,1762588778.0351198,1762588778.0690205,1762588778.1002035,1762588778.1338124,1762588778.1697178,1762588778.2065783,1762588778.2305465,1762588778.264576,1762588778.2994618,1762588778.327303,1762588778.358088,1762588778.4022307,1762588778.4365423,1762588778.467484,1762588778.5000823,1762588778.5318263,1762588778.5647578,1762588778.5982203,1762588778.626619,1762588778.6622772,1762588778.6965923,1762588778.7232206,1762588778.7569804,1762588778.8082726,1762588778.8356683,1762588778.8693395,1762588778.8986702,1762588778.9316146,1762588778.962926,1762588778.9996333,1762588779.0279727,1762588779.0593858,1762588779.09098,1762588779.1228023,1762588779.1574678,1762588779.2050931,1762588779.23649,1762588779.2686536,1762588779.3003576,1762588779.3338938,1762588779.365226,1762588779.3972006,1762588779.701189,1762588779.7338014,1762588779.7677965,1762588779.7987885,1762588779.8310146,1762588779.858763,1762588779.8917823,1762588779.9243808,1762588779.9560757,1762588780.003707,1762588780.0377672,1762588780.066727,1762588780.1002345,1762588780.13009,1762588780.1626487,1762588780.1952455,1762588780.2326312,1762588780.2588022,1762588780.29408,1762588780.3246162,1762588780.3558004,1762588780.4032404,1762588780.4360106,1762588780.4699614,1762588780.4999645,1762588780.5310638,1762588780.563256,1762588780.5948248,1762588780.6330936,1762588780.6641958,1762588780.6953278,1762588780.7232351,1762588780.7610245,1762588780.8084567,1762588780.8370063,1762588780.8668747,1762588780.9024527,1762588780.9329479,1762588780.9630647,1762588781.000675,1762588781.026905,1762588781.0600033,1762588781.0941815,1762588781.1264286,1762588781.1556683,1762588781.206885,1762588781.2379825,1762588781.27068,1762588781.3009665,1762588781.332831,1762588781.366787,1762588781.4001255,1762588781.4268725,1762588781.4597876,1762588781.4986713,1762588781.5307257,1762588781.5554767,1762588781.6092186,1762588781.6418164,1762588781.669266,1762588781.7023084,1762588781.7341228,1762588781.764901,1762588781.8008885,1762588781.829413,1762588781.8589568,1762588781.892601,1762588781.923213,1762588781.9578905,1762588782.0081465,1762588782.0388775,1762588782.0669358,1762588782.1013365,1762588782.132,1762588782.1650136,1762588782.1950307,1762588782.226056,1762588782.2596712,1762588782.2902212,1762588782.3232343,1762588782.356831,1762588782.4037645,1762588782.4349024,1762588782.4697156,1762588782.4994774,1762588782.5309975,1762588782.564043,1762588782.5956707,1762588782.63016,1762588782.6632218,1762588782.6906738,1762588782.7233937,1762588782.758044,1762588782.804489,1762588782.8357844,1762588782.868566,1762588782.8987405,1762588782.9332824,1762588782.9632256,1762588782.9975052,1762588783.030565,1762588783.0593965,1762588783.094099,1762588783.1262178,1762588783.1555526,1762588783.2099473,1762588783.2367465,1762588783.268446,1762588783.3016398,1762588783.3348386,1762588783.366278,1762588783.394526,1762588783.4273124,1762588783.4604053,1762588783.4915776,1762588783.52523,1762588783.5591688,1762588783.6081407,1762588783.640403,1762588783.6677303,1762588783.7005532,1762588783.736209,1762588783.765224,1762588783.7945032,1762588783.8267658,1762588783.8609185,1762588783.8960059,1762588783.9254897,1762588783.9588547,1762588784.0088806,1762588784.0472584,1762588784.0852225,1762588784.1043513,1762588784.1318884,1762588784.1637433,1762588784.1953478,1762588784.2283587,1762588784.26154,1762588784.2923217,1762588784.324149,1762588784.3543127,1762588784.4075963,1762588784.4413676,1762588784.4749825,1762588784.4986727,1762588784.5326333,1762588784.5657008,1762588784.6055245,1762588784.630558,1762588784.6614442,1762588784.6922565,1762588784.722433,1762588784.7550702,1762588784.8048124,1762588784.836153,1762588784.8689744,1762588784.8992546,1762588784.9313192,1762588784.9644551,1762588784.9949377,1762588785.0267394,1762588785.0609083,1762588785.0927804,1762588785.1227071,1762588785.1556315,1762588785.2039602,1762588785.2388027,1762588785.269639,1762588785.3004978,1762588785.33365,1762588785.3651042,1762588785.3953192,1762588785.4286747,1762588785.4587755,1762588785.4945636,1762588785.5287628,1762588785.5557404,1762588785.6036532,1762588785.63544,1762588785.667608,1762588785.702433,1762588785.733594,1762588785.765883,1762588785.7967217,1762588785.8273768,1762588785.8588731,1762588785.8906655,1762588785.9242246,1762588785.9556928,1762588786.0036266,1762588786.036759,1762588786.069037,1762588786.1071467,1762588786.137745,1762588786.1660528,1762588786.1972158,1762588786.2272787,1762588786.2617295,1762588786.2930064,1762588786.3242774,1762588786.3730583,1762588786.4040463,1762588786.434779,1762588786.4681804,1762588786.4984472,1762588786.532369,1762588786.5669866,1762588786.5961456,1762588786.6351197,1762588786.6585214,1762588786.6901572,1762588786.7252283,1762588786.772168,1762588786.8034341,1762588786.8364155,1762588786.8675747,1762588786.8989046,1762588786.9307816,1762588786.9649217,1762588786.9983683,1762588787.0282786,1762588787.064213,1762588787.0908692,1762588787.124233,1762588787.1721923,1762588787.2038527,1762588787.236962,1762588787.2674701,1762588787.3002052,1762588787.3336403,1762588787.364501,1762588787.4024935,1762588787.4414935,1762588787.478272,1762588787.5077732,1762588787.5394008,1762588787.5757997,1762588787.6132157,1762588787.6466103,1762588787.668391,1762588787.702227,1762588787.7347343,1762588787.7652307,1762588787.800661,1762588787.8305094,1762588787.8593056,1762588787.8969767,1762588787.9240725,1762588787.9765458,1762588788.0040247,1762588788.0348506,1762588788.0669916,1762588788.099251,1762588788.1374235,1762588788.164382,1762588788.1996298]}}'"
2025-11-08T11:42:53.732501,"b'{""advanced"":{""rppg"":[-0.21824229844014462,-0.5454415449271547,-0.8082400855973589,-1.0389426601924616,-1.107516590094082,-1.0327855702274853,-0.7601450605597722,-0.3244005932778757,0.2559875923301589,0.8741305276841641,1.4448672718393971,1.7993153751731332,1.8811683134561397,1.607808287934283,1.109208617530857,0.42674878625761414,-0.17118675287467916,-0.6831718095352289,-0.9302569217565865,-1.0488386409831443,-0.9979328888693534,-0.9803081655628979,-0.9743975256005682,-1.0719323521596285,-1.1294493042883007,-1.1122512286887354,-0.8983240371060606,-0.4716752917318381,0.14648799666190668,0.8355572156119979,1.4870734415675475,1.9172554506823667,2.0659535839655727,1.9000360023011669,1.497094482011082,0.9629929883211759,0.4331308191114188,-0.04923219820779459,-0.3926044059220883,-0.655435277907525,-0.770602647243893,-0.899623447468789,-0.9305506955833639,-1.0308719090200662,-1.056313127092855,-1.1502978304069886,-1.1585215782381375,-1.2108800636819876,-1.1118243355927702,-0.9332470580902662,-0.5686670481292264,-0.08333797058615566,0.5073824102723143,1.093501175924468,1.5822310660532957,1.8797222253843897,1.8989702573511802,1.6662110770702176,1.2320139364641434,0.6985090937120286,0.18955507844145023,-0.2515569874069723,-0.5318023061103068,-0.7204815751687497,-0.7780988545900825,-0.8760925636349335,-0.9391773938595477,-1.047042402478684,-1.040618511721491,-0.9340304292913467,-0.5731125025796091,-0.060638345208438034,0.6089313100986704,1.1957466726020536,1.6327463434440603,1.721882210679395,1.522617929866599,1.0336400873347311,0.46986882178923023,-0.1045359086649063,-0.490727674783094,-0.7509927558932961,-0.8111177555520469,-0.8402785232097362,-0.8097170309400172,-0.8846945850066857,-0.9732311708920237,-1.1557147278254427,-1.2631264316084914,-1.3149927925963205,-1.1614485362076872,-0.8169053248829614,-0.23887020214143748,0.4599262136280023,1.1606588840025478,1.6936378607958433,1.9536171081995564,1.8875442176382116,1.5499533291825653,1.069511058986818,0.5998172640067628,0.22281919169219175,-0.0331627551092365,-0.24639826195552592,-0.45748787111649586,-0.7739641154132714,-1.0855188451280438,-1.3136532623871815,-1.2546293329292613,-0.8680732049912315,-0.16158591494460622,0.6614175899145927,1.3927710850946073,1.757582382277065,1.700441499859061,1.212214796624609,0.5295219136102469,-0.18036532169407746,-0.6654277422890791,-0.9105997347835858,-0.8925642013177486,-0.7781646039157291,-0.6160548851413692,-0.5570949346515036,-0.5455779114688105,-0.6494271317534375,-0.7792226880420403,-0.9489491723037322,-1.0628851278088578,-1.1143019669058063,-0.9988433396102004,-0.6783240733988731,-0.13658886308165258,0.5540234015769049,1.2447324665438384,1.7634455504634017,2.0083067205202907,1.9131084182532636,1.5877950339901725,1.1071900388626124,0.6763884170180727,0.3069434231931951,0.06584359708591844,-0.18803329970956364,-0.4548465792466411,-0.8175946261124524,-1.128720813384805,-1.3226416837075294,-1.2370051964871842,-0.8846445404089184,-0.3411446825288974,0.24504611806774163,0.6793585759654163,0.8847790703591593,0.8311782101944251,0.6334650617160832,0.3987931207705406,0.2384991184116181,0.18256537680400034,0.14465229193940993,0.11159909545850283,-0.046042768587869425,-0.24279342634357903,-0.5536900316911819,-0.828741181844214,-1.0956410687474654,-1.2366267769719415,-1.2793718583032458,-1.1701945694240745,-0.916017648176851,-0.5031593142985333,0.04074584957651276,0.6151540190345596,1.1427998328162448,1.509169234770408,1.6386219500126116,1.5412444743942313,1.2428258911879353,0.8576307716734483,0.43067403977781293,0.11108552821942148,-0.1877556319823149,-0.35811121837396853,-0.5673824807052532,-0.7546166699255022,-0.9938270962697089,-1.198286658662878,-1.3462232876023392,-1.3028650546990501,-1.007358479494792,-0.4910999462651861,0.2251892153879707,0.9374311558018344,1.5525086183624643,1.882408811762007,1.863732514486934,1.5571156895737734,1.0558072044939832,0.5236011774716275,0.03962157344065766,-0.25890851400066256,-0.5061888271315909,-0.6141403114430061,-0.7378306134339746,-0.8258553413595869,-0.9674357853312974,-1.0481970681708974,-1.107136656828615,-1.0845764741153106,-1.0149475652084599,-0.8821344399830912,-0.6704508912262183,-0.37398182401510666,0.04418383378371282,0.5003842341783165,0.981351496492145,1.3307751899054028,1.474247802491617,1.3716326600756708,1.0282648030891102,0.4994644302615685,-0.07756205016791268,-0.6109962477591652,-0.9330204655676794,-1.0787286930277502,-0.9290430352725406,-0.5955727990813524,-0.054880394567016384,0.5467439818293984,1.0984398552438903,1.4632252793272083,1.5136003852803726,1.285110720010011,0.8120210331952592,0.24097342498984584,-0.3180792013285413,-0.6361913098433801,-0.7799047748554132,-0.7527489837058379,-0.6796412788649911,-0.7159778168067011,-0.8831270620180434,-1.0950663764765207,-1.277563764947774,-1.2147431968600337,-0.907854433286582,-0.2866899172964615,0.34400968598787296,0.9449629503132517,1.1834943957757877,1.1619632648130866,0.8623921604007279,0.5687541693676108,0.33602165035992904,0.1551992396722406,0.23685402325443883,-0.6260275526545831,-0.989692196832283,-1.2386662556373043,-1.2831103924771587,-1.0147161971522578,-0.4798908789733516,0.2670109224590618,1.0093466277816194,1.6148757320256732,1.905047745353328,1.8492900019134246,1.4752461280722073,0.9315564416487635,0.3700542448430519,-0.09178591027411537,-0.39817929712201117,-0.5897035987973712,-0.7427491982636273,-0.9253725151841429,-1.148504094207362,-1.3345608570596086,-1.3635402711261697,-1.100771516741394,-0.5501644026198845,0.23954970737593775,1.03076980455083,1.622943496299646,1.8175713890874494,1.5890139854926342,1.0219655377983161,0.3500598785878439,-0.24213488104754757,-0.6099630220775795,-0.7607404131555179,-0.7550429111878753,-0.7390366608249402,-0.8078613380249011,-0.9743834319611804,-1.144164366645925,-1.189642438681798,-0.9869885387215582,-0.4961356313995155,0.233701957402167,1.0320531828451756,1.7274198801820373,2.104080421548643,2.105801682396368,1.7297647222955497,1.1228916319752296,0.4192273212673784,-0.2197462182320145,-0.6905505428239959,-0.992143231695316,-1.1461330938165448,-1.2476534485634916,-1.2986166167012514,-1.315394084278857,-1.2275077607574623,-1.014097846138252,-0.6430162407546205,-0.14095878904025239,0.39732856518108917,0.8844869586684627,1.2105302043185164,1.355662090590915,1.2766642184214705,1.0139544042704478,0.5980709993751909,0.1245090652031325,-0.3063169365729688,-0.6180106262033648,-0.712202524902752,-0.5757276230697976,-0.24998918668582837,0.10757598034097916,0.3246841657784117,0.2995573049002491,-0.006753681359132731,-0.42172676628606887,-0.7816403415920264,-0.8251686630219945,-0.5290643673269386,0.10675548356731547,0.8141186442004232,1.3836000876916175,1.56580250084426,1.3484282604190363,0.8034531295666036,0.15954696283264502,-0.3911532976015575,-0.7089474286495857,-0.7958654119994001,-0.7301019532994646,-0.6540865833468783,-0.6451778194708463,-0.7592135075735269,-0.9256486132587041,-1.0947580010651545,-1.1515758341474511,-1.0524669401342661,-0.7517118185828656,-0.2948501961962435,0.264582696901223,0.823216476794043,1.3139156179630098,1.6580250699183174,1.7930676636971175,1.7128506387120481,1.4302226333129586,1.0275482457149174,0.549863351103154,0.113871478644546,-0.27194222537271434,-0.52836965127979,-0.7235320544048064,-0.8547686919449136,-0.9993363220354076,-1.1413263191293073,-1.254685094799889,-1.283272875537393,-1.1324253749752458,-0.7742506939072704,-0.21917876263603567,0.43710026673099467,1.076246854851581,1.5135942725148503,1.6715572823942826,1.5164546737237206,1.110053362659357,0.594835224518199,0.12247607495252133,-0.19327603733628465,-0.3803723522225947,-0.4644903999811309,-0.5628850768470711,-0.7174850802485762,-0.9598997665202004,-1.2074301688067337,-1.3291128690158203,-1.234590012060564,-0.8524500339791022,-0.2794376208240596,0.3820397787052577,0.9449711198569355,1.2960776424468101,1.3791851639596422,1.2415569409140812,0.9724787833095684,0.674910122221437,0.42288734444228493,0.2145789789070693,0.041210826425268327,-0.16436294591448372,-0.4226202589923407,-0.7632914616735539,-1.1214428760220283,-1.429239208944354,-1.578101737311426,-1.4658401675464305,-1.0628726854806607,-0.38858818047263904,0.433682921896994,1.205624683022388,1.759214650947029,1.9568380918595087,1.7969174055004695,1.3325949713908796,0.7368403501409325,0.17971081360339494,-0.22356480843119259,-0.43511787202108404,-0.4651134148559537,-0.42435399393888096,-0.3682011418441549,-0.40398003017009104,-0.4783221686348926,-0.6404026042556402,-0.7663277859340611,-0.8420515544054213,-0.7378413343209499,-0.49866548609676536,-0.10009749132116899,0.30622293965079933,0.6319199080907966,0.78212699944358,0.7365032389963541,0.4789805268410151,0.21845583114451894,-0.010665799979415561,-0.07161733366925525,-0.010310418171325665,0.11563653561967589,0.17731822271023423,0.08012206277922941,-0.16373298442689083,-0.5075021541008883,-0.9214350173485452,-1.217871325066926,-1.3552990948081893,-1.2483268159428138,-0.8753816960512809,-0.2665076423610746,0.47495871539790846,1.2088087406876689,1.808394814372114,2.1430129177855304,2.1124622916363216,1.7927104074586384,1.2376784045845628,0.6079892051258792,0.03245733099875636,-0.388297240203712,-0.7120374744072587,-0.9371251296766453,-1.1294072095653775,-1.3418320718666181,-1.4920291465087252,-1.493366076187713,-1.2977276717559345,-0.895310176815409,-0.27321042619362507,0.4073142582260529,1.0071327681114635,1.4087984673884788,1.5081789508009538,1.3423210948983069,0.9481821468210054,0.49536079652704235,0.04588559554637566,-0.2255683955943454,-0.436236363367372,-0.550603139163331,-0.7359344273050347,-1.004897067237665,-1.3399203033250018,-1.6070239286374834,-1.6297103045381136,-1.3144392999023888,-0.5967501744598108,0.3084513820398425,1.1905289264568948,1.7701741721854383,1.985704833172843,1.7909347761442556,1.3424599716852783,0.8804659268038914,0.4815120179653584,0.2573979975479038,0.045012124622126705,-0.17595578627025965,-0.486525290351935,-0.7493135552105799,-0.8772543438049616,-0.7789491292000507,-0.43475743042303655,-0.007095943945064854],""rppg_timestamps"":[1762588770.90264,1762588770.9315987,1762588770.963116,1762588770.997998,1762588771.0282404,1762588771.0622869,1762588771.0913496,1762588771.1246576,1762588771.1566064,1762588771.187347,1762588771.2377095,1762588771.2691453,1762588771.3039868,1762588771.3338187,1762588771.3644168,1762588771.398269,1762588771.434249,1762588771.46449,1762588771.4914079,1762588771.5264297,1762588771.5644572,1762588771.5931036,1762588771.6399117,1762588771.670175,1762588771.7005732,1762588771.7346685,1762588771.767356,1762588771.8016338,1762588771.8263927,1762588771.8634486,1762588771.9021142,1762588771.9351108,1762588771.9572713,1762588771.9912329,1762588772.038424,1762588772.0739338,1762588772.1013205,1762588772.135404,1762588772.1640413,1762588772.1958058,1762588772.2310636,1762588772.261044,1762588772.2938673,1762588772.3240743,1762588772.3571663,1762588772.3873756,1762588772.4366584,1762588772.4730704,1762588772.50175,1762588772.532186,1762588772.5644963,1762588772.5957813,1762588772.6270878,1762588772.6602213,1762588772.692633,1762588772.7226045,1762588772.7564783,1762588772.7899165,1762588772.8403976,1762588772.8707495,1762588772.9044654,1762588772.9414706,1762588772.9777327,1762588773.0117092,1762588773.0467682,1762588773.0666077,1762588773.0921314,1762588773.1233194,1762588773.1593983,1762588773.1889217,1762588773.241533,1762588773.280087,1762588773.3010025,1762588773.338281,1762588773.3641682,1762588773.3965814,1762588773.4275753,1762588773.4619715,1762588773.4943135,1762588773.5238419,1762588773.5591292,1762588773.5905817,1762588773.6439276,1762588773.681734,1762588773.7199006,1762588773.7536397,1762588773.7854288,1762588773.8178852,1762588773.8511856,1762588773.8756974,1762588773.8981292,1762588773.9266908,1762588773.9606516,1762588773.9916425,1762588774.0385907,1762588774.067277,1762588774.1019647,1762588774.1312675,1762588774.1648953,1762588774.1970346,1762588774.2293985,1762588774.2606277,1762588774.2964444,1762588774.3234835,1762588774.359171,1762588774.3903813,1762588774.440824,1762588774.4765606,1762588774.5089245,1762588774.5360856,1762588774.5651476,1762588774.5954168,1762588774.6270504,1762588774.6605332,1762588774.6910753,1762588774.7280447,1762588774.755516,1762588774.7878363,1762588774.8389711,1762588774.8743105,1762588774.9027543,1762588774.9373672,1762588774.9735742,1762588775.0063887,1762588775.0283396,1762588775.0593345,1762588775.0946355,1762588775.1241255,1762588775.1546466,1762588775.2040334,1762588775.237148,1762588775.2701917,1762588775.3039641,1762588775.3383536,1762588775.3666534,1762588775.397786,1762588775.426307,1762588775.4593556,1762588775.4910958,1762588775.5232482,1762588775.555714,1762588775.6081016,1762588775.646821,1762588775.6747112,1762588775.7035043,1762588775.7346509,1762588775.7671533,1762588775.7982373,1762588775.8287451,1762588775.8662882,1762588775.893601,1762588775.9248064,1762588775.955623,1762588776.0060813,1762588776.0381105,1762588776.069422,1762588776.099564,1762588776.131056,1762588776.1650934,1762588776.1998212,1762588776.2306032,1762588776.2587214,1762588776.2932448,1762588776.323672,1762588776.3544636,1762588776.4040687,1762588776.4356644,1762588776.467811,1762588776.4991415,1762588776.5316153,1762588776.5638947,1762588776.5972397,1762588776.6286392,1762588776.658576,1762588776.6918688,1762588776.7235773,1762588776.7552078,1762588776.8075202,1762588776.8348913,1762588776.868654,1762588776.9010687,1762588776.9320915,1762588776.9666665,1762588776.9971497,1762588777.0264604,1762588777.0584521,1762588777.090952,1762588777.123014,1762588777.1563914,1762588777.2036989,1762588777.238615,1762588777.2726533,1762588777.3030064,1762588777.3321693,1762588777.3641944,1762588777.4026933,1762588777.439965,1762588777.4620883,1762588777.4901075,1762588777.52392,1762588777.5546262,1762588777.6058953,1762588777.6365504,1762588777.6675503,1762588777.6999803,1762588777.732653,1762588777.7664192,1762588777.7946475,1762588777.8297954,1762588777.8623827,1762588777.8960805,1762588777.9347196,1762588777.9573894,1762588778.0028913,1762588778.0351198,1762588778.0690205,1762588778.1002035,1762588778.1338124,1762588778.1697178,1762588778.2065783,1762588778.2305465,1762588778.264576,1762588778.2994618,1762588778.327303,1762588778.358088,1762588778.4022307,1762588778.4365423,1762588778.467484,1762588778.5000823,1762588778.5318263,1762588778.5647578,1762588778.5982203,1762588778.626619,1762588778.6622772,1762588778.6965923,1762588778.7232206,1762588778.7569804,1762588778.8082726,1762588778.8356683,1762588778.8693395,1762588778.8986702,1762588778.9316146,1762588778.962926,1762588778.9996333,1762588779.0279727,1762588779.0593858,1762588779.09098,1762588779.1228023,1762588779.1574678,1762588779.2050931,1762588779.23649,1762588779.2686536,1762588779.3003576,1762588779.3338938,1762588779.365226,1762588779.3972006,1762588779.701189,1762588779.7338014,1762588779.7677965,1762588779.7987885,1762588779.8310146,1762588779.858763,1762588779.8917823,1762588779.9243808,1762588779.9560757,1762588780.003707,1762588780.0377672,1762588780.066727,1762588780.1002345,1762588780.13009,1762588780.1626487,1762588780.1952455,1762588780.2326312,1762588780.2588022,1762588780.29408,1762588780.3246162,1762588780.3558004,1762588780.4032404,1762588780.4360106,1762588780.4699614,1762588780.4999645,1762588780.5310638,1762588780.563256,1762588780.5948248,1762588780.6330936,1762588780.6641958,1762588780.6953278,1762588780.7232351,1762588780.7610245,1762588780.8084567,1762588780.8370063,1762588780.8668747,1762588780.9024527,1762588780.9329479,1762588780.9630647,1762588781.000675,1762588781.026905,1762588781.0600033,1762588781.0941815,1762588781.1264286,1762588781.1556683,1762588781.206885,1762588781.2379825,1762588781.27068,1762588781.3009665,1762588781.332831,1762588781.366787,1762588781.4001255,1762588781.4268725,1762588781.4597876,1762588781.4986713,1762588781.5307257,1762588781.5554767,1762588781.6092186,1762588781.6418164,1762588781.669266,1762588781.7023084,1762588781.7341228,1762588781.764901,1762588781.8008885,1762588781.829413,1762588781.8589568,1762588781.892601,1762588781.923213,1762588781.9578905,1762588782.0081465,1762588782.0388775,1762588782.0669358,1762588782.1013365,1762588782.132,1762588782.1650136,1762588782.1950307,1762588782.226056,1762588782.2596712,1762588782.2902212,1762588782.3232343,1762588782.356831,1762588782.4037645,1762588782.4349024,1762588782.4697156,1762588782.4994774,1762588782.5309975,1762588782.564043,1762588782.5956707,1762588782.63016,1762588782.6632218,1762588782.6906738,1762588782.7233937,1762588782.758044,1762588782.804489,1762588782.8357844,1762588782.868566,1762588782.8987405,1762588782.9332824,1762588782.9632256,1762588782.9975052,1762588783.030565,1762588783.0593965,1762588783.094099,1762588783.1262178,1762588783.1555526,1762588783.2099473,1762588783.2367465,1762588783.268446,1762588783.3016398,1762588783.3348386,1762588783.366278,1762588783.394526,1762588783.4273124,1762588783.4604053,1762588783.4915776,1762588783.52523,1762588783.5591688,1762588783.6081407,1762588783.640403,1762588783.6677303,1762588783.7005532,1762588783.736209,1762588783.765224,1762588783.7945032,1762588783.8267658,1762588783.8609185,1762588783.8960059,1762588783.9254897,1762588783.9588547,1762588784.0088806,1762588784.0472584,1762588784.0852225,1762588784.1043513,1762588784.1318884,1762588784.1637433,1762588784.1953478,1762588784.2283587,1762588784.26154,1762588784.2923217,1762588784.324149,1762588784.3543127,1762588784.4075963,1762588784.4413676,1762588784.4749825,1762588784.4986727,1762588784.5326333,1762588784.5657008,1762588784.6055245,1762588784.630558,1762588784.6614442,1762588784.6922565,1762588784.722433,1762588784.7550702,1762588784.8048124,1762588784.836153,1762588784.8689744,1762588784.8992546,1762588784.9313192,1762588784.9644551,1762588784.9949377,1762588785.0267394,1762588785.0609083,1762588785.0927804,1762588785.1227071,1762588785.1556315,1762588785.2039602,1762588785.2388027,1762588785.269639,1762588785.3004978,1762588785.33365,1762588785.3651042,1762588785.3953192,1762588785.4286747,1762588785.4587755,1762588785.4945636,1762588785.5287628,1762588785.5557404,1762588785.6036532,1762588785.63544,1762588785.667608,1762588785.702433,1762588785.733594,1762588785.765883,1762588785.7967217,1762588785.8273768,1762588785.8588731,1762588785.8906655,1762588785.9242246,1762588785.9556928,1762588786.0036266,1762588786.036759,1762588786.069037,1762588786.1071467,1762588786.137745,1762588786.1660528,1762588786.1972158,1762588786.2272787,1762588786.2617295,1762588786.2930064,1762588786.3242774,1762588786.3730583,1762588786.4040463,1762588786.434779,1762588786.4681804,1762588786.4984472,1762588786.532369,1762588786.5669866,1762588786.5961456,1762588786.6351197,1762588786.6585214,1762588786.6901572,1762588786.7252283,1762588786.772168,1762588786.8034341,1762588786.8364155,1762588786.8675747,1762588786.8989046,1762588786.9307816,1762588786.9649217,1762588786.9983683,1762588787.0282786,1762588787.064213,1762588787.0908692,1762588787.124233,1762588787.1721923,1762588787.2038527,1762588787.236962,1762588787.2674701,1762588787.3002052,1762588787.3336403,1762588787.364501,1762588787.4024935,1762588787.4414935,1762588787.478272,1762588787.5077732,1762588787.5394008,1762588787.5757997,1762588787.6132157,1762588787.6466103,1762588787.668391,1762588787.702227,1762588787.7347343,1762588787.7652307,1762588787.800661,1762588787.8305094,1762588787.8593056,1762588787.8969767,1762588787.9240725,1762588787.9765458,1762588788.0040247,1762588788.0348506,1762588788.0669916,1762588788.099251,1762588788.1374235,1762588788.164382,1762588788.1996298]}}'"
2025-11-08T11:42:54.757279,"b'{""advanced"":{""rppg"":[-0.21824229844014462,-0.5454415449271547,-0.8082400855973589,-1.0389426601924616,-1.107516590094082,-1.0327855702274853,-0.7601450605597722,-0.3244005932778757,0.2559875923301589,0.8741305276841641,1.4448672718393971,1.7993153751731332,1.8811683134561397,1.607808287934283,1.109208617530857,0.42674878625761414,-0.17118675287467916,-0.6831718095352289,-0.9302569217565865,-1.0488386409831443,-0.9979328888693534,-0.9803081655628979,-0.9743975256005682,-1.0719323521596285,-1.1294493042883007,-1.1122512286887354,-0.8983240371060606,-0.4716752917318381,0.14648799666190668,0.8355572156119979,1.4870734415675475,1.9172554506823667,2.0659535839655727,1.9000360023011669,1.497094482011082,0.9629929883211759,0.4331308191114188,-0.04923219820779459,-0.3926044059220883,-0.655435277907525,-0.770602647243893,-0.899623447468789,-0.9305506955833639,-1.0308719090200662,-1.056313127092855,-1.1502978304069886,-1.1585215782381375,-1.2108800636819876,-1.1118243355927702,-0.9332470580902662,-0.5686670481292264,-0.08333797058615566,0.5073824102723143,1.093501175924468,1.5822310660532957,1.8797222253843897,1.8989702573511802,1.6662110770702176,1.2320139364641434,0.6985090937120286,0.18955507844145023,-0.2515569874069723,-0.5318023061103068,-0.7204815751687497,-0.7780988545900825,-0.8760925636349335,-0.9391773938595477,-1.047042402478684,-1.040618511721491,-0.9340304292913467,-0.5731125025796091,-0.060638345208438034,0.6089313100986704,1.1957466726020536,1.6327463434440603,1.721882210679395,1.522617929866599,1.0336400873347311,0.46986882178923023,-0.1045359086649063,-0.490727674783094,-0.7509927558932961,-0.8111177555520469,-0.8402785232097362,-0.8097170309400172,-0.8846945850066857,-0.9732311708920237,-1.1557147278254427,-1.2631264316084914,-1.3149927925963205,-1.1614485362076872,-0.8169053248829614,-0.23887020214143748,0.4599262136280023,1.1606588840025478,1.6936378607958433,1.9536171081995564,1.8875442176382116,1.5499533291825653,1.069511058986818,0.5998172640067628,0.22281919169219175,-0.0331627551092365,-0.24639826195552592,-0.45748787111649586,-0.7739641154132714,-1.0855188451280438,-1.3136532623871815,-1.2546293329292613,-0.8680732049912315,-0.16158591494460622,0.6614175899145927,1.3927710850946073,1.757582382277065,1.700441499859061,1.212214796624609,0.5295219136102469,-0.18036532169407746,-0.6654277422890791,-0.9105997347835858,-0.8925642013177486,-0.7781646039157291,-0.6160548851413692,-0.5570949346515036,-0.5455779114688105,-0.6494271317534375,-0.7792226880420403,-0.9489491723037322,-1.0628851278088578,-1.1143019669058063,-0.9988433396102004,-0.6783240733988731,-0.13658886308165258,0.5540234015769049,1.2447324665438384,1.7634455504634017,2.0083067205202907,1.9131084182532636,1.5877950339901725,1.1071900388626124,0.6763884170180727,0.3069434231931951,0.06584359708591844,-0.18803329970956364,-0.4548465792466411,-0.8175946261124524,-1.128720813384805,-1.3226416837075294,-1.2370051964871842,-0.8846445404089184,-0.3411446825288974,0.24504611806774163,0.6793585759654163,0.8847790703591593,0.8311782101944251,0.6334650617160832,0.3987931207705406,0.2384991184116181,0.18256537680400034,0.14465229193940993,0.11159909545850283,-0.046042768587869425,-0.24279342634357903,-0.5536900316911819,-0.828741181844214,-1.0956410687474654,-1.2366267769719415,-1.2793718583032458,-1.1701945694240745,-0.916017648176851,-0.5031593142985333,0.04074584957651276,0.6151540190345596,1.1427998328162448,1.509169234770408,1.6386219500126116,1.5412444743942313,1.2428258911879353,0.8576307716734483,0.43067403977781293,0.11108552821942148,-0.1877556319823149,-0.35811121837396853,-0.5673824807052532,-0.7546166699255022,-0.9938270962697089,-1.198286658662878,-1.3462232876023392,-1.3028650546990501,-1.007358479494792,-0.4910999462651861,0.2251892153879707,0.9374311558018344,1.5525086183624643,1.882408811762007,1.863732514486934,1.5571156895737734,1.0558072044939832,0.5236011774716275,0.03962157344065766,-0.25890851400066256,-0.5061888271315909,-0.6141403114430061,-0.7378306134339746,-0.8258553413595869,-0.9674357853312974,-1.0481970681708974,-1.107136656828615,-1.0845764741153106,-1.0149475652084599,-0.8821344399830912,-0.6704508912262183,-0.37398182401510666,0.04418383378371282,0.5003842341783165,0.981351496492145,1.3307751899054028,1.474247802491617,1.3716326600756708,1.0282648030891102,0.4994644302615685,-0.07756205016791268,-0.6109962477591652,-0.9330204655676794,-1.0787286930277502,-0.9290430352725406,-0.5955727990813524,-0.054880394567016384,0.5467439818293984,1.0984398552438903,1.4632252793272083,1.5136003852803726,1.285110720010011,0.8120210331952592,0.24097342498984584,-0.3180792013285413,-0.6361913098433801,-0.7799047748554132,-0.7527489837058379,-0.6796412788649911,-0.7159778168067011,-0.8831270620180434,-1.0950663764765207,-1.277563764947774,-1.2147431968600337,-0.907854433286582,-0.2866899172964615,0.34400968598787296,0.9449629503132517,1.1834943957757877,1.1619632648130866,0.8623921604007279,0.5687541693676108,0.33602165035992904,0.1551992396722406,0.23685402325443883,-0.6260275526545831,-0.989692196832283,-1.2386662556373043,-1.2831103924771587,-1.0147161971522578,-0.4798908789733516,0.2670109224590618,1.0093466277816194,1.6148757320256732,1.905047745353328,1.8492900019134246,1.4752461280722073,0.9315564416487635,0.3700542448430519,-0.09178591027411537,-0.39817929712201117,-0.5897035987973712,-0.7427491982636273,-0.9253725151841429,-1.148504094207362,-1.3345608570596086,-1.3635402711261697,-1.100771516741394,-0.5501644026198845,0.23954970737593775,1.03076980455083,1.622943496299646,1.8175713890874494,1.5890139854926342,1.0219655377983161,0.3500598785878439,-0.24213488104754757,-0.6099630220775795,-0.7607404131555179,-0.7550429111878753,-0.7390366608249402,-0.8078613380249011,-0.9743834319611804,-1.144164366645925,-1.189642438681798,-0.9869885387215582,-0.4961356313995155,0.233701957402167,1.0320531828451756,1.7274198801820373,2.104080421548643,2.105801682396368,1.7297647222955497,1.1228916319752296,0.4192273212673784,-0.2197462182320145,-0.6905505428239959,-0.992143231695316,-1.1461330938165448,-1.2476534485634916,-1.2986166167012514,-1.315394084278857,-1.2275077607574623,-1.014097846138252,-0.6430162407546205,-0.14095878904025239,0.39732856518108917,0.8844869586684627,1.2105302043185164,1.355662090590915,1.2766642184214705,1.0139544042704478,0.5980709993751909,0.1245090652031325,-0.3063169365729688,-0.6180106262033648,-0.712202524902752,-0.5757276230697976,-0.24998918668582837,0.10757598034097916,0.3246841657784117,0.2995573049002491,-0.006753681359132731,-0.42172676628606887,-0.7816403415920264,-0.8251686630219945,-0.5290643673269386,0.10675548356731547,0.8141186442004232,1.3836000876916175,1.56580250084426,1.3484282604190363,0.8034531295666036,0.15954696283264502,-0.3911532976015575,-0.7089474286495857,-0.7958654119994001,-0.7301019532994646,-0.6540865833468783,-0.6451778194708463,-0.7592135075735269,-0.9256486132587041,-1.0947580010651545,-1.1515758341474511,-1.0524669401342661,-0.7517118185828656,-0.2948501961962435,0.264582696901223,0.823216476794043,1.3139156179630098,1.6580250699183174,1.7930676636971175,1.7128506387120481,1.4302226333129586,1.0275482457149174,0.549863351103154,0.113871478644546,-0.27194222537271434,-0.52836965127979,-0.7235320544048064,-0.8547686919449136,-0.9993363220354076,-1.1413263191293073,-1.254685094799889,-1.283272875537393,-1.1324253749752458,-0.7742506939072704,-0.21917876263603567,0.43710026673099467,1.076246854851581,1.5135942725148503,1.6715572823942826,1.5164546737237206,1.110053362659357,0.594835224518199,0.12247607495252133,-0.19327603733628465,-0.3803723522225947,-0.4644903999811309,-0.5628850768470711,-0.7174850802485762,-0.9598997665202004,-1.2074301688067337,-1.3291128690158203,-1.234590012060564,-0.8524500339791022,-0.2794376208240596,0.3820397787052577,0.9449711198569355,1.2960776424468101,1.3791851639596422,1.2415569409140812,0.9724787833095684,0.674910122221437,0.42288734444228493,0.2145789789070693,0.041210826425268327,-0.16436294591448372,-0.4226202589923407,-0.7632914616735539,-1.1214428760220283,-1.429239208944354,-1.578101737311426,-1.4658401675464305,-1.0628726854806607,-0.38858818047263904,0.433682921896994,1.205624683022388,1.759214650947029,1.9568380918595087,1.7969174055004695,1.3325949713908796,0.7368403501409325,0.17971081360339494,-0.22356480843119259,-0.43511787202108404,-0.4651134148559537,-0.42435399393888096,-0.3682011418441549,-0.40398003017009104,-0.4783221686348926,-0.6404026042556402,-0.7663277859340611,-0.8420515544054213,-0.7378413343209499,-0.49866548609676536,-0.10009749132116899,0.30622293965079933,0.6319199080907966,0.78212699944358,0.7365032389963541,0.4789805268410151,0.21845583114451894,-0.010665799979415561,-0.07161733366925525,-0.010310418171325665,0.11563653561967589,0.17731822271023423,0.08012206277922941,-0.16373298442689083,-0.5075021541008883,-0.9214350173485452,-1.217871325066926,-1.3552990948081893,-1.2483268159428138,-0.8753816960512809,-0.2665076423610746,0.47495871539790846,1.2088087406876689,1.808394814372114,2.1430129177855304,2.1124622916363216,1.7927104074586384,1.2376784045845628,0.6079892051258792,0.03245733099875636,-0.388297240203712,-0.7120374744072587,-0.9371251296766453,-1.1294072095653775,-1.3418320718666181,-1.4920291465087252,-1.493366076187713,-1.2977276717559345,-0.895310176815409,-0.27321042619362507,0.4073142582260529,1.0071327681114635,1.4087984673884788,1.5081789508009538,1.3423210948983069,0.9481821468210054,0.49536079652704235,0.04588559554637566,-0.2255683955943454,-0.436236363367372,-0.550603139163331,-0.7359344273050347,-1.004897067237665,-1.3399203033250018,-1.6070239286374834,-1.6297103045381136,-1.3144392999023888,-0.5967501744598108,0.3084513820398425,1.1905289264568948,1.7701741721854383,1.985704833172843,1.7909347761442556,1.3424599716852783,0.8804659268038914,0.4815120179653584,0.2573979975479038,0.045012124622126705,-0.17595578627025965,-0.486525290351935,-0.7493135552105799,-0.8772543438049616,-0.7789491292000507,-0.43475743042303655,-0.007095943945064854],""rppg_timestamps"":[1762588770.90264,1762588770.9315987,1762588770.963116,1762588770.997998,1762588771.0282404,1762588771.0622869,1762588771.0913496,1762588771.1246576,1762588771.1566064,1762588771.187347,1762588771.2377095,1762588771.2691453,1762588771.3039868,1762588771.3338187,1762588771.3644168,1762588771.398269,1762588771.434249,1762588771.46449,1762588771.4914079,1762588771.5264297,1762588771.5644572,1762588771.5931036,1762588771.6399117,1762588771.670175,1762588771.7005732,1762588771.7346685,1762588771.767356,1762588771.8016338,1762588771.8263927,1762588771.8634486,1762588771.9021142,1762588771.9351108,1762588771.9572713,1762588771.9912329,1762588772.038424,1762588772.0739338,1762588772.1013205,1762588772.135404,1762588772.1640413,1762588772.1958058,1762588772.2310636,1762588772.261044,1762588772.2938673,1762588772.3240743,1762588772.3571663,1762588772.3873756,1762588772.4366584,1762588772.4730704,1762588772.50175,1762588772.532186,1762588772.5644963,1762588772.5957813,1762588772.6270878,1762588772.6602213,1762588772.692633,1762588772.7226045,1762588772.7564783,1762588772.7899165,1762588772.8403976,1762588772.8707495,1762588772.9044654,1762588772.9414706,1762588772.9777327,1762588773.0117092,1762588773.0467682,1762588773.0666077,1762588773.0921314,1762588773.1233194,1762588773.1593983,1762588773.1889217,1762588773.241533,1762588773.280087,1762588773.3010025,1762588773.338281,1762588773.3641682,1762588773.3965814,1762588773.4275753,1762588773.4619715,1762588773.4943135,1762588773.5238419,1762588773.5591292,1762588773.5905817,1762588773.6439276,1762588773.681734,1762588773.7199006,1762588773.7536397,1762588773.7854288,1762588773.8178852,1762588773.8511856,1762588773.8756974,1762588773.8981292,1762588773.9266908,1762588773.9606516,1762588773.9916425,1762588774.0385907,1762588774.067277,1762588774.1019647,1762588774.1312675,1762588774.1648953,1762588774.1970346,1762588774.2293985,1762588774.2606277,1762588774.2964444,1762588774.3234835,1762588774.359171,1762588774.3903813,1762588774.440824,1762588774.4765606,1762588774.5089245,1762588774.5360856,1762588774.5651476,1762588774.5954168,1762588774.6270504,1762588774.6605332,1762588774.6910753,1762588774.7280447,1762588774.755516,1762588774.7878363,1762588774.8389711,1762588774.8743105,1762588774.9027543,1762588774.9373672,1762588774.9735742,1762588775.0063887,1762588775.0283396,1762588775.0593345,1762588775.0946355,1762588775.1241255,1762588775.1546466,1762588775.2040334,1762588775.237148,1762588775.2701917,1762588775.3039641,1762588775.3383536,1762588775.3666534,1762588775.397786,1762588775.426307,1762588775.4593556,1762588775.4910958,1762588775.5232482,1762588775.555714,1762588775.6081016,1762588775.646821,1762588775.6747112,1762588775.7035043,1762588775.7346509,1762588775.7671533,1762588775.7982373,1762588775.8287451,1762588775.8662882,1762588775.893601,1762588775.9248064,1762588775.955623,1762588776.0060813,1762588776.0381105,1762588776.069422,1762588776.099564,1762588776.131056,1762588776.1650934,1762588776.1998212,1762588776.2306032,1762588776.2587214,1762588776.2932448,1762588776.323672,1762588776.3544636,1762588776.4040687,1762588776.4356644,1762588776.467811,1762588776.4991415,1762588776.5316153,1762588776.5638947,1762588776.5972397,1762588776.6286392,1762588776.658576,1762588776.6918688,1762588776.7235773,1762588776.7552078,1762588776.8075202,1762588776.8348913,1762588776.868654,1762588776.9010687,1762588776.9320915,1762588776.9666665,1762588776.9971497,1762588777.0264604,1762588777.0584521,1762588777.090952,1762588777.123014,1762588777.1563914,1762588777.2036989,1762588777.238615,1762588777.2726533,1762588777.3030064,1762588777.3321693,1762588777.3641944,1762588777.4026933,1762588777.439965,1762588777.4620883,1762588777.4901075,1762588777.52392,1762588777.5546262,1762588777.6058953,1762588777.6365504,1762588777.6675503,1762588777.6999803,1762588777.732653,1762588777.7664192,1762588777.7946475,1762588777.8297954,1762588777.8623827,1762588777.8960805,1762588777.9347196,1762588777.9573894,1762588778.0028913,1762588778.0351198,1762588778.0690205,1762588778.1002035,1762588778.1338124,1762588778.1697178,1762588778.2065783,1762588778.2305465,1762588778.264576,1762588778.2994618,1762588778.327303,1762588778.358088,1762588778.4022307,1762588778.4365423,1762588778.467484,1762588778.5000823,1762588778.5318263,1762588778.5647578,1762588778.5982203,1762588778.626619,1762588778.6622772,1762588778.6965923,1762588778.7232206,1762588778.7569804,1762588778.8082726,1762588778.8356683,1762588778.8693395,1762588778.8986702,1762588778.9316146,1762588778.962926,1762588778.9996333,1762588779.0279727,1762588779.0593858,1762588779.09098,1762588779.1228023,1762588779.1574678,1762588779.2050931,1762588779.23649,1762588779.2686536,1762588779.3003576,1762588779.3338938,1762588779.365226,1762588779.3972006,1762588779.701189,1762588779.7338014,1762588779.7677965,1762588779.7987885,1762588779.8310146,1762588779.858763,1762588779.8917823,1762588779.9243808,1762588779.9560757,1762588780.003707,1762588780.0377672,1762588780.066727,1762588780.1002345,1762588780.13009,1762588780.1626487,1762588780.1952455,1762588780.2326312,1762588780.2588022,1762588780.29408,1762588780.3246162,1762588780.3558004,1762588780.4032404,1762588780.4360106,1762588780.4699614,1762588780.4999645,1762588780.5310638,1762588780.563256,1762588780.5948248,1762588780.6330936,1762588780.6641958,1762588780.6953278,1762588780.7232351,1762588780.7610245,1762588780.8084567,1762588780.8370063,1762588780.8668747,1762588780.9024527,1762588780.9329479,1762588780.9630647,1762588781.000675,1762588781.026905,1762588781.0600033,1762588781.0941815,1762588781.1264286,1762588781.1556683,1762588781.206885,1762588781.2379825,1762588781.27068,1762588781.3009665,1762588781.332831,1762588781.366787,1762588781.4001255,1762588781.4268725,1762588781.4597876,1762588781.4986713,1762588781.5307257,1762588781.5554767,1762588781.6092186,1762588781.6418164,1762588781.669266,1762588781.7023084,1762588781.7341228,1762588781.764901,1762588781.8008885,1762588781.829413,1762588781.8589568,1762588781.892601,1762588781.923213,1762588781.9578905,1762588782.0081465,1762588782.0388775,1762588782.0669358,1762588782.1013365,1762588782.132,1762588782.1650136,1762588782.1950307,1762588782.226056,1762588782.2596712,1762588782.2902212,1762588782.3232343,1762588782.356831,1762588782.4037645,1762588782.4349024,1762588782.4697156,1762588782.4994774,1762588782.5309975,1762588782.564043,1762588782.5956707,1762588782.63016,1762588782.6632218,1762588782.6906738,1762588782.7233937,1762588782.758044,1762588782.804489,1762588782.8357844,1762588782.868566,1762588782.8987405,1762588782.9332824,1762588782.9632256,1762588782.9975052,1762588783.030565,1762588783.0593965,1762588783.094099,1762588783.1262178,1762588783.1555526,1762588783.2099473,1762588783.2367465,1762588783.268446,1762588783.3016398,1762588783.3348386,1762588783.366278,1762588783.394526,1762588783.4273124,1762588783.4604053,1762588783.4915776,1762588783.52523,1762588783.5591688,1762588783.6081407,1762588783.640403,1762588783.6677303,1762588783.7005532,1762588783.736209,1762588783.765224,1762588783.7945032,1762588783.8267658,1762588783.8609185,1762588783.8960059,1762588783.9254897,1762588783.9588547,1762588784.0088806,1762588784.0472584,1762588784.0852225,1762588784.1043513,1762588784.1318884,1762588784.1637433,1762588784.1953478,1762588784.2283587,1762588784.26154,1762588784.2923217,1762588784.324149,1762588784.3543127,1762588784.4075963,1762588784.4413676,1762588784.4749825,1762588784.4986727,1762588784.5326333,1762588784.5657008,1762588784.6055245,1762588784.630558,1762588784.6614442,1762588784.6922565,1762588784.722433,1762588784.7550702,1762588784.8048124,1762588784.836153,1762588784.8689744,1762588784.8992546,1762588784.9313192,1762588784.9644551,1762588784.9949377,1762588785.0267394,1762588785.0609083,1762588785.0927804,1762588785.1227071,1762588785.1556315,1762588785.2039602,1762588785.2388027,1762588785.269639,1762588785.3004978,1762588785.33365,1762588785.3651042,1762588785.3953192,1762588785.4286747,1762588785.4587755,1762588785.4945636,1762588785.5287628,1762588785.5557404,1762588785.6036532,1762588785.63544,1762588785.667608,1762588785.702433,1762588785.733594,1762588785.765883,1762588785.7967217,1762588785.8273768,1762588785.8588731,1762588785.8906655,1762588785.9242246,1762588785.9556928,1762588786.0036266,1762588786.036759,1762588786.069037,1762588786.1071467,1762588786.137745,1762588786.1660528,1762588786.1972158,1762588786.2272787,1762588786.2617295,1762588786.2930064,1762588786.3242774,1762588786.3730583,1762588786.4040463,1762588786.434779,1762588786.4681804,1762588786.4984472,1762588786.532369,1762588786.5669866,1762588786.5961456,1762588786.6351197,1762588786.6585214,1762588786.6901572,1762588786.7252283,1762588786.772168,1762588786.8034341,1762588786.8364155,1762588786.8675747,1762588786.8989046,1762588786.9307816,1762588786.9649217,1762588786.9983683,1762588787.0282786,1762588787.064213,1762588787.0908692,1762588787.124233,1762588787.1721923,1762588787.2038527,1762588787.236962,1762588787.2674701,1762588787.3002052,1762588787.3336403,1762588787.364501,1762588787.4024935,1762588787.4414935,1762588787.478272,1762588787.5077732,1762588787.5394008,1762588787.5757997,1762588787.6132157,1762588787.6466103,1762588787.668391,1762588787.702227,1762588787.7347343,1762588787.7652307,1762588787.800661,1762588787.8305094,1762588787.8593056,1762588787.8969767,1762588787.9240725,1762588787.9765458,1762588788.0040247,1762588788.0348506,1762588788.0669916,1762588788.099251,1762588788.1374235,1762588788.164382,1762588788.1996298]}}'"
2025-11-08T11:42:55.742499,"b'{""advanced"":{""rppg"":[-0.21824229844014462,-0.5454415449271547,-0.8082400855973589,-1.0389426601924616,-1.107516590094082,-1.0327855702274853,-0.7601450605597722,-0.3244005932778757,0.2559875923301589,0.8741305276841641,1.4448672718393971,1.7993153751731332,1.8811683134561397,1.607808287934283,1.109208617530857,0.42674878625761414,-0.17118675287467916,-0.6831718095352289,-0.9302569217565865,-1.0488386409831443,-0.9979328888693534,-0.9803081655628979,-0.9743975256005682,-1.0719323521596285,-1.1294493042883007,-1.1122512286887354,-0.8983240371060606,-0.4716752917318381,0.14648799666190668,0.8355572156119979,1.4870734415675475,1.9172554506823667,2.0659535839655727,1.9000360023011669,1.497094482011082,0.9629929883211759,0.4331308191114188,-0.04923219820779459,-0.3926044059220883,-0.655435277907525,-0.770602647243893,-0.899623447468789,-0.9305506955833639,-1.0308719090200662,-1.056313127092855,-1.1502978304069886,-1.1585215782381375,-1.2108800636819876,-1.1118243355927702,-0.9332470580902662,-0.5686670481292264,-0.08333797058615566,0.5073824102723143,1.093501175924468,1.5822310660532957,1.8797222253843897,1.8989702573511802,1.6662110770702176,1.2320139364641434,0.6985090937120286,0.18955507844145023,-0.2515569874069723,-0.5318023061103068,-0.7204815751687497,-0.7780988545900825,-0.8760925636349335,-0.9391773938595477,-1.047042402478684,-1.040618511721491,-0.9340304292913467,-0.5731125025796091,-0.060638345208438034,0.6089313100986704,1.1957466726020536,1.6327463434440603,1.721882210679395,1.522617929866599,1.0336400873347311,0.46986882178923023,-0.1045359086649063,-0.490727674783094,-0.7509927558932961,-0.8111177555520469,-0.8402785232097362,-0.8097170309400172,-0.8846945850066857,-0.9732311708920237,-1.1557147278254427,-1.2631264316084914,-1.3149927925963205,-1.1614485362076872,-0.8169053248829614,-0.23887020214143748,0.4599262136280023,1.1606588840025478,1.6936378607958433,1.9536171081995564,1.8875442176382116,1.5499533291825653,1.069511058986818,0.5998172640067628,0.22281919169219175,-0.0331627551092365,-0.24639826195552592,-0.45748787111649586,-0.7739641154132714,-1.0855188451280438,-1.3136532623871815,-1.2546293329292613,-0.8680732049912315,-0.16158591494460622,0.6614175899145927,1.3927710850946073,1.757582382277065,1.700441499859061,1.212214796624609,0.5295219136102469,-0.18036532169407746,-0.6654277422890791,-0.9105997347835858,-0.8925642013177486,-0.7781646039157291,-0.6160548851413692,-0.5570949346515036,-0.5455779114688105,-0.6494271317534375,-0.7792226880420403,-0.9489491723037322,-1.0628851278088578,-1.1143019669058063,-0.9988433396102004,-0.6783240733988731,-0.13658886308165258,0.5540234015769049,1.2447324665438384,1.7634455504634017,2.0083067205202907,1.9131084182532636,1.5877950339901725,1.1071900388626124,0.6763884170180727,0.3069434231931951,0.06584359708591844,-0.18803329970956364,-0.4548465792466411,-0.8175946261124524,-1.128720813384805,-1.3226416837075294,-1.2370051964871842,-0.8846445404089184,-0.3411446825288974,0.24504611806774163,0.6793585759654163,0.8847790703591593,0.8311782101944251,0.6334650617160832,0.3987931207705406,0.2384991184116181,0.18256537680400034,0.14465229193940993,0.11159909545850283,-0.046042768587869425,-0.24279342634357903,-0.5536900316911819,-0.828741181844214,-1.0956410687474654,-1.2366267769719415,-1.2793718583032458,-1.1701945694240745,-0.916017648176851,-0.5031593142985333,0.04074584957651276,0.6151540190345596,1.1427998328162448,1.509169234770408,1.6386219500126116,1.5412444743942313,1.2428258911879353,0.8576307716734483,0.43067403977781293,0.11108552821942148,-0.1877556319823149,-0.35811121837396853,-0.5673824807052532,-0.7546166699255022,-0.9938270962697089,-1.198286658662878,-1.3462232876023392,-1.3028650546990501,-1.007358479494792,-0.4910999462651861,0.2251892153879707,0.9374311558018344,1.5525086183624643,1.882408811762007,1.863732514486934,1.5571156895737734,1.0558072044939832,0.5236011774716275,0.03962157344065766,-0.25890851400066256,-0.5061888271315909,-0.6141403114430061,-0.7378306134339746,-0.8258553413595869,-0.9674357853312974,-1.0481970681708974,-1.107136656828615,-1.0845764741153106,-1.0149475652084599,-0.8821344399830912,-0.6704508912262183,-0.37398182401510666,0.04418383378371282,0.5003842341783165,0.981351496492145,1.3307751899054028,1.474247802491617,1.3716326600756708,1.0282648030891102,0.4994644302615685,-0.07756205016791268,-0.6109962477591652,-0.9330204655676794,-1.0787286930277502,-0.9290430352725406,-0.5955727990813524,-0.054880394567016384,0.5467439818293984,1.0984398552438903,1.4632252793272083,1.5136003852803726,1.285110720010011,0.8120210331952592,0.24097342498984584,-0.3180792013285413,-0.6361913098433801,-0.7799047748554132,-0.7527489837058379,-0.6796412788649911,-0.7159778168067011,-0.8831270620180434,-1.0950663764765207,-1.277563764947774,-1.2147431968600337,-0.907854433286582,-0.2866899172964615,0.34400968598787296,0.9449629503132517,1.1834943957757877,1.1619632648130866,0.8623921604007279,0.5687541693676108,0.33602165035992904,0.1551992396722406,0.23685402325443883,-0.6260275526545831,-0.989692196832283,-1.2386662556373043,-1.2831103924771587,-1.0147161971522578,-0.4798908789733516,0.2670109224590618,1.0093466277816194,1.6148757320256732,1.905047745353328,1.8492900019134246,1.4752461280722073,0.9315564416487635,0.3700542448430519,-0.09178591027411537,-0.39817929712201117,-0.5897035987973712,-0.7427491982636273,-0.9253725151841429,-1.148504094207362,-1.3345608570596086,-1.3635402711261697,-1.100771516741394,-0.5501644026198845,0.23954970737593775,1.03076980455083,1.622943496299646,1.8175713890874494,1.5890139854926342,1.0219655377983161,0.3500598785878439,-0.24213488104754757,-0.6099630220775795,-0.7607404131555179,-0.7550429111878753,-0.7390366608249402,-0.8078613380249011,-0.9743834319611804,-1.144164366645925,-1.189642438681798,-0.9869885387215582,-0.4961356313995155,0.233701957402167,1.0320531828451756,1.7274198801820373,2.104080421548643,2.105801682396368,1.7297647222955497,1.1228916319752296,0.4192273212673784,-0.2197462182320145,-0.6905505428239959,-0.992143231695316,-1.1461330938165448,-1.2476534485634916,-1.2986166167012514,-1.315394084278857,-1.2275077607574623,-1.014097846138252,-0.6430162407546205,-0.14095878904025239,0.39732856518108917,0.8844869586684627,1.2105302043185164,1.355662090590915,1.2766642184214705,1.0139544042704478,0.5980709993751909,0.1245090652031325,-0.3063169365729688,-0.6180106262033648,-0.712202524902752,-0.5757276230697976,-0.24998918668582837,0.10757598034097916,0.3246841657784117,0.2995573049002491,-0.006753681359132731,-0.42172676628606887,-0.7816403415920264,-0.8251686630219945,-0.5290643673269386,0.10675548356731547,0.8141186442004232,1.3836000876916175,1.56580250084426,1.3484282604190363,0.8034531295666036,0.15954696283264502,-0.3911532976015575,-0.7089474286495857,-0.7958654119994001,-0.7301019532994646,-0.6540865833468783,-0.6451778194708463,-0.7592135075735269,-0.9256486132587041,-1.0947580010651545,-1.1515758341474511,-1.0524669401342661,-0.7517118185828656,-0.2948501961962435,0.264582696901223,0.823216476794043,1.3139156179630098,1.6580250699183174,1.7930676636971175,1.7128506387120481,1.4302226333129586,1.0275482457149174,0.549863351103154,0.113871478644546,-0.27194222537271434,-0.52836965127979,-0.7235320544048064,-0.8547686919449136,-0.9993363220354076,-1.1413263191293073,-1.254685094799889,-1.283272875537393,-1.1324253749752458,-0.7742506939072704,-0.21917876263603567,0.43710026673099467,1.076246854851581,1.5135942725148503,1.6715572823942826,1.5164546737237206,1.110053362659357,0.594835224518199,0.12247607495252133,-0.19327603733628465,-0.3803723522225947,-0.4644903999811309,-0.5628850768470711,-0.7174850802485762,-0.9598997665202004,-1.2074301688067337,-1.3291128690158203,-1.234590012060564,-0.8524500339791022,-0.2794376208240596,0.3820397787052577,0.9449711198569355,1.2960776424468101,1.3791851639596422,1.2415569409140812,0.9724787833095684,0.674910122221437,0.42288734444228493,0.2145789789070693,0.041210826425268327,-0.16436294591448372,-0.4226202589923407,-0.7632914616735539,-1.1214428760220283,-1.429239208944354,-1.578101737311426,-1.4658401675464305,-1.0628726854806607,-0.38858818047263904,0.433682921896994,1.205624683022388,1.759214650947029,1.9568380918595087,1.7969174055004695,1.3325949713908796,0.7368403501409325,0.17971081360339494,-0.22356480843119259,-0.43511787202108404,-0.4651134148559537,-0.42435399393888096,-0.3682011418441549,-0.40398003017009104,-0.4783221686348926,-0.6404026042556402,-0.7663277859340611,-0.8420515544054213,-0.7378413343209499,-0.49866548609676536,-0.10009749132116899,0.30622293965079933,0.6319199080907966,0.78212699944358,0.7365032389963541,0.4789805268410151,0.21845583114451894,-0.010665799979415561,-0.07161733366925525,-0.010310418171325665,0.11563653561967589,0.17731822271023423,0.08012206277922941,-0.16373298442689083,-0.5075021541008883,-0.9214350173485452,-1.217871325066926,-1.3552990948081893,-1.2483268159428138,-0.8753816960512809,-0.2665076423610746,0.47495871539790846,1.2088087406876689,1.808394814372114,2.1430129177855304,2.1124622916363216,1.7927104074586384,1.2376784045845628,0.6079892051258792,0.03245733099875636,-0.388297240203712,-0.7120374744072587,-0.9371251296766453,-1.1294072095653775,-1.3418320718666181,-1.4920291465087252,-1.493366076187713,-1.2977276717559345,-0.895310176815409,-0.27321042619362507,0.4073142582260529,1.0071327681114635,1.4087984673884788,1.5081789508009538,1.3423210948983069,0.9481821468210054,0.49536079652704235,0.04588559554637566,-0.2255683955943454,-0.436236363367372,-0.550603139163331,-0.7359344273050347,-1.004897067237665,-1.3399203033250018,-1.6070239286374834,-1.6297103045381136,-1.3144392999023888,-0.5967501744598108,0.3084513820398425,1.1905289264568948,1.7701741721854383,1.985704833172843,1.7909347761442556,1.3424599716852783,0.8804659268038914,0.4815120179653584,0.2573979975479038,0.045012124622126705,-0.17595578627025965,-0.486525290351935,-0.7493135552105799,-0.8772543438049616,-0.7789491292000507,-0.43475743042303655,-0.007095943945064854],""rppg_timestamps"":[1762588770.90264,1762588770.9315987,1762588770.963116,1762588770.997998,1762588771.0282404,1762588771.0622869,1762588771.0913496,1762588771.1246576,1762588771.1566064,1762588771.187347,1762588771.2377095,1762588771.2691453,1762588771.3039868,1762588771.3338187,1762588771.3644168,1762588771.398269,1762588771.434249,1762588771.46449,1762588771.4914079,1762588771.5264297,1762588771.5644572,1762588771.5931036,1762588771.6399117,1762588771.670175,1762588771.7005732,1762588771.7346685,1762588771.767356,1762588771.8016338,1762588771.8263927,1762588771.8634486,1762588771.9021142,1762588771.9351108,1762588771.9572713,1762588771.9912329,1762588772.038424,1762588772.0739338,1762588772.1013205,1762588772.135404,1762588772.1640413,1762588772.1958058,1762588772.2310636,1762588772.261044,1762588772.2938673,1762588772.3240743,1762588772.3571663,1762588772.3873756,1762588772.4366584,1762588772.4730704,1762588772.50175,1762588772.532186,1762588772.5644963,1762588772.5957813,1762588772.6270878,1762588772.6602213,1762588772.692633,1762588772.7226045,1762588772.7564783,1762588772.7899165,1762588772.8403976,1762588772.8707495,1762588772.9044654,1762588772.9414706,1762588772.9777327,1762588773.0117092,1762588773.0467682,1762588773.0666077,1762588773.0921314,1762588773.1233194,1762588773.1593983,1762588773.1889217,1762588773.241533,1762588773.280087,1762588773.3010025,1762588773.338281,1762588773.3641682,1762588773.3965814,1762588773.4275753,1762588773.4619715,1762588773.4943135,1762588773.5238419,1762588773.5591292,1762588773.5905817,1762588773.6439276,1762588773.681734,1762588773.7199006,1762588773.7536397,1762588773.7854288,1762588773.8178852,1762588773.8511856,1762588773.8756974,1762588773.8981292,1762588773.9266908,1762588773.9606516,1762588773.9916425,1762588774.0385907,1762588774.067277,1762588774.1019647,1762588774.1312675,1762588774.1648953,1762588774.1970346,1762588774.2293985,1762588774.2606277,1762588774.2964444,1762588774.3234835,1762588774.359171,1762588774.3903813,1762588774.440824,1762588774.4765606,1762588774.5089245,1762588774.5360856,1762588774.5651476,1762588774.5954168,1762588774.6270504,1762588774.6605332,1762588774.6910753,1762588774.7280447,1762588774.755516,1762588774.7878363,1762588774.8389711,1762588774.8743105,1762588774.9027543,1762588774.9373672,1762588774.9735742,1762588775.0063887,1762588775.0283396,1762588775.0593345,1762588775.0946355,1762588775.1241255,1762588775.1546466,1762588775.2040334,1762588775.237148,1762588775.2701917,1762588775.3039641,1762588775.3383536,1762588775.3666534,1762588775.397786,1762588775.426307,1762588775.4593556,1762588775.4910958,1762588775.5232482,1762588775.555714,1762588775.6081016,1762588775.646821,1762588775.6747112,1762588775.7035043,1762588775.7346509,1762588775.7671533,1762588775.7982373,1762588775.8287451,1762588775.8662882,1762588775.893601,1762588775.9248064,1762588775.955623,1762588776.0060813,1762588776.0381105,1762588776.069422,1762588776.099564,1762588776.131056,1762588776.1650934,1762588776.1998212,1762588776.2306032,1762588776.2587214,1762588776.2932448,1762588776.323672,1762588776.3544636,1762588776.4040687,1762588776.4356644,1762588776.467811,1762588776.4991415,1762588776.5316153,1762588776.5638947,1762588776.5972397,1762588776.6286392,1762588776.658576,1762588776.6918688,1762588776.7235773,1762588776.7552078,1762588776.8075202,1762588776.8348913,1762588776.868654,1762588776.9010687,1762588776.9320915,1762588776.9666665,1762588776.9971497,1762588777.0264604,1762588777.0584521,1762588777.090952,1762588777.123014,1762588777.1563914,1762588777.2036989,1762588777.238615,1762588777.2726533,1762588777.3030064,1762588777.3321693,1762588777.3641944,1762588777.4026933,1762588777.439965,1762588777.4620883,1762588777.4901075,1762588777.52392,1762588777.5546262,1762588777.6058953,1762588777.6365504,1762588777.6675503,1762588777.6999803,1762588777.732653,1762588777.7664192,1762588777.7946475,1762588777.8297954,1762588777.8623827,1762588777.8960805,1762588777.9347196,1762588777.9573894,1762588778.0028913,1762588778.0351198,1762588778.0690205,1762588778.1002035,1762588778.1338124,1762588778.1697178,1762588778.2065783,1762588778.2305465,1762588778.264576,1762588778.2994618,1762588778.327303,1762588778.358088,1762588778.4022307,1762588778.4365423,1762588778.467484,1762588778.5000823,1762588778.5318263,1762588778.5647578,1762588778.5982203,1762588778.626619,1762588778.6622772,1762588778.6965923,1762588778.7232206,1762588778.7569804,1762588778.8082726,1762588778.8356683,1762588778.8693395,1762588778.8986702,1762588778.9316146,1762588778.962926,1762588778.9996333,1762588779.0279727,1762588779.0593858,1762588779.09098,1762588779.1228023,1762588779.1574678,1762588779.2050931,1762588779.23649,1762588779.2686536,1762588779.3003576,1762588779.3338938,1762588779.365226,1762588779.3972006,1762588779.701189,1762588779.7338014,1762588779.7677965,1762588779.7987885,1762588779.8310146,1762588779.858763,1762588779.8917823,1762588779.9243808,1762588779.9560757,1762588780.003707,1762588780.0377672,1762588780.066727,1762588780.1002345,1762588780.13009,1762588780.1626487,1762588780.1952455,1762588780.2326312,1762588780.2588022,1762588780.29408,1762588780.3246162,1762588780.3558004,1762588780.4032404,1762588780.4360106,1762588780.4699614,1762588780.4999645,1762588780.5310638,1762588780.563256,1762588780.5948248,1762588780.6330936,1762588780.6641958,1762588780.6953278,1762588780.7232351,1762588780.7610245,1762588780.8084567,1762588780.8370063,1762588780.8668747,1762588780.9024527,1762588780.9329479,1762588780.9630647,1762588781.000675,1762588781.026905,1762588781.0600033,1762588781.0941815,1762588781.1264286,1762588781.1556683,1762588781.206885,1762588781.2379825,1762588781.27068,1762588781.3009665,1762588781.332831,1762588781.366787,1762588781.4001255,1762588781.4268725,1762588781.4597876,1762588781.4986713,1762588781.5307257,1762588781.5554767,1762588781.6092186,1762588781.6418164,1762588781.669266,1762588781.7023084,1762588781.7341228,1762588781.764901,1762588781.8008885,1762588781.829413,1762588781.8589568,1762588781.892601,1762588781.923213,1762588781.9578905,1762588782.0081465,1762588782.0388775,1762588782.0669358,1762588782.1013365,1762588782.132,1762588782.1650136,1762588782.1950307,1762588782.226056,1762588782.2596712,1762588782.2902212,1762588782.3232343,1762588782.356831,1762588782.4037645,1762588782.4349024,1762588782.4697156,1762588782.4994774,1762588782.5309975,1762588782.564043,1762588782.5956707,1762588782.63016,1762588782.6632218,1762588782.6906738,1762588782.7233937,1762588782.758044,1762588782.804489,1762588782.8357844,1762588782.868566,1762588782.8987405,1762588782.9332824,1762588782.9632256,1762588782.9975052,1762588783.030565,1762588783.0593965,1762588783.094099,1762588783.1262178,1762588783.1555526,1762588783.2099473,1762588783.2367465,1762588783.268446,1762588783.3016398,1762588783.3348386,1762588783.366278,1762588783.394526,1762588783.4273124,1762588783.4604053,1762588783.4915776,1762588783.52523,1762588783.5591688,1762588783.6081407,1762588783.640403,1762588783.6677303,1762588783.7005532,1762588783.736209,1762588783.765224,1762588783.7945032,1762588783.8267658,1762588783.8609185,1762588783.8960059,1762588783.9254897,1762588783.9588547,1762588784.0088806,1762588784.0472584,1762588784.0852225,1762588784.1043513,1762588784.1318884,1762588784.1637433,1762588784.1953478,1762588784.2283587,1762588784.26154,1762588784.2923217,1762588784.324149,1762588784.3543127,1762588784.4075963,1762588784.4413676,1762588784.4749825,1762588784.4986727,1762588784.5326333,1762588784.5657008,1762588784.6055245,1762588784.630558,1762588784.6614442,1762588784.6922565,1762588784.722433,1762588784.7550702,1762588784.8048124,1762588784.836153,1762588784.8689744,1762588784.8992546,1762588784.9313192,1762588784.9644551,1762588784.9949377,1762588785.0267394,1762588785.0609083,1762588785.0927804,1762588785.1227071,1762588785.1556315,1762588785.2039602,1762588785.2388027,1762588785.269639,1762588785.3004978,1762588785.33365,1762588785.3651042,1762588785.3953192,1762588785.4286747,1762588785.4587755,1762588785.4945636,1762588785.5287628,1762588785.5557404,1762588785.6036532,1762588785.63544,1762588785.667608,1762588785.702433,1762588785.733594,1762588785.765883,1762588785.7967217,1762588785.8273768,1762588785.8588731,1762588785.8906655,1762588785.9242246,1762588785.9556928,1762588786.0036266,1762588786.036759,1762588786.069037,1762588786.1071467,1762588786.137745,1762588786.1660528,1762588786.1972158,1762588786.2272787,1762588786.2617295,1762588786.2930064,1762588786.3242774,1762588786.3730583,1762588786.4040463,1762588786.434779,1762588786.4681804,1762588786.4984472,1762588786.532369,1762588786.5669866,1762588786.5961456,1762588786.6351197,1762588786.6585214,1762588786.6901572,1762588786.7252283,1762588786.772168,1762588786.8034341,1762588786.8364155,1762588786.8675747,1762588786.8989046,1762588786.9307816,1762588786.9649217,1762588786.9983683,1762588787.0282786,1762588787.064213,1762588787.0908692,1762588787.124233,1762588787.1721923,1762588787.2038527,1762588787.236962,1762588787.2674701,1762588787.3002052,1762588787.3336403,1762588787.364501,1762588787.4024935,1762588787.4414935,1762588787.478272,1762588787.5077732,1762588787.5394008,1762588787.5757997,1762588787.6132157,1762588787.6466103,1762588787.668391,1762588787.702227,1762588787.7347343,1762588787.7652307,1762588787.800661,1762588787.8305094,1762588787.8593056,1762588787.8969767,1762588787.9240725,1762588787.9765458,1762588788.0040247,1762588788.0348506,1762588788.0669916,1762588788.099251,1762588788.1374235,1762588788.164382,1762588788.1996298]}}'"
2025-11-08T11:42:56.746789,"b'{""advanced"":{""rppg"":[-0.21824229844014462,-0.5454415449271547,-0.8082400855973589,-1.0389426601924616,-1.107516590094082,-1.0327855702274853,-0.7601450605597722,-0.3244005932778757,0.2559875923301589,0.8741305276841641,1.4448672718393971,1.7993153751731332,1.8811683134561397,1.607808287934283,1.109208617530857,0.42674878625761414,-0.17118675287467916,-0.6831718095352289,-0.9302569217565865,-1.0488386409831443,-0.9979328888693534,-0.9803081655628979,-0.9743975256005682,-1.0719323521596285,-1.1294493042883007,-1.1122512286887354,-0.8983240371060606,-0.4716752917318381,0.14648799666190668,0.8355572156119979,1.4870734415675475,1.9172554506823667,2.0659535839655727,1.9000360023011669,1.497094482011082,0.9629929883211759,0.4331308191114188,-0.04923219820779459,-0.3926044059220883,-0.655435277907525,-0.770602647243893,-0.899623447468789,-0.9305506955833639,-1.0308719090200662,-1.056313127092855,-1.1502978304069886,-1.1585215782381375,-1.2108800636819876,-1.1118243355927702,-0.9332470580902662,-0.5686670481292264,-0.08333797058615566,0.5073824102723143,1.093501175924468,1.5822310660532957,1.8797222253843897,1.8989702573511802,1.6662110770702176,1.2320139364641434,0.6985090937120286,0.18955507844145023,-0.2515569874069723,-0.5318023061103068,-0.7204815751687497,-0.7780988545900825,-0.8760925636349335,-0.9391773938595477,-1.047042402478684,-1.040618511721491,-0.9340304292913467,-0.5731125025796091,-0.060638345208438034,0.6089313100986704,1.1957466726020536,1.6327463434440603,1.721882210679395,1.522617929866599,1.0336400873347311,0.46986882178923023,-0.1045359086649063,-0.490727674783094,-0.7509927558932961,-0.8111177555520469,-0.8402785232097362,-0.8097170309400172,-0.8846945850066857,-0.9732311708920237,-1.1557147278254427,-1.2631264316084914,-1.3149927925963205,-1.1614485362076872,-0.8169053248829614,-0.23887020214143748,0.4599262136280023,1.1606588840025478,1.6936378607958433,1.9536171081995564,1.8875442176382116,1.5499533291825653,1.069511058986818,0.5998172640067628,0.22281919169219175,-0.0331627551092365,-0.24639826195552592,-0.45748787111649586,-0.7739641154132714,-1.0855188451280438,-1.3136532623871815,-1.2546293329292613,-0.8680732049912315,-0.16158591494460622,0.6614175899145927,1.3927710850946073,1.757582382277065,1.700441499859061,1.212214796624609,0.5295219136102469,-0.18036532169407746,-0.6654277422890791,-0.9105997347835858,-0.8925642013177486,-0.7781646039157291,-0.6160548851413692,-0.5570949346515036,-0.5455779114688105,-0.6494271317534375,-0.7792226880420403,-0.9489491723037322,-1.0628851278088578,-1.1143019669058063,-0.9988433396102004,-0.6783240733988731,-0.13658886308165258,0.5540234015769049,1.2447324665438384,1.7634455504634017,2.0083067205202907,1.9131084182532636,1.5877950339901725,1.1071900388626124,0.6763884170180727,0.3069434231931951,0.06584359708591844,-0.18803329970956364,-0.4548465792466411,-0.8175946261124524,-1.128720813384805,-1.3226416837075294,-1.2370051964871842,-0.8846445404089184,-0.3411446825288974,0.24504611806774163,0.6793585759654163,0.8847790703591593,0.8311782101944251,0.6334650617160832,0.3987931207705406,0.2384991184116181,0.18256537680400034,0.14465229193940993,0.11159909545850283,-0.046042768587869425,-0.24279342634357903,-0.5536900316911819,-0.828741181844214,-1.0956410687474654,-1.2366267769719415,-1.2793718583032458,-1.1701945694240745,-0.916017648176851,-0.5031593142985333,0.04074584957651276,0.6151540190345596,1.1427998328162448,1.509169234770408,1.6386219500126116,1.5412444743942313,1.2428258911879353,0.8576307716734483,0.43067403977781293,0.11108552821942148,-0.1877556319823149,-0.35811121837396853,-0.5673824807052532,-0.7546166699255022,-0.9938270962697089,-1.198286658662878,-1.3462232876023392,-1.3028650546990501,-1.007358479494792,-0.4910999462651861,0.2251892153879707,0.9374311558018344,1.5525086183624643,1.882408811762007,1.863732514486934,1.5571156895737734,1.0558072044939832,0.5236011774716275,0.03962157344065766,-0.25890851400066256,-0.5061888271315909,-0.6141403114430061,-0.7378306134339746,-0.8258553413595869,-0.9674357853312974,-1.0481970681708974,-1.107136656828615,-1.0845764741153106,-1.0149475652084599,-0.8821344399830912,-0.6704508912262183,-0.37398182401510666,0.04418383378371282,0.5003842341783165,0.981351496492145,1.3307751899054028,1.474247802491617,1.3716326600756708,1.0282648030891102,0.4994644302615685,-0.07756205016791268,-0.6109962477591652,-0.9330204655676794,-1.0787286930277502,-0.9290430352725406,-0.5955727990813524,-0.054880394567016384,0.5467439818293984,1.0984398552438903,1.4632252793272083,1.5136003852803726,1.285110720010011,0.8120210331952592,0.24097342498984584,-0.3180792013285413,-0.6361913098433801,-0.7799047748554132,-0.7527489837058379,-0.6796412788649911,-0.7159778168067011,-0.8831270620180434,-1.0950663764765207,-1.277563764947774,-1.2147431968600337,-0.907854433286582,-0.2866899172964615,0.34400968598787296,0.9449629503132517,1.1834943957757877,1.1619632648130866,0.8623921604007279,0.5687541693676108,0.33602165035992904,0.1551992396722406,0.23685402325443883,-0.6260275526545831,-0.989692196832283,-1.2386662556373043,-1.2831103924771587,-1.0147161971522578,-0.4798908789733516,0.2670109224590618,1.0093466277816194,1.6148757320256732,1.905047745353328,1.8492900019134246,1.4752461280722073,0.9315564416487635,0.3700542448430519,-0.09178591027411537,-0.39817929712201117,-0.5897035987973712,-0.7427491982636273,-0.9253725151841429,-1.148504094207362,-1.3345608570596086,-1.3635402711261697,-1.100771516741394,-0.5501644026198845,0.23954970737593775,1.03076980455083,1.622943496299646,1.8175713890874494,1.5890139854926342,1.0219655377983161,0.3500598785878439,-0.24213488104754757,-0.6099630220775795,-0.7607404131555179,-0.7550429111878753,-0.7390366608249402,-0.8078613380249011,-0.9743834319611804,-1.144164366645925,-1.189642438681798,-0.9869885387215582,-0.4961356313995155,0.233701957402167,1.0320531828451756,1.7274198801820373,2.104080421548643,2.105801682396368,1.7297647222955497,1.1228916319752296,0.4192273212673784,-0.2197462182320145,-0.6905505428239959,-0.992143231695316,-1.1461330938165448,-1.2476534485634916,-1.2986166167012514,-1.315394084278857,-1.2275077607574623,-1.014097846138252,-0.6430162407546205,-0.14095878904025239,0.39732856518108917,0.8844869586684627,1.2105302043185164,1.355662090590915,1.2766642184214705,1.0139544042704478,0.5980709993751909,0.1245090652031325,-0.3063169365729688,-0.6180106262033648,-0.712202524902752,-0.5757276230697976,-0.24998918668582837,0.10757598034097916,0.3246841657784117,0.2995573049002491,-0.006753681359132731,-0.42172676628606887,-0.7816403415920264,-0.8251686630219945,-0.5290643673269386,0.10675548356731547,0.8141186442004232,1.3836000876916175,1.56580250084426,1.3484282604190363,0.8034531295666036,0.15954696283264502,-0.3911532976015575,-0.7089474286495857,-0.7958654119994001,-0.7301019532994646,-0.6540865833468783,-0.6451778194708463,-0.7592135075735269,-0.9256486132587041,-1.0947580010651545,-1.1515758341474511,-1.0524669401342661,-0.7517118185828656,-0.2948501961962435,0.264582696901223,0.823216476794043,1.3139156179630098,1.6580250699183174,1.7930676636971175,1.7128506387120481,1.4302226333129586,1.0275482457149174,0.549863351103154,0.113871478644546,-0.27194222537271434,-0.52836965127979,-0.7235320544048064,-0.8547686919449136,-0.9993363220354076,-1.1413263191293073,-1.254685094799889,-1.283272875537393,-1.1324253749752458,-0.7742506939072704,-0.21917876263603567,0.43710026673099467,1.076246854851581,1.5135942725148503,1.6715572823942826,1.5164546737237206,1.110053362659357,0.594835224518199,0.12247607495252133,-0.19327603733628465,-0.3803723522225947,-0.4644903999811309,-0.5628850768470711,-0.7174850802485762,-0.9598997665202004,-1.2074301688067337,-1.3291128690158203,-1.234590012060564,-0.8524500339791022,-0.2794376208240596,0.3820397787052577,0.9449711198569355,1.2960776424468101,1.3791851639596422,1.2415569409140812,0.9724787833095684,0.674910122221437,0.42288734444228493,0.2145789789070693,0.041210826425268327,-0.16436294591448372,-0.4226202589923407,-0.7632914616735539,-1.1214428760220283,-1.429239208944354,-1.578101737311426,-1.4658401675464305,-1.0628726854806607,-0.38858818047263904,0.433682921896994,1.205624683022388,1.759214650947029,1.9568380918595087,1.7969174055004695,1.3325949713908796,0.7368403501409325,0.17971081360339494,-0.22356480843119259,-0.43511787202108404,-0.4651134148559537,-0.42435399393888096,-0.3682011418441549,-0.40398003017009104,-0.4783221686348926,-0.6404026042556402,-0.7663277859340611,-0.8420515544054213,-0.7378413343209499,-0.49866548609676536,-0.10009749132116899,0.30622293965079933,0.6319199080907966,0.78212699944358,0.7365032389963541,0.4789805268410151,0.21845583114451894,-0.010665799979415561,-0.07161733366925525,-0.010310418171325665,0.11563653561967589,0.17731822271023423,0.08012206277922941,-0.16373298442689083,-0.5075021541008883,-0.9214350173485452,-1.217871325066926,-1.3552990948081893,-1.2483268159428138,-0.8753816960512809,-0.2665076423610746,0.47495871539790846,1.2088087406876689,1.808394814372114,2.1430129177855304,2.1124622916363216,1.7927104074586384,1.2376784045845628,0.6079892051258792,0.03245733099875636,-0.388297240203712,-0.7120374744072587,-0.9371251296766453,-1.1294072095653775,-1.3418320718666181,-1.4920291465087252,-1.493366076187713,-1.2977276717559345,-0.895310176815409,-0.27321042619362507,0.4073142582260529,1.0071327681114635,1.4087984673884788,1.5081789508009538,1.3423210948983069,0.9481821468210054,0.49536079652704235,0.04588559554637566,-0.2255683955943454,-0.436236363367372,-0.550603139163331,-0.7359344273050347,-1.004897067237665,-1.3399203033250018,-1.6070239286374834,-1.6297103045381136,-1.3144392999023888,-0.5967501744598108,0.3084513820398425,1.1905289264568948,1.7701741721854383,1.985704833172843,1.7909347761442556,1.3424599716852783,0.8804659268038914,0.4815120179653584,0.2573979975479038,0.045012124622126705,-0.17595578627025965,-0.486525290351935,-0.7493135552105799,-0.8772543438049616,-0.7789491292000507,-0.43475743042303655,-0.007095943945064854],""rppg_timestamps"":[1762588770.90264,1762588770.9315987,1762588770.963116,1762588770.997998,1762588771.0282404,1762588771.0622869,1762588771.0913496,1762588771.1246576,1762588771.1566064,1762588771.187347,1762588771.2377095,1762588771.2691453,1762588771.3039868,1762588771.3338187,1762588771.3644168,1762588771.398269,1762588771.434249,1762588771.46449,1762588771.4914079,1762588771.5264297,1762588771.5644572,1762588771.5931036,1762588771.6399117,1762588771.670175,1762588771.7005732,1762588771.7346685,1762588771.767356,1762588771.8016338,1762588771.8263927,1762588771.8634486,1762588771.9021142,1762588771.9351108,1762588771.9572713,1762588771.9912329,1762588772.038424,1762588772.0739338,1762588772.1013205,1762588772.135404,1762588772.1640413,1762588772.1958058,1762588772.2310636,1762588772.261044,1762588772.2938673,1762588772.3240743,1762588772.3571663,1762588772.3873756,1762588772.4366584,1762588772.4730704,1762588772.50175,1762588772.532186,1762588772.5644963,1762588772.5957813,1762588772.6270878,1762588772.6602213,1762588772.692633,1762588772.7226045,1762588772.7564783,1762588772.7899165,1762588772.8403976,1762588772.8707495,1762588772.9044654,1762588772.9414706,1762588772.9777327,1762588773.0117092,1762588773.0467682,1762588773.0666077,1762588773.0921314,1762588773.1233194,1762588773.1593983,1762588773.1889217,1762588773.241533,1762588773.280087,1762588773.3010025,1762588773.338281,1762588773.3641682,1762588773.3965814,1762588773.4275753,1762588773.4619715,1762588773.4943135,1762588773.5238419,1762588773.5591292,1762588773.5905817,1762588773.6439276,1762588773.681734,1762588773.7199006,1762588773.7536397,1762588773.7854288,1762588773.8178852,1762588773.8511856,1762588773.8756974,1762588773.8981292,1762588773.9266908,1762588773.9606516,1762588773.9916425,1762588774.0385907,1762588774.067277,1762588774.1019647,1762588774.1312675,1762588774.1648953,1762588774.1970346,1762588774.2293985,1762588774.2606277,1762588774.2964444,1762588774.3234835,1762588774.359171,1762588774.3903813,1762588774.440824,1762588774.4765606,1762588774.5089245,1762588774.5360856,1762588774.5651476,1762588774.5954168,1762588774.6270504,1762588774.6605332,1762588774.6910753,1762588774.7280447,1762588774.755516,1762588774.7878363,1762588774.8389711,1762588774.8743105,1762588774.9027543,1762588774.9373672,1762588774.9735742,1762588775.0063887,1762588775.0283396,1762588775.0593345,1762588775.0946355,1762588775.1241255,1762588775.1546466,1762588775.2040334,1762588775.237148,1762588775.2701917,1762588775.3039641,1762588775.3383536,1762588775.3666534,1762588775.397786,1762588775.426307,1762588775.4593556,1762588775.4910958,1762588775.5232482,1762588775.555714,1762588775.6081016,1762588775.646821,1762588775.6747112,1762588775.7035043,1762588775.7346509,1762588775.7671533,1762588775.7982373,1762588775.8287451,1762588775.8662882,1762588775.893601,1762588775.9248064,1762588775.955623,1762588776.0060813,1762588776.0381105,1762588776.069422,1762588776.099564,1762588776.131056,1762588776.1650934,1762588776.1998212,1762588776.2306032,1762588776.2587214,1762588776.2932448,1762588776.323672,1762588776.3544636,1762588776.4040687,1762588776.4356644,1762588776.467811,1762588776.4991415,1762588776.5316153,1762588776.5638947,1762588776.5972397,1762588776.6286392,1762588776.658576,1762588776.6918688,1762588776.7235773,1762588776.7552078,1762588776.8075202,1762588776.8348913,1762588776.868654,1762588776.9010687,1762588776.9320915,1762588776.9666665,1762588776.9971497,1762588777.0264604,1762588777.0584521,1762588777.090952,1762588777.123014,1762588777.1563914,1762588777.2036989,1762588777.238615,1762588777.2726533,1762588777.3030064,1762588777.3321693,1762588777.3641944,1762588777.4026933,1762588777.439965,1762588777.4620883,1762588777.4901075,1762588777.52392,1762588777.5546262,1762588777.6058953,1762588777.6365504,1762588777.6675503,1762588777.6999803,1762588777.732653,1762588777.7664192,1762588777.7946475,1762588777.8297954,1762588777.8623827,1762588777.8960805,1762588777.9347196,1762588777.9573894,1762588778.0028913,1762588778.0351198,1762588778.0690205,1762588778.1002035,1762588778.1338124,1762588778.1697178,1762588778.2065783,1762588778.2305465,1762588778.264576,1762588778.2994618,1762588778.327303,1762588778.358088,1762588778.4022307,1762588778.4365423,1762588778.467484,1762588778.5000823,1762588778.5318263,1762588778.5647578,1762588778.5982203,1762588778.626619,1762588778.6622772,1762588778.6965923,1762588778.7232206,1762588778.7569804,1762588778.8082726,1762588778.8356683,1762588778.8693395,1762588778.8986702,1762588778.9316146,1762588778.962926,1762588778.9996333,1762588779.0279727,1762588779.0593858,1762588779.09098,1762588779.1228023,1762588779.1574678,1762588779.2050931,1762588779.23649,1762588779.2686536,1762588779.3003576,1762588779.3338938,1762588779.365226,1762588779.3972006,1762588779.701189,1762588779.7338014,1762588779.7677965,1762588779.7987885,1762588779.8310146,1762588779.858763,1762588779.8917823,1762588779.9243808,1762588779.9560757,1762588780.003707,1762588780.0377672,1762588780.066727,1762588780.1002345,1762588780.13009,1762588780.1626487,1762588780.1952455,1762588780.2326312,1762588780.2588022,1762588780.29408,1762588780.3246162,1762588780.3558004,1762588780.4032404,1762588780.4360106,1762588780.4699614,1762588780.4999645,1762588780.5310638,1762588780.563256,1762588780.5948248,1762588780.6330936,1762588780.6641958,1762588780.6953278,1762588780.7232351,1762588780.7610245,1762588780.8084567,1762588780.8370063,1762588780.8668747,1762588780.9024527,1762588780.9329479,1762588780.9630647,1762588781.000675,1762588781.026905,1762588781.0600033,1762588781.0941815,1762588781.1264286,1762588781.1556683,1762588781.206885,1762588781.2379825,1762588781.27068,1762588781.3009665,1762588781.332831,1762588781.366787,1762588781.4001255,1762588781.4268725,1762588781.4597876,1762588781.4986713,1762588781.5307257,1762588781.5554767,1762588781.6092186,1762588781.6418164,1762588781.669266,1762588781.7023084,1762588781.7341228,1762588781.764901,1762588781.8008885,1762588781.829413,1762588781.8589568,1762588781.892601,1762588781.923213,1762588781.9578905,1762588782.0081465,1762588782.0388775,1762588782.0669358,1762588782.1013365,1762588782.132,1762588782.1650136,1762588782.1950307,1762588782.226056,1762588782.2596712,1762588782.2902212,1762588782.3232343,1762588782.356831,1762588782.4037645,1762588782.4349024,1762588782.4697156,1762588782.4994774,1762588782.5309975,1762588782.564043,1762588782.5956707,1762588782.63016,1762588782.6632218,1762588782.6906738,1762588782.7233937,1762588782.758044,1762588782.804489,1762588782.8357844,1762588782.868566,1762588782.8987405,1762588782.9332824,1762588782.9632256,1762588782.9975052,1762588783.030565,1762588783.0593965,1762588783.094099,1762588783.1262178,1762588783.1555526,1762588783.2099473,1762588783.2367465,1762588783.268446,1762588783.3016398,1762588783.3348386,1762588783.366278,1762588783.394526,1762588783.4273124,1762588783.4604053,1762588783.4915776,1762588783.52523,1762588783.5591688,1762588783.6081407,1762588783.640403,1762588783.6677303,1762588783.7005532,1762588783.736209,1762588783.765224,1762588783.7945032,1762588783.8267658,1762588783.8609185,1762588783.8960059,1762588783.9254897,1762588783.9588547,1762588784.0088806,1762588784.0472584,1762588784.0852225,1762588784.1043513,1762588784.1318884,1762588784.1637433,1762588784.1953478,1762588784.2283587,1762588784.26154,1762588784.2923217,1762588784.324149,1762588784.3543127,1762588784.4075963,1762588784.4413676,1762588784.4749825,1762588784.4986727,1762588784.5326333,1762588784.5657008,1762588784.6055245,1762588784.630558,1762588784.6614442,1762588784.6922565,1762588784.722433,1762588784.7550702,1762588784.8048124,1762588784.836153,1762588784.8689744,1762588784.8992546,1762588784.9313192,1762588784.9644551,1762588784.9949377,1762588785.0267394,1762588785.0609083,1762588785.0927804,1762588785.1227071,1762588785.1556315,1762588785.2039602,1762588785.2388027,1762588785.269639,1762588785.3004978,1762588785.33365,1762588785.3651042,1762588785.3953192,1762588785.4286747,1762588785.4587755,1762588785.4945636,1762588785.5287628,1762588785.5557404,1762588785.6036532,1762588785.63544,1762588785.667608,1762588785.702433,1762588785.733594,1762588785.765883,1762588785.7967217,1762588785.8273768,1762588785.8588731,1762588785.8906655,1762588785.9242246,1762588785.9556928,1762588786.0036266,1762588786.036759,1762588786.069037,1762588786.1071467,1762588786.137745,1762588786.1660528,1762588786.1972158,1762588786.2272787,1762588786.2617295,1762588786.2930064,1762588786.3242774,1762588786.3730583,1762588786.4040463,1762588786.434779,1762588786.4681804,1762588786.4984472,1762588786.532369,1762588786.5669866,1762588786.5961456,1762588786.6351197,1762588786.6585214,1762588786.6901572,1762588786.7252283,1762588786.772168,1762588786.8034341,1762588786.8364155,1762588786.8675747,1762588786.8989046,1762588786.9307816,1762588786.9649217,1762588786.9983683,1762588787.0282786,1762588787.064213,1762588787.0908692,1762588787.124233,1762588787.1721923,1762588787.2038527,1762588787.236962,1762588787.2674701,1762588787.3002052,1762588787.3336403,1762588787.364501,1762588787.4024935,1762588787.4414935,1762588787.478272,1762588787.5077732,1762588787.5394008,1762588787.5757997,1762588787.6132157,1762588787.6466103,1762588787.668391,1762588787.702227,1762588787.7347343,1762588787.7652307,1762588787.800661,1762588787.8305094,1762588787.8593056,1762588787.8969767,1762588787.9240725,1762588787.9765458,1762588788.0040247,1762588788.0348506,1762588788.0669916,1762588788.099251,1762588788.1374235,1762588788.164382,1762588788.1996298]}}'"
2025-11-08T11:42:57.737832,"b'{""advanced"":{""rppg"":[-0.21824229844014462,-0.5454415449271547,-0.8082400855973589,-1.0389426601924616,-1.107516590094082,-1.0327855702274853,-0.7601450605597722,-0.3244005932778757,0.2559875923301589,0.8741305276841641,1.4448672718393971,1.7993153751731332,1.8811683134561397,1.607808287934283,1.109208617530857,0.42674878625761414,-0.17118675287467916,-0.6831718095352289,-0.9302569217565865,-1.0488386409831443,-0.9979328888693534,-0.9803081655628979,-0.9743975256005682,-1.0719323521596285,-1.1294493042883007,-1.1122512286887354,-0.8983240371060606,-0.4716752917318381,0.14648799666190668,0.8355572156119979,1.4870734415675475,1.9172554506823667,2.0659535839655727,1.9000360023011669,1.497094482011082,0.9629929883211759,0.4331308191114188,-0.04923219820779459,-0.3926044059220883,-0.655435277907525,-0.770602647243893,-0.899623447468789,-0.9305506955833639,-1.0308719090200662,-1.056313127092855,-1.1502978304069886,-1.1585215782381375,-1.2108800636819876,-1.1118243355927702,-0.9332470580902662,-0.5686670481292264,-0.08333797058615566,0.5073824102723143,1.093501175924468,1.5822310660532957,1.8797222253843897,1.8989702573511802,1.6662110770702176,1.2320139364641434,0.6985090937120286,0.18955507844145023,-0.2515569874069723,-0.5318023061103068,-0.7204815751687497,-0.7780988545900825,-0.8760925636349335,-0.9391773938595477,-1.047042402478684,-1.040618511721491,-0.9340304292913467,-0.5731125025796091,-0.060638345208438034,0.6089313100986704,1.1957466726020536,1.6327463434440603,1.721882210679395,1.522617929866599,1.0336400873347311,0.46986882178923023,-0.1045359086649063,-0.490727674783094,-0.7509927558932961,-0.8111177555520469,-0.8402785232097362,-0.8097170309400172,-0.8846945850066857,-0.9732311708920237,-1.1557147278254427,-1.2631264316084914,-1.3149927925963205,-1.1614485362076872,-0.8169053248829614,-0.23887020214143748,0.4599262136280023,1.1606588840025478,1.6936378607958433,1.9536171081995564,1.8875442176382116,1.5499533291825653,1.069511058986818,0.5998172640067628,0.22281919169219175,-0.0331627551092365,-0.24639826195552592,-0.45748787111649586,-0.7739641154132714,-1.0855188451280438,-1.3136532623871815,-1.2546293329292613,-0.8680732049912315,-0.16158591494460622,0.6614175899145927,1.3927710850946073,1.757582382277065,1.700441499859061,1.212214796624609,0.5295219136102469,-0.18036532169407746,-0.6654277422890791,-0.9105997347835858,-0.8925642013177486,-0.7781646039157291,-0.6160548851413692,-0.5570949346515036,-0.5455779114688105,-0.6494271317534375,-0.7792226880420403,-0.9489491723037322,-1.0628851278088578,-1.1143019669058063,-0.9988433396102004,-0.6783240733988731,-0.13658886308165258,0.5540234015769049,1.2447324665438384,1.7634455504634017,2.0083067205202907,1.9131084182532636,1.5877950339901725,1.1071900388626124,0.6763884170180727,0.3069434231931951,0.06584359708591844,-0.18803329970956364,-0.4548465792466411,-0.8175946261124524,-1.128720813384805,-1.3226416837075294,-1.2370051964871842,-0.8846445404089184,-0.3411446825288974,0.24504611806774163,0.6793585759654163,0.8847790703591593,0.8311782101944251,0.6334650617160832,0.3987931207705406,0.2384991184116181,0.18256537680400034,0.14465229193940993,0.11159909545850283,-0.046042768587869425,-0.24279342634357903,-0.5536900316911819,-0.828741181844214,-1.0956410687474654,-1.2366267769719415,-1.2793718583032458,-1.1701945694240745,-0.916017648176851,-0.5031593142985333,0.04074584957651276,0.6151540190345596,1.1427998328162448,1.509169234770408,1.6386219500126116,1.5412444743942313,1.2428258911879353,0.8576307716734483,0.43067403977781293,0.11108552821942148,-0.1877556319823149,-0.35811121837396853,-0.5673824807052532,-0.7546166699255022,-0.9938270962697089,-1.198286658662878,-1.3462232876023392,-1.3028650546990501,-1.007358479494792,-0.4910999462651861,0.2251892153879707,0.9374311558018344,1.5525086183624643,1.882408811762007,1.863732514486934,1.5571156895737734,1.0558072044939832,0.5236011774716275,0.03962157344065766,-0.25890851400066256,-0.5061888271315909,-0.6141403114430061,-0.7378306134339746,-0.8258553413595869,-0.9674357853312974,-1.0481970681708974,-1.107136656828615,-1.0845764741153106,-1.0149475652084599,-0.8821344399830912,-0.6704508912262183,-0.37398182401510666,0.04418383378371282,0.5003842341783165,0.981351496492145,1.3307751899054028,1.474247802491617,1.3716326600756708,1.0282648030891102,0.4994644302615685,-0.07756205016791268,-0.6109962477591652,-0.9330204655676794,-1.0787286930277502,-0.9290430352725406,-0.5955727990813524,-0.054880394567016384,0.5467439818293984,1.0984398552438903,1.4632252793272083,1.5136003852803726,1.285110720010011,0.8120210331952592,0.24097342498984584,-0.3180792013285413,-0.6361913098433801,-0.7799047748554132,-0.7527489837058379,-0.6796412788649911,-0.7159778168067011,-0.8831270620180434,-1.0950663764765207,-1.277563764947774,-1.2147431968600337,-0.907854433286582,-0.2866899172964615,0.34400968598787296,0.9449629503132517,1.1834943957757877,1.1619632648130866,0.8623921604007279,0.5687541693676108,0.33602165035992904,0.1551992396722406,0.23685402325443883,-0.6260275526545831,-0.989692196832283,-1.2386662556373043,-1.2831103924771587,-1.0147161971522578,-0.4798908789733516,0.2670109224590618,1.0093466277816194,1.6148757320256732,1.905047745353328,1.8492900019134246,1.4752461280722073,0.9315564416487635,0.3700542448430519,-0.09178591027411537,-0.39817929712201117,-0.5897035987973712,-0.7427491982636273,-0.9253725151841429,-1.148504094207362,-1.3345608570596086,-1.3635402711261697,-1.100771516741394,-0.5501644026198845,0.23954970737593775,1.03076980455083,1.622943496299646,1.8175713890874494,1.5890139854926342,1.0219655377983161,0.3500598785878439,-0.24213488104754757,-0.6099630220775795,-0.7607404131555179,-0.7550429111878753,-0.7390366608249402,-0.8078613380249011,-0.9743834319611804,-1.144164366645925,-1.189642438681798,-0.9869885387215582,-0.4961356313995155,0.233701957402167,1.0320531828451756,1.7274198801820373,2.104080421548643,2.105801682396368,1.7297647222955497,1.1228916319752296,0.4192273212673784,-0.2197462182320145,-0.6905505428239959,-0.992143231695316,-1.1461330938165448,-1.2476534485634916,-1.2986166167012514,-1.315394084278857,-1.2275077607574623,-1.014097846138252,-0.6430162407546205,-0.14095878904025239,0.39732856518108917,0.8844869586684627,1.2105302043185164,1.355662090590915,1.2766642184214705,1.0139544042704478,0.5980709993751909,0.1245090652031325,-0.3063169365729688,-0.6180106262033648,-0.712202524902752,-0.5757276230697976,-0.24998918668582837,0.10757598034097916,0.3246841657784117,0.2995573049002491,-0.006753681359132731,-0.42172676628606887,-0.7816403415920264,-0.8251686630219945,-0.5290643673269386,0.10675548356731547,0.8141186442004232,1.3836000876916175,1.56580250084426,1.3484282604190363,0.8034531295666036,0.15954696283264502,-0.3911532976015575,-0.7089474286495857,-0.7958654119994001,-0.7301019532994646,-0.6540865833468783,-0.6451778194708463,-0.7592135075735269,-0.9256486132587041,-1.0947580010651545,-1.1515758341474511,-1.0524669401342661,-0.7517118185828656,-0.2948501961962435,0.264582696901223,0.823216476794043,1.3139156179630098,1.6580250699183174,1.7930676636971175,1.7128506387120481,1.4302226333129586,1.0275482457149174,0.549863351103154,0.113871478644546,-0.27194222537271434,-0.52836965127979,-0.7235320544048064,-0.8547686919449136,-0.9993363220354076,-1.1413263191293073,-1.254685094799889,-1.283272875537393,-1.1324253749752458,-0.7742506939072704,-0.21917876263603567,0.43710026673099467,1.076246854851581,1.5135942725148503,1.6715572823942826,1.5164546737237206,1.110053362659357,0.594835224518199,0.12247607495252133,-0.19327603733628465,-0.3803723522225947,-0.4644903999811309,-0.5628850768470711,-0.7174850802485762,-0.9598997665202004,-1.2074301688067337,-1.3291128690158203,-1.234590012060564,-0.8524500339791022,-0.2794376208240596,0.3820397787052577,0.9449711198569355,1.2960776424468101,1.3791851639596422,1.2415569409140812,0.9724787833095684,0.674910122221437,0.42288734444228493,0.2145789789070693,0.041210826425268327,-0.16436294591448372,-0.4226202589923407,-0.7632914616735539,-1.1214428760220283,-1.429239208944354,-1.578101737311426,-1.4658401675464305,-1.0628726854806607,-0.38858818047263904,0.433682921896994,1.205624683022388,1.759214650947029,1.9568380918595087,1.7969174055004695,1.3325949713908796,0.7368403501409325,0.17971081360339494,-0.22356480843119259,-0.43511787202108404,-0.4651134148559537,-0.42435399393888096,-0.3682011418441549,-0.40398003017009104,-0.4783221686348926,-0.6404026042556402,-0.7663277859340611,-0.8420515544054213,-0.7378413343209499,-0.49866548609676536,-0.10009749132116899,0.30622293965079933,0.6319199080907966,0.78212699944358,0.7365032389963541,0.4789805268410151,0.21845583114451894,-0.010665799979415561,-0.07161733366925525,-0.010310418171325665,0.11563653561967589,0.17731822271023423,0.08012206277922941,-0.16373298442689083,-0.5075021541008883,-0.9214350173485452,-1.217871325066926,-1.3552990948081893,-1.2483268159428138,-0.8753816960512809,-0.2665076423610746,0.47495871539790846,1.2088087406876689,1.808394814372114,2.1430129177855304,2.1124622916363216,1.7927104074586384,1.2376784045845628,0.6079892051258792,0.03245733099875636,-0.388297240203712,-0.7120374744072587,-0.9371251296766453,-1.1294072095653775,-1.3418320718666181,-1.4920291465087252,-1.493366076187713,-1.2977276717559345,-0.895310176815409,-0.27321042619362507,0.4073142582260529,1.0071327681114635,1.4087984673884788,1.5081789508009538,1.3423210948983069,0.9481821468210054,0.49536079652704235,0.04588559554637566,-0.2255683955943454,-0.436236363367372,-0.550603139163331,-0.7359344273050347,-1.004897067237665,-1.3399203033250018,-1.6070239286374834,-1.6297103045381136,-1.3144392999023888,-0.5967501744598108,0.3084513820398425,1.1905289264568948,1.7701741721854383,1.985704833172843,1.7909347761442556,1.3424599716852783,0.8804659268038914,0.4815120179653584,0.2573979975479038,0.045012124622126705,-0.17595578627025965,-0.486525290351935,-0.7493135552105799,-0.8772543438049616,-0.7789491292000507,-0.43475743042303655,-0.007095943945064854],""rppg_timestamps"":[1762588770.90264,1762588770.9315987,1762588770.963116,1762588770.997998,1762588771.0282404,1762588771.0622869,1762588771.0913496,1762588771.1246576,1762588771.1566064,1762588771.187347,1762588771.2377095,1762588771.2691453,1762588771.3039868,1762588771.3338187,1762588771.3644168,1762588771.398269,1762588771.434249,1762588771.46449,1762588771.4914079,1762588771.5264297,1762588771.5644572,1762588771.5931036,1762588771.6399117,1762588771.670175,1762588771.7005732,1762588771.7346685,1762588771.767356,1762588771.8016338,1762588771.8263927,1762588771.8634486,1762588771.9021142,1762588771.9351108,1762588771.9572713,1762588771.9912329,1762588772.038424,1762588772.0739338,1762588772.1013205,1762588772.135404,1762588772.1640413,1762588772.1958058,1762588772.2310636,1762588772.261044,1762588772.2938673,1762588772.3240743,1762588772.3571663,1762588772.3873756,1762588772.4366584,1762588772.4730704,1762588772.50175,1762588772.532186,1762588772.5644963,1762588772.5957813,1762588772.6270878,1762588772.6602213,1762588772.692633,1762588772.7226045,1762588772.7564783,1762588772.7899165,1762588772.8403976,1762588772.8707495,1762588772.9044654,1762588772.9414706,1762588772.9777327,1762588773.0117092,1762588773.0467682,1762588773.0666077,1762588773.0921314,1762588773.1233194,1762588773.1593983,1762588773.1889217,1762588773.241533,1762588773.280087,1762588773.3010025,1762588773.338281,1762588773.3641682,1762588773.3965814,1762588773.4275753,1762588773.4619715,1762588773.4943135,1762588773.5238419,1762588773.5591292,1762588773.5905817,1762588773.6439276,1762588773.681734,1762588773.7199006,1762588773.7536397,1762588773.7854288,1762588773.8178852,1762588773.8511856,1762588773.8756974,1762588773.8981292,1762588773.9266908,1762588773.9606516,1762588773.9916425,1762588774.0385907,1762588774.067277,1762588774.1019647,1762588774.1312675,1762588774.1648953,1762588774.1970346,1762588774.2293985,1762588774.2606277,1762588774.2964444,1762588774.3234835,1762588774.359171,1762588774.3903813,1762588774.440824,1762588774.4765606,1762588774.5089245,1762588774.5360856,1762588774.5651476,1762588774.5954168,1762588774.6270504,1762588774.6605332,1762588774.6910753,1762588774.7280447,1762588774.755516,1762588774.7878363,1762588774.8389711,1762588774.8743105,1762588774.9027543,1762588774.9373672,1762588774.9735742,1762588775.0063887,1762588775.0283396,1762588775.0593345,1762588775.0946355,1762588775.1241255,1762588775.1546466,1762588775.2040334,1762588775.237148,1762588775.2701917,1762588775.3039641,1762588775.3383536,1762588775.3666534,1762588775.397786,1762588775.426307,1762588775.4593556,1762588775.4910958,1762588775.5232482,1762588775.555714,1762588775.6081016,1762588775.646821,1762588775.6747112,1762588775.7035043,1762588775.7346509,1762588775.7671533,1762588775.7982373,1762588775.8287451,1762588775.8662882,1762588775.893601,1762588775.9248064,1762588775.955623,1762588776.0060813,1762588776.0381105,1762588776.069422,1762588776.099564,1762588776.131056,1762588776.1650934,1762588776.1998212,1762588776.2306032,1762588776.2587214,1762588776.2932448,1762588776.323672,1762588776.3544636,1762588776.4040687,1762588776.4356644,1762588776.467811,1762588776.4991415,1762588776.5316153,1762588776.5638947,1762588776.5972397,1762588776.6286392,1762588776.658576,1762588776.6918688,1762588776.7235773,1762588776.7552078,1762588776.8075202,1762588776.8348913,1762588776.868654,1762588776.9010687,1762588776.9320915,1762588776.9666665,1762588776.9971497,1762588777.0264604,1762588777.0584521,1762588777.090952,1762588777.123014,1762588777.1563914,1762588777.2036989,1762588777.238615,1762588777.2726533,1762588777.3030064,1762588777.3321693,1762588777.3641944,1762588777.4026933,1762588777.439965,1762588777.4620883,1762588777.4901075,1762588777.52392,1762588777.5546262,1762588777.6058953,1762588777.6365504,1762588777.6675503,1762588777.6999803,1762588777.732653,1762588777.7664192,1762588777.7946475,1762588777.8297954,1762588777.8623827,1762588777.8960805,1762588777.9347196,1762588777.9573894,1762588778.0028913,1762588778.0351198,1762588778.0690205,1762588778.1002035,1762588778.1338124,1762588778.1697178,1762588778.2065783,1762588778.2305465,1762588778.264576,1762588778.2994618,1762588778.327303,1762588778.358088,1762588778.4022307,1762588778.4365423,1762588778.467484,1762588778.5000823,1762588778.5318263,1762588778.5647578,1762588778.5982203,1762588778.626619,1762588778.6622772,1762588778.6965923,1762588778.7232206,1762588778.7569804,1762588778.8082726,1762588778.8356683,1762588778.8693395,1762588778.8986702,1762588778.9316146,1762588778.962926,1762588778.9996333,1762588779.0279727,1762588779.0593858,1762588779.09098,1762588779.1228023,1762588779.1574678,1762588779.2050931,1762588779.23649,1762588779.2686536,1762588779.3003576,1762588779.3338938,1762588779.365226,1762588779.3972006,1762588779.701189,1762588779.7338014,1762588779.7677965,1762588779.7987885,1762588779.8310146,1762588779.858763,1762588779.8917823,1762588779.9243808,1762588779.9560757,1762588780.003707,1762588780.0377672,1762588780.066727,1762588780.1002345,1762588780.13009,1762588780.1626487,1762588780.1952455,1762588780.2326312,1762588780.2588022,1762588780.29408,1762588780.3246162,1762588780.3558004,1762588780.4032404,1762588780.4360106,1762588780.4699614,1762588780.4999645,1762588780.5310638,1762588780.563256,1762588780.5948248,1762588780.6330936,1762588780.6641958,1762588780.6953278,1762588780.7232351,1762588780.7610245,1762588780.8084567,1762588780.8370063,1762588780.8668747,1762588780.9024527,1762588780.9329479,1762588780.9630647,1762588781.000675,1762588781.026905,1762588781.0600033,1762588781.0941815,1762588781.1264286,1762588781.1556683,1762588781.206885,1762588781.2379825,1762588781.27068,1762588781.3009665,1762588781.332831,1762588781.366787,1762588781.4001255,1762588781.4268725,1762588781.4597876,1762588781.4986713,1762588781.5307257,1762588781.5554767,1762588781.6092186,1762588781.6418164,1762588781.669266,1762588781.7023084,1762588781.7341228,1762588781.764901,1762588781.8008885,1762588781.829413,1762588781.8589568,1762588781.892601,1762588781.923213,1762588781.9578905,1762588782.0081465,1762588782.0388775,1762588782.0669358,1762588782.1013365,1762588782.132,1762588782.1650136,1762588782.1950307,1762588782.226056,1762588782.2596712,1762588782.2902212,1762588782.3232343,1762588782.356831,1762588782.4037645,1762588782.4349024,1762588782.4697156,1762588782.4994774,1762588782.5309975,1762588782.564043,1762588782.5956707,1762588782.63016,1762588782.6632218,1762588782.6906738,1762588782.7233937,1762588782.758044,1762588782.804489,1762588782.8357844,1762588782.868566,1762588782.8987405,1762588782.9332824,1762588782.9632256,1762588782.9975052,1762588783.030565,1762588783.0593965,1762588783.094099,1762588783.1262178,1762588783.1555526,1762588783.2099473,1762588783.2367465,1762588783.268446,1762588783.3016398,1762588783.3348386,1762588783.366278,1762588783.394526,1762588783.4273124,1762588783.4604053,1762588783.4915776,1762588783.52523,1762588783.5591688,1762588783.6081407,1762588783.640403,1762588783.6677303,1762588783.7005532,1762588783.736209,1762588783.765224,1762588783.7945032,1762588783.8267658,1762588783.8609185,1762588783.8960059,1762588783.9254897,1762588783.9588547,1762588784.0088806,1762588784.0472584,1762588784.0852225,1762588784.1043513,1762588784.1318884,1762588784.1637433,1762588784.1953478,1762588784.2283587,1762588784.26154,1762588784.2923217,1762588784.324149,1762588784.3543127,1762588784.4075963,1762588784.4413676,1762588784.4749825,1762588784.4986727,1762588784.5326333,1762588784.5657008,1762588784.6055245,1762588784.630558,1762588784.6614442,1762588784.6922565,1762588784.722433,1762588784.7550702,1762588784.8048124,1762588784.836153,1762588784.8689744,1762588784.8992546,1762588784.9313192,1762588784.9644551,1762588784.9949377,1762588785.0267394,1762588785.0609083,1762588785.0927804,1762588785.1227071,1762588785.1556315,1762588785.2039602,1762588785.2388027,1762588785.269639,1762588785.3004978,1762588785.33365,1762588785.3651042,1762588785.3953192,1762588785.4286747,1762588785.4587755,1762588785.4945636,1762588785.5287628,1762588785.5557404,1762588785.6036532,1762588785.63544,1762588785.667608,1762588785.702433,1762588785.733594,1762588785.765883,1762588785.7967217,1762588785.8273768,1762588785.8588731,1762588785.8906655,1762588785.9242246,1762588785.9556928,1762588786.0036266,1762588786.036759,1762588786.069037,1762588786.1071467,1762588786.137745,1762588786.1660528,1762588786.1972158,1762588786.2272787,1762588786.2617295,1762588786.2930064,1762588786.3242774,1762588786.3730583,1762588786.4040463,1762588786.434779,1762588786.4681804,1762588786.4984472,1762588786.532369,1762588786.5669866,1762588786.5961456,1762588786.6351197,1762588786.6585214,1762588786.6901572,1762588786.7252283,1762588786.772168,1762588786.8034341,1762588786.8364155,1762588786.8675747,1762588786.8989046,1762588786.9307816,1762588786.9649217,1762588786.9983683,1762588787.0282786,1762588787.064213,1762588787.0908692,1762588787.124233,1762588787.1721923,1762588787.2038527,1762588787.236962,1762588787.2674701,1762588787.3002052,1762588787.3336403,1762588787.364501,1762588787.4024935,1762588787.4414935,1762588787.478272,1762588787.5077732,1762588787.5394008,1762588787.5757997,1762588787.6132157,1762588787.6466103,1762588787.668391,1762588787.702227,1762588787.7347343,1762588787.7652307,1762588787.800661,1762588787.8305094,1762588787.8593056,1762588787.8969767,1762588787.9240725,1762588787.9765458,1762588788.0040247,1762588788.0348506,1762588788.0669916,1762588788.099251,1762588788.1374235,1762588788.164382,1762588788.1996298]}}'"
2025-11-08T11:42:58.778685,"b'{""advanced"":{""rppg"":[-0.21824229844014462,-0.5454415449271547,-0.8082400855973589,-1.0389426601924616,-1.107516590094082,-1.0327855702274853,-0.7601450605597722,-0.3244005932778757,0.2559875923301589,0.8741305276841641,1.4448672718393971,1.7993153751731332,1.8811683134561397,1.607808287934283,1.109208617530857,0.42674878625761414,-0.17118675287467916,-0.6831718095352289,-0.9302569217565865,-1.0488386409831443,-0.9979328888693534,-0.9803081655628979,-0.9743975256005682,-1.0719323521596285,-1.1294493042883007,-1.1122512286887354,-0.8983240371060606,-0.4716752917318381,0.14648799666190668,0.8355572156119979,1.4870734415675475,1.9172554506823667,2.0659535839655727,1.9000360023011669,1.497094482011082,0.9629929883211759,0.4331308191114188,-0.04923219820779459,-0.3926044059220883,-0.655435277907525,-0.770602647243893,-0.899623447468789,-0.9305506955833639,-1.0308719090200662,-1.056313127092855,-1.1502978304069886,-1.1585215782381375,-1.2108800636819876,-1.1118243355927702,-0.9332470580902662,-0.5686670481292264,-0.08333797058615566,0.5073824102723143,1.093501175924468,1.5822310660532957,1.8797222253843897,1.8989702573511802,1.6662110770702176,1.2320139364641434,0.6985090937120286,0.18955507844145023,-0.2515569874069723,-0.5318023061103068,-0.7204815751687497,-0.7780988545900825,-0.8760925636349335,-0.9391773938595477,-1.047042402478684,-1.040618511721491,-0.9340304292913467,-0.5731125025796091,-0.060638345208438034,0.6089313100986704,1.1957466726020536,1.6327463434440603,1.721882210679395,1.522617929866599,1.0336400873347311,0.46986882178923023,-0.1045359086649063,-0.490727674783094,-0.7509927558932961,-0.8111177555520469,-0.8402785232097362,-0.8097170309400172,-0.8846945850066857,-0.9732311708920237,-1.1557147278254427,-1.2631264316084914,-1.3149927925963205,-1.1614485362076872,-0.8169053248829614,-0.23887020214143748,0.4599262136280023,1.1606588840025478,1.6936378607958433,1.9536171081995564,1.8875442176382116,1.5499533291825653,1.069511058986818,0.5998172640067628,0.22281919169219175,-0.0331627551092365,-0.24639826195552592,-0.45748787111649586,-0.7739641154132714,-1.0855188451280438,-1.3136532623871815,-1.2546293329292613,-0.8680732049912315,-0.16158591494460622,0.6614175899145927,1.3927710850946073,1.757582382277065,1.700441499859061,1.212214796624609,0.5295219136102469,-0.18036532169407746,-0.6654277422890791,-0.9105997347835858,-0.8925642013177486,-0.7781646039157291,-0.6160548851413692,-0.5570949346515036,-0.5455779114688105,-0.6494271317534375,-0.7792226880420403,-0.9489491723037322,-1.0628851278088578,-1.1143019669058063,-0.9988433396102004,-0.6783240733988731,-0.13658886308165258,0.5540234015769049,1.2447324665438384,1.7634455504634017,2.0083067205202907,1.9131084182532636,1.5877950339901725,1.1071900388626124,0.6763884170180727,0.3069434231931951,0.06584359708591844,-0.18803329970956364,-0.4548465792466411,-0.8175946261124524,-1.128720813384805,-1.3226416837075294,-1.2370051964871842,-0.8846445404089184,-0.3411446825288974,0.24504611806774163,0.6793585759654163,0.8847790703591593,0.8311782101944251,0.6334650617160832,0.3987931207705406,0.2384991184116181,0.18256537680400034,0.14465229193940993,0.11159909545850283,-0.046042768587869425,-0.24279342634357903,-0.5536900316911819,-0.828741181844214,-1.0956410687474654,-1.2366267769719415,-1.2793718583032458,-1.1701945694240745,-0.916017648176851,-0.5031593142985333,0.04074584957651276,0.6151540190345596,1.1427998328162448,1.509169234770408,1.6386219500126116,1.5412444743942313,1.2428258911879353,0.8576307716734483,0.43067403977781293,0.11108552821942148,-0.1877556319823149,-0.35811121837396853,-0.5673824807052532,-0.7546166699255022,-0.9938270962697089,-1.198286658662878,-1.3462232876023392,-1.3028650546990501,-1.007358479494792,-0.4910999462651861,0.2251892153879707,0.9374311558018344,1.5525086183624643,1.882408811762007,1.863732514486934,1.5571156895737734,1.0558072044939832,0.5236011774716275,0.03962157344065766,-0.25890851400066256,-0.5061888271315909,-0.6141403114430061,-0.7378306134339746,-0.8258553413595869,-0.9674357853312974,-1.0481970681708974,-1.107136656828615,-1.0845764741153106,-1.0149475652084599,-0.8821344399830912,-0.6704508912262183,-0.37398182401510666,0.04418383378371282,0.5003842341783165,0.981351496492145,1.3307751899054028,1.474247802491617,1.3716326600756708,1.0282648030891102,0.4994644302615685,-0.07756205016791268,-0.6109962477591652,-0.9330204655676794,-1.0787286930277502,-0.9290430352725406,-0.5955727990813524,-0.054880394567016384,0.5467439818293984,1.0984398552438903,1.4632252793272083,1.5136003852803726,1.285110720010011,0.8120210331952592,0.24097342498984584,-0.3180792013285413,-0.6361913098433801,-0.7799047748554132,-0.7527489837058379,-0.6796412788649911,-0.7159778168067011,-0.8831270620180434,-1.0950663764765207,-1.277563764947774,-1.2147431968600337,-0.907854433286582,-0.2866899172964615,0.34400968598787296,0.9449629503132517,1.1834943957757877,1.1619632648130866,0.8623921604007279,0.5687541693676108,0.33602165035992904,0.1551992396722406,0.23685402325443883,-0.6260275526545831,-0.989692196832283,-1.2386662556373043,-1.2831103924771587,-1.0147161971522578,-0.4798908789733516,0.2670109224590618,1.0093466277816194,1.6148757320256732,1.905047745353328,1.8492900019134246,1.4752461280722073,0.9315564416487635,0.3700542448430519,-0.09178591027411537,-0.39817929712201117,-0.5897035987973712,-0.7427491982636273,-0.9253725151841429,-1.148504094207362,-1.3345608570596086,-1.3635402711261697,-1.100771516741394,-0.5501644026198845,0.23954970737593775,1.03076980455083,1.622943496299646,1.8175713890874494,1.5890139854926342,1.0219655377983161,0.3500598785878439,-0.24213488104754757,-0.6099630220775795,-0.7607404131555179,-0.7550429111878753,-0.7390366608249402,-0.8078613380249011,-0.9743834319611804,-1.144164366645925,-1.189642438681798,-0.9869885387215582,-0.4961356313995155,0.233701957402167,1.0320531828451756,1.7274198801820373,2.104080421548643,2.105801682396368,1.7297647222955497,1.1228916319752296,0.4192273212673784,-0.2197462182320145,-0.6905505428239959,-0.992143231695316,-1.1461330938165448,-1.2476534485634916,-1.2986166167012514,-1.315394084278857,-1.2275077607574623,-1.014097846138252,-0.6430162407546205,-0.14095878904025239,0.39732856518108917,0.8844869586684627,1.2105302043185164,1.355662090590915,1.2766642184214705,1.0139544042704478,0.5980709993751909,0.1245090652031325,-0.3063169365729688,-0.6180106262033648,-0.712202524902752,-0.5757276230697976,-0.24998918668582837,0.10757598034097916,0.3246841657784117,0.2995573049002491,-0.006753681359132731,-0.42172676628606887,-0.7816403415920264,-0.8251686630219945,-0.5290643673269386,0.10675548356731547,0.8141186442004232,1.3836000876916175,1.56580250084426,1.3484282604190363,0.8034531295666036,0.15954696283264502,-0.3911532976015575,-0.7089474286495857,-0.7958654119994001,-0.7301019532994646,-0.6540865833468783,-0.6451778194708463,-0.7592135075735269,-0.9256486132587041,-1.0947580010651545,-1.1515758341474511,-1.0524669401342661,-0.7517118185828656,-0.2948501961962435,0.264582696901223,0.823216476794043,1.3139156179630098,1.6580250699183174,1.7930676636971175,1.7128506387120481,1.4302226333129586,1.0275482457149174,0.549863351103154,0.113871478644546,-0.27194222537271434,-0.52836965127979,-0.7235320544048064,-0.8547686919449136,-0.9993363220354076,-1.1413263191293073,-1.254685094799889,-1.283272875537393,-1.1324253749752458,-0.7742506939072704,-0.21917876263603567,0.43710026673099467,1.076246854851581,1.5135942725148503,1.6715572823942826,1.5164546737237206,1.110053362659357,0.594835224518199,0.12247607495252133,-0.19327603733628465,-0.3803723522225947,-0.4644903999811309,-0.5628850768470711,-0.7174850802485762,-0.9598997665202004,-1.2074301688067337,-1.3291128690158203,-1.234590012060564,-0.8524500339791022,-0.2794376208240596,0.3820397787052577,0.9449711198569355,1.2960776424468101,1.3791851639596422,1.2415569409140812,0.9724787833095684,0.674910122221437,0.42288734444228493,0.2145789789070693,0.041210826425268327,-0.16436294591448372,-0.4226202589923407,-0.7632914616735539,-1.1214428760220283,-1.429239208944354,-1.578101737311426,-1.4658401675464305,-1.0628726854806607,-0.38858818047263904,0.433682921896994,1.205624683022388,1.759214650947029,1.9568380918595087,1.7969174055004695,1.3325949713908796,0.7368403501409325,0.17971081360339494,-0.22356480843119259,-0.43511787202108404,-0.4651134148559537,-0.42435399393888096,-0.3682011418441549,-0.40398003017009104,-0.4783221686348926,-0.6404026042556402,-0.7663277859340611,-0.8420515544054213,-0.7378413343209499,-0.49866548609676536,-0.10009749132116899,0.30622293965079933,0.6319199080907966,0.78212699944358,0.7365032389963541,0.4789805268410151,0.21845583114451894,-0.010665799979415561,-0.07161733366925525,-0.010310418171325665,0.11563653561967589,0.17731822271023423,0.08012206277922941,-0.16373298442689083,-0.5075021541008883,-0.9214350173485452,-1.217871325066926,-1.3552990948081893,-1.2483268159428138,-0.8753816960512809,-0.2665076423610746,0.47495871539790846,1.2088087406876689,1.808394814372114,2.1430129177855304,2.1124622916363216,1.7927104074586384,1.2376784045845628,0.6079892051258792,0.03245733099875636,-0.388297240203712,-0.7120374744072587,-0.9371251296766453,-1.1294072095653775,-1.3418320718666181,-1.4920291465087252,-1.493366076187713,-1.2977276717559345,-0.895310176815409,-0.27321042619362507,0.4073142582260529,1.0071327681114635,1.4087984673884788,1.5081789508009538,1.3423210948983069,0.9481821468210054,0.49536079652704235,0.04588559554637566,-0.2255683955943454,-0.436236363367372,-0.550603139163331,-0.7359344273050347,-1.004897067237665,-1.3399203033250018,-1.6070239286374834,-1.6297103045381136,-1.3144392999023888,-0.5967501744598108,0.3084513820398425,1.1905289264568948,1.7701741721854383,1.985704833172843,1.7909347761442556,1.3424599716852783,0.8804659268038914,0.4815120179653584,0.2573979975479038,0.045012124622126705,-0.17595578627025965,-0.486525290351935,-0.7493135552105799,-0.8772543438049616,-0.7789491292000507,-0.43475743042303655,-0.007095943945064854],""rppg_timestamps"":[1762588770.90264,1762588770.9315987,1762588770.963116,1762588770.997998,1762588771.0282404,1762588771.0622869,1762588771.0913496,1762588771.1246576,1762588771.1566064,1762588771.187347,1762588771.2377095,1762588771.2691453,1762588771.3039868,1762588771.3338187,1762588771.3644168,1762588771.398269,1762588771.434249,1762588771.46449,1762588771.4914079,1762588771.5264297,1762588771.5644572,1762588771.5931036,1762588771.6399117,1762588771.670175,1762588771.7005732,1762588771.7346685,1762588771.767356,1762588771.8016338,1762588771.8263927,1762588771.8634486,1762588771.9021142,1762588771.9351108,1762588771.9572713,1762588771.9912329,1762588772.038424,1762588772.0739338,1762588772.1013205,1762588772.135404,1762588772.1640413,1762588772.1958058,1762588772.2310636,1762588772.261044,1762588772.2938673,1762588772.3240743,1762588772.3571663,1762588772.3873756,1762588772.4366584,1762588772.4730704,1762588772.50175,1762588772.532186,1762588772.5644963,1762588772.5957813,1762588772.6270878,1762588772.6602213,1762588772.692633,1762588772.7226045,1762588772.7564783,1762588772.7899165,1762588772.8403976,1762588772.8707495,1762588772.9044654,1762588772.9414706,1762588772.9777327,1762588773.0117092,1762588773.0467682,1762588773.0666077,1762588773.0921314,1762588773.1233194,1762588773.1593983,1762588773.1889217,1762588773.241533,1762588773.280087,1762588773.3010025,1762588773.338281,1762588773.3641682,1762588773.3965814,1762588773.4275753,1762588773.4619715,1762588773.4943135,1762588773.5238419,1762588773.5591292,1762588773.5905817,1762588773.6439276,1762588773.681734,1762588773.7199006,1762588773.7536397,1762588773.7854288,1762588773.8178852,1762588773.8511856,1762588773.8756974,1762588773.8981292,1762588773.9266908,1762588773.9606516,1762588773.9916425,1762588774.0385907,1762588774.067277,1762588774.1019647,1762588774.1312675,1762588774.1648953,1762588774.1970346,1762588774.2293985,1762588774.2606277,1762588774.2964444,1762588774.3234835,1762588774.359171,1762588774.3903813,1762588774.440824,1762588774.4765606,1762588774.5089245,1762588774.5360856,1762588774.5651476,1762588774.5954168,1762588774.6270504,1762588774.6605332,1762588774.6910753,1762588774.7280447,1762588774.755516,1762588774.7878363,1762588774.8389711,1762588774.8743105,1762588774.9027543,1762588774.9373672,1762588774.9735742,1762588775.0063887,1762588775.0283396,1762588775.0593345,1762588775.0946355,1762588775.1241255,1762588775.1546466,1762588775.2040334,1762588775.237148,1762588775.2701917,1762588775.3039641,1762588775.3383536,1762588775.3666534,1762588775.397786,1762588775.426307,1762588775.4593556,1762588775.4910958,1762588775.5232482,1762588775.555714,1762588775.6081016,1762588775.646821,1762588775.6747112,1762588775.7035043,1762588775.7346509,1762588775.7671533,1762588775.7982373,1762588775.8287451,1762588775.8662882,1762588775.893601,1762588775.9248064,1762588775.955623,1762588776.0060813,1762588776.0381105,1762588776.069422,1762588776.099564,1762588776.131056,1762588776.1650934,1762588776.1998212,1762588776.2306032,1762588776.2587214,1762588776.2932448,1762588776.323672,1762588776.3544636,1762588776.4040687,1762588776.4356644,1762588776.467811,1762588776.4991415,1762588776.5316153,1762588776.5638947,1762588776.5972397,1762588776.6286392,1762588776.658576,1762588776.6918688,1762588776.7235773,1762588776.7552078,1762588776.8075202,1762588776.8348913,1762588776.868654,1762588776.9010687,1762588776.9320915,1762588776.9666665,1762588776.9971497,1762588777.0264604,1762588777.0584521,1762588777.090952,1762588777.123014,1762588777.1563914,1762588777.2036989,1762588777.238615,1762588777.2726533,1762588777.3030064,1762588777.3321693,1762588777.3641944,1762588777.4026933,1762588777.439965,1762588777.4620883,1762588777.4901075,1762588777.52392,1762588777.5546262,1762588777.6058953,1762588777.6365504,1762588777.6675503,1762588777.6999803,1762588777.732653,1762588777.7664192,1762588777.7946475,1762588777.8297954,1762588777.8623827,1762588777.8960805,1762588777.9347196,1762588777.9573894,1762588778.0028913,1762588778.0351198,1762588778.0690205,1762588778.1002035,1762588778.1338124,1762588778.1697178,1762588778.2065783,1762588778.2305465,1762588778.264576,1762588778.2994618,1762588778.327303,1762588778.358088,1762588778.4022307,1762588778.4365423,1762588778.467484,1762588778.5000823,1762588778.5318263,1762588778.5647578,1762588778.5982203,1762588778.626619,1762588778.6622772,1762588778.6965923,1762588778.7232206,1762588778.7569804,1762588778.8082726,1762588778.8356683,1762588778.8693395,1762588778.8986702,1762588778.9316146,1762588778.962926,1762588778.9996333,1762588779.0279727,1762588779.0593858,1762588779.09098,1762588779.1228023,1762588779.1574678,1762588779.2050931,1762588779.23649,1762588779.2686536,1762588779.3003576,1762588779.3338938,1762588779.365226,1762588779.3972006,1762588779.701189,1762588779.7338014,1762588779.7677965,1762588779.7987885,1762588779.8310146,1762588779.858763,1762588779.8917823,1762588779.9243808,1762588779.9560757,1762588780.003707,1762588780.0377672,1762588780.066727,1762588780.1002345,1762588780.13009,1762588780.1626487,1762588780.1952455,1762588780.2326312,1762588780.2588022,1762588780.29408,1762588780.3246162,1762588780.3558004,1762588780.4032404,1762588780.4360106,1762588780.4699614,1762588780.4999645,1762588780.5310638,1762588780.563256,1762588780.5948248,1762588780.6330936,1762588780.6641958,1762588780.6953278,1762588780.7232351,1762588780.7610245,1762588780.8084567,1762588780.8370063,1762588780.8668747,1762588780.9024527,1762588780.9329479,1762588780.9630647,1762588781.000675,1762588781.026905,1762588781.0600033,1762588781.0941815,1762588781.1264286,1762588781.1556683,1762588781.206885,1762588781.2379825,1762588781.27068,1762588781.3009665,1762588781.332831,1762588781.366787,1762588781.4001255,1762588781.4268725,1762588781.4597876,1762588781.4986713,1762588781.5307257,1762588781.5554767,1762588781.6092186,1762588781.6418164,1762588781.669266,1762588781.7023084,1762588781.7341228,1762588781.764901,1762588781.8008885,1762588781.829413,1762588781.8589568,1762588781.892601,1762588781.923213,1762588781.9578905,1762588782.0081465,1762588782.0388775,1762588782.0669358,1762588782.1013365,1762588782.132,1762588782.1650136,1762588782.1950307,1762588782.226056,1762588782.2596712,1762588782.2902212,1762588782.3232343,1762588782.356831,1762588782.4037645,1762588782.4349024,1762588782.4697156,1762588782.4994774,1762588782.5309975,1762588782.564043,1762588782.5956707,1762588782.63016,1762588782.6632218,1762588782.6906738,1762588782.7233937,1762588782.758044,1762588782.804489,1762588782.8357844,1762588782.868566,1762588782.8987405,1762588782.9332824,1762588782.9632256,1762588782.9975052,1762588783.030565,1762588783.0593965,1762588783.094099,1762588783.1262178,1762588783.1555526,1762588783.2099473,1762588783.2367465,1762588783.268446,1762588783.3016398,1762588783.3348386,1762588783.366278,1762588783.394526,1762588783.4273124,1762588783.4604053,1762588783.4915776,1762588783.52523,1762588783.5591688,1762588783.6081407,1762588783.640403,1762588783.6677303,1762588783.7005532,1762588783.736209,1762588783.765224,1762588783.7945032,1762588783.8267658,1762588783.8609185,1762588783.8960059,1762588783.9254897,1762588783.9588547,1762588784.0088806,1762588784.0472584,1762588784.0852225,1762588784.1043513,1762588784.1318884,1762588784.1637433,1762588784.1953478,1762588784.2283587,1762588784.26154,1762588784.2923217,1762588784.324149,1762588784.3543127,1762588784.4075963,1762588784.4413676,1762588784.4749825,1762588784.4986727,1762588784.5326333,1762588784.5657008,1762588784.6055245,1762588784.630558,1762588784.6614442,1762588784.6922565,1762588784.722433,1762588784.7550702,1762588784.8048124,1762588784.836153,1762588784.8689744,1762588784.8992546,1762588784.9313192,1762588784.9644551,1762588784.9949377,1762588785.0267394,1762588785.0609083,1762588785.0927804,1762588785.1227071,1762588785.1556315,1762588785.2039602,1762588785.2388027,1762588785.269639,1762588785.3004978,1762588785.33365,1762588785.3651042,1762588785.3953192,1762588785.4286747,1762588785.4587755,1762588785.4945636,1762588785.5287628,1762588785.5557404,1762588785.6036532,1762588785.63544,1762588785.667608,1762588785.702433,1762588785.733594,1762588785.765883,1762588785.7967217,1762588785.8273768,1762588785.8588731,1762588785.8906655,1762588785.9242246,1762588785.9556928,1762588786.0036266,1762588786.036759,1762588786.069037,1762588786.1071467,1762588786.137745,1762588786.1660528,1762588786.1972158,1762588786.2272787,1762588786.2617295,1762588786.2930064,1762588786.3242774,1762588786.3730583,1762588786.4040463,1762588786.434779,1762588786.4681804,1762588786.4984472,1762588786.532369,1762588786.5669866,1762588786.5961456,1762588786.6351197,1762588786.6585214,1762588786.6901572,1762588786.7252283,1762588786.772168,1762588786.8034341,1762588786.8364155,1762588786.8675747,1762588786.8989046,1762588786.9307816,1762588786.9649217,1762588786.9983683,1762588787.0282786,1762588787.064213,1762588787.0908692,1762588787.124233,1762588787.1721923,1762588787.2038527,1762588787.236962,1762588787.2674701,1762588787.3002052,1762588787.3336403,1762588787.364501,1762588787.4024935,1762588787.4414935,1762588787.478272,1762588787.5077732,1762588787.5394008,1762588787.5757997,1762588787.6132157,1762588787.6466103,1762588787.668391,1762588787.702227,1762588787.7347343,1762588787.7652307,1762588787.800661,1762588787.8305094,1762588787.8593056,1762588787.8969767,1762588787.9240725,1762588787.9765458,1762588788.0040247,1762588788.0348506,1762588788.0669916,1762588788.099251,1762588788.1374235,1762588788.164382,1762588788.1996298]}}'"
2025-11-08T11:43:00.727220,"b'{""advanced"":{""rppg"":[-0.21824229844014462,-0.5454415449271547,-0.8082400855973589,-1.0389426601924616,-1.107516590094082,-1.0327855702274853,-0.7601450605597722,-0.3244005932778757,0.2559875923301589,0.8741305276841641,1.4448672718393971,1.7993153751731332,1.8811683134561397,1.607808287934283,1.109208617530857,0.42674878625761414,-0.17118675287467916,-0.6831718095352289,-0.9302569217565865,-1.0488386409831443,-0.9979328888693534,-0.9803081655628979,-0.9743975256005682,-1.0719323521596285,-1.1294493042883007,-1.1122512286887354,-0.8983240371060606,-0.4716752917318381,0.14648799666190668,0.8355572156119979,1.4870734415675475,1.9172554506823667,2.0659535839655727,1.9000360023011669,1.497094482011082,0.9629929883211759,0.4331308191114188,-0.04923219820779459,-0.3926044059220883,-0.655435277907525,-0.770602647243893,-0.899623447468789,-0.9305506955833639,-1.0308719090200662,-1.056313127092855,-1.1502978304069886,-1.1585215782381375,-1.2108800636819876,-1.1118243355927702,-0.9332470580902662,-0.5686670481292264,-0.08333797058615566,0.5073824102723143,1.093501175924468,1.5822310660532957,1.8797222253843897,1.8989702573511802,1.6662110770702176,1.2320139364641434,0.6985090937120286,0.18955507844145023,-0.2515569874069723,-0.5318023061103068,-0.7204815751687497,-0.7780988545900825,-0.8760925636349335,-0.9391773938595477,-1.047042402478684,-1.040618511721491,-0.9340304292913467,-0.5731125025796091,-0.060638345208438034,0.6089313100986704,1.1957466726020536,1.6327463434440603,1.721882210679395,1.522617929866599,1.0336400873347311,0.46986882178923023,-0.1045359086649063,-0.490727674783094,-0.7509927558932961,-0.8111177555520469,-0.8402785232097362,-0.8097170309400172,-0.8846945850066857,-0.9732311708920237,-1.1557147278254427,-1.2631264316084914,-1.3149927925963205,-1.1614485362076872,-0.8169053248829614,-0.23887020214143748,0.4599262136280023,1.1606588840025478,1.6936378607958433,1.9536171081995564,1.8875442176382116,1.5499533291825653,1.069511058986818,0.5998172640067628,0.22281919169219175,-0.0331627551092365,-0.24639826195552592,-0.45748787111649586,-0.7739641154132714,-1.0855188451280438,-1.3136532623871815,-1.2546293329292613,-0.8680732049912315,-0.16158591494460622,0.6614175899145927,1.3927710850946073,1.757582382277065,1.700441499859061,1.212214796624609,0.5295219136102469,-0.18036532169407746,-0.6654277422890791,-0.9105997347835858,-0.8925642013177486,-0.7781646039157291,-0.6160548851413692,-0.5570949346515036,-0.5455779114688105,-0.6494271317534375,-0.7792226880420403,-0.9489491723037322,-1.0628851278088578,-1.1143019669058063,-0.9988433396102004,-0.6783240733988731,-0.13658886308165258,0.5540234015769049,1.2447324665438384,1.7634455504634017,2.0083067205202907,1.9131084182532636,1.5877950339901725,1.1071900388626124,0.6763884170180727,0.3069434231931951,0.06584359708591844,-0.18803329970956364,-0.4548465792466411,-0.8175946261124524,-1.128720813384805,-1.3226416837075294,-1.2370051964871842,-0.8846445404089184,-0.3411446825288974,0.24504611806774163,0.6793585759654163,0.8847790703591593,0.8311782101944251,0.6334650617160832,0.3987931207705406,0.2384991184116181,0.18256537680400034,0.14465229193940993,0.11159909545850283,-0.046042768587869425,-0.24279342634357903,-0.5536900316911819,-0.828741181844214,-1.0956410687474654,-1.2366267769719415,-1.2793718583032458,-1.1701945694240745,-0.916017648176851,-0.5031593142985333,0.04074584957651276,0.6151540190345596,1.1427998328162448,1.509169234770408,1.6386219500126116,1.5412444743942313,1.2428258911879353,0.8576307716734483,0.43067403977781293,0.11108552821942148,-0.1877556319823149,-0.35811121837396853,-0.5673824807052532,-0.7546166699255022,-0.9938270962697089,-1.198286658662878,-1.3462232876023392,-1.3028650546990501,-1.007358479494792,-0.4910999462651861,0.2251892153879707,0.9374311558018344,1.5525086183624643,1.882408811762007,1.863732514486934,1.5571156895737734,1.0558072044939832,0.5236011774716275,0.03962157344065766,-0.25890851400066256,-0.5061888271315909,-0.6141403114430061,-0.7378306134339746,-0.8258553413595869,-0.9674357853312974,-1.0481970681708974,-1.107136656828615,-1.0845764741153106,-1.0149475652084599,-0.8821344399830912,-0.6704508912262183,-0.37398182401510666,0.04418383378371282,0.5003842341783165,0.981351496492145,1.3307751899054028,1.474247802491617,1.3716326600756708,1.0282648030891102,0.4994644302615685,-0.07756205016791268,-0.6109962477591652,-0.9330204655676794,-1.0787286930277502,-0.9290430352725406,-0.5955727990813524,-0.054880394567016384,0.5467439818293984,1.0984398552438903,1.4632252793272083,1.5136003852803726,1.285110720010011,0.8120210331952592,0.24097342498984584,-0.3180792013285413,-0.6361913098433801,-0.7799047748554132,-0.7527489837058379,-0.6796412788649911,-0.7159778168067011,-0.8831270620180434,-1.0950663764765207,-1.277563764947774,-1.2147431968600337,-0.907854433286582,-0.2866899172964615,0.34400968598787296,0.9449629503132517,1.1834943957757877,1.1619632648130866,0.8623921604007279,0.5687541693676108,0.33602165035992904,0.1551992396722406,0.23685402325443883,-0.6260275526545831,-0.989692196832283,-1.2386662556373043,-1.2831103924771587,-1.0147161971522578,-0.4798908789733516,0.2670109224590618,1.0093466277816194,1.6148757320256732,1.905047745353328,1.8492900019134246,1.4752461280722073,0.9315564416487635,0.3700542448430519,-0.09178591027411537,-0.39817929712201117,-0.5897035987973712,-0.7427491982636273,-0.9253725151841429,-1.148504094207362,-1.3345608570596086,-1.3635402711261697,-1.100771516741394,-0.5501644026198845,0.23954970737593775,1.03076980455083,1.622943496299646,1.8175713890874494,1.5890139854926342,1.0219655377983161,0.3500598785878439,-0.24213488104754757,-0.6099630220775795,-0.7607404131555179,-0.7550429111878753,-0.7390366608249402,-0.8078613380249011,-0.9743834319611804,-1.144164366645925,-1.189642438681798,-0.9869885387215582,-0.4961356313995155,0.233701957402167,1.0320531828451756,1.7274198801820373,2.104080421548643,2.105801682396368,1.7297647222955497,1.1228916319752296,0.4192273212673784,-0.2197462182320145,-0.6905505428239959,-0.992143231695316,-1.1461330938165448,-1.2476534485634916,-1.2986166167012514,-1.315394084278857,-1.2275077607574623,-1.014097846138252,-0.6430162407546205,-0.14095878904025239,0.39732856518108917,0.8844869586684627,1.2105302043185164,1.355662090590915,1.2766642184214705,1.0139544042704478,0.5980709993751909,0.1245090652031325,-0.3063169365729688,-0.6180106262033648,-0.712202524902752,-0.5757276230697976,-0.24998918668582837,0.10757598034097916,0.3246841657784117,0.2995573049002491,-0.006753681359132731,-0.42172676628606887,-0.7816403415920264,-0.8251686630219945,-0.5290643673269386,0.10675548356731547,0.8141186442004232,1.3836000876916175,1.56580250084426,1.3484282604190363,0.8034531295666036,0.15954696283264502,-0.3911532976015575,-0.7089474286495857,-0.7958654119994001,-0.7301019532994646,-0.6540865833468783,-0.6451778194708463,-0.7592135075735269,-0.9256486132587041,-1.0947580010651545,-1.1515758341474511,-1.0524669401342661,-0.7517118185828656,-0.2948501961962435,0.264582696901223,0.823216476794043,1.3139156179630098,1.6580250699183174,1.7930676636971175,1.7128506387120481,1.4302226333129586,1.0275482457149174,0.549863351103154,0.113871478644546,-0.27194222537271434,-0.52836965127979,-0.7235320544048064,-0.8547686919449136,-0.9993363220354076,-1.1413263191293073,-1.254685094799889,-1.283272875537393,-1.1324253749752458,-0.7742506939072704,-0.21917876263603567,0.43710026673099467,1.076246854851581,1.5135942725148503,1.6715572823942826,1.5164546737237206,1.110053362659357,0.594835224518199,0.12247607495252133,-0.19327603733628465,-0.3803723522225947,-0.4644903999811309,-0.5628850768470711,-0.7174850802485762,-0.9598997665202004,-1.2074301688067337,-1.3291128690158203,-1.234590012060564,-0.8524500339791022,-0.2794376208240596,0.3820397787052577,0.9449711198569355,1.2960776424468101,1.3791851639596422,1.2415569409140812,0.9724787833095684,0.674910122221437,0.42288734444228493,0.2145789789070693,0.041210826425268327,-0.16436294591448372,-0.4226202589923407,-0.7632914616735539,-1.1214428760220283,-1.429239208944354,-1.578101737311426,-1.4658401675464305,-1.0628726854806607,-0.38858818047263904,0.433682921896994,1.205624683022388,1.759214650947029,1.9568380918595087,1.7969174055004695,1.3325949713908796,0.7368403501409325,0.17971081360339494,-0.22356480843119259,-0.43511787202108404,-0.4651134148559537,-0.42435399393888096,-0.3682011418441549,-0.40398003017009104,-0.4783221686348926,-0.6404026042556402,-0.7663277859340611,-0.8420515544054213,-0.7378413343209499,-0.49866548609676536,-0.10009749132116899,0.30622293965079933,0.6319199080907966,0.78212699944358,0.7365032389963541,0.4789805268410151,0.21845583114451894,-0.010665799979415561,-0.07161733366925525,-0.010310418171325665,0.11563653561967589,0.17731822271023423,0.08012206277922941,-0.16373298442689083,-0.5075021541008883,-0.9214350173485452,-1.217871325066926,-1.3552990948081893,-1.2483268159428138,-0.8753816960512809,-0.2665076423610746,0.47495871539790846,1.2088087406876689,1.808394814372114,2.1430129177855304,2.1124622916363216,1.7927104074586384,1.2376784045845628,0.6079892051258792,0.03245733099875636,-0.388297240203712,-0.7120374744072587,-0.9371251296766453,-1.1294072095653775,-1.3418320718666181,-1.4920291465087252,-1.493366076187713,-1.2977276717559345,-0.895310176815409,-0.27321042619362507,0.4073142582260529,1.0071327681114635,1.4087984673884788,1.5081789508009538,1.3423210948983069,0.9481821468210054,0.49536079652704235,0.04588559554637566,-0.2255683955943454,-0.436236363367372,-0.550603139163331,-0.7359344273050347,-1.004897067237665,-1.3399203033250018,-1.6070239286374834,-1.6297103045381136,-1.3144392999023888,-0.5967501744598108,0.3084513820398425,1.1905289264568948,1.7701741721854383,1.985704833172843,1.7909347761442556,1.3424599716852783,0.8804659268038914,0.4815120179653584,0.2573979975479038,0.045012124622126705,-0.17595578627025965,-0.486525290351935,-0.7493135552105799,-0.8772543438049616,-0.7789491292000507,-0.43475743042303655,-0.007095943945064854,-0.1590994008192548,-0.4909159773871016,-0.718099129501591,-0.892741239917381,-0.9493863186021205,-0.9858589579261472,-0.9679774499685934,-0.9297759568243442,-0.7614611929865233,-0.4458877989848424,0.09164052600457386,0.7157389034471234,1.3751290108950216,1.8242233130885852,2.0537073195723288,1.9120410502269634,1.5682257997624935,1.020024701894954,0.5105360520867498,0.014403546776057763,-0.3122177943247015,-0.5978690169840559,-0.7577408704957307,-0.925012247908038,-0.9942529887944965,-1.0846434283099886,-1.1038466993554257,-1.1721190261826677,-1.1853716960419654,-1.218955381001705,-1.1311073790402575,-0.9422856535269512,-0.5230523013436101,0.04565213054686527,0.7505156931727828,1.376701507980908,1.8426307087977805,1.9763163723362756,1.7876973149957862,1.3146177620864439,0.7389710917882506,0.17401442784552798,-0.1838848493731226,-0.37466421835018965,-0.3382617244650071,-0.3098332620420016,-0.27286079386383477,-0.44690495303469624,-0.6488635203310695,-0.9169069473809405,-0.9520445266098013,-0.7760459097241094,-0.24248567364053666,0.39133190904030823,1.0502586055278498,1.3673483947900942,1.3785667303413103,0.9360950887869735,0.37372188623887975,-0.2862305474550639,-0.6967579620117339,-0.9480967321527665,-0.9526768907496169,-0.9403521033633258,-0.9020618461115592,-0.9679122092730658,-0.9980110081916943,-0.9791613799217368,-0.7340779783503145,-0.36288582010666315,0.186448610703753,0.7017318480282533,1.1790325164730435,1.4498404555204853,1.5853174492390105,1.5094588657392338,1.3253316912243271,1.0252023280220617,0.7022157569073737,0.3317988348150477,0.02882431344003548,-0.27301084778860746,-0.49544258283607956,-0.7469623676669984,-0.9517801492672286,-1.1857360199792755,-1.3007299023493912,-1.311782438583587,-1.061345768755222,-0.6239891660394916,0.00578598615193611,0.6026118604159488,1.0972942837521626,1.288092306455068,1.245820556042819,0.9598394365410172,0.6336049070200587,0.2866558982881882,0.06556698664415621,-0.1341165807499362,-0.23397637006006133,-0.40148284782008986,-0.5181223215485734,-0.7122416218265644,-0.8309909391115283,-0.9754275159632959,-1.0172079262297282,-1.0438555606075584,-0.9186605310532093,-0.6747753934227411,-0.2152155637904628,0.3792040448543903,1.0809277762252079,1.6694064376106932,2.054839873965241,2.039833356154164,1.7051285612537594,1.0639514049858039,0.41345420651915155,-0.19724973922058797,-0.5487037015023223,-0.743687435637949,-0.783966675838164,-0.8793718585988004,-1.0025470409565018,-1.2469970879685364,-1.3925216037617851,-1.4124194316112944,-1.1031489876379466,-0.540678305076609,0.245371376785526,0.9963618107282873,1.5997040924123136,1.8527145948580517,1.760715074574928,1.3635896674881693,0.8252950611359757,0.272882161211946,-0.14710976297872438,-0.4429135468677398,-0.6105374669233241,-0.7336446369427659,-0.8710253230175854,-1.0619625058407942,-1.2255565190306617,-1.3507163155279456,-1.2629968490943062,-0.9905408580932353,-0.4512584821645882,0.1807445604100085,0.8844039892589566,1.418500568148519,1.737255382899733,1.7481432715162468,1.5014051516426437,1.0445584116341575,0.5567854860072466,0.0822813305694272,-0.21818943649965897,-0.4377011937244384,-0.46926635334826183,-0.5470982905923096,-0.5782398592304961,-0.7759575965814662,-0.961668155067882,-1.1929034066103483,-1.2073701141452573,-0.9888122421542099,-0.461277944151814,0.2569751397632573,1.0261642580898587,1.5985990189875012,1.8200049907976255,1.6386334061079582,1.1589417095509538,0.4914355761904623,-0.09333297575158264,-0.558784806168092,-0.8076293017297881,-0.9668073539545768,-1.0346262854951365,-1.1546327451765974,-1.1957778777767047,-1.1600870056488448,-0.8949783088485368,-0.42768346686067643,0.23905212790172764,0.9034995903559255,1.439073738975021,1.6979104987274487,1.648460579624019,1.3238615094638664,0.8417468686649006,0.35275950443375587,-0.013929049086364005,-0.2994875208507224,-0.41926908714382866,-0.5309984154170422,-0.6433131366428158,-0.8765134771519095,-1.0570594731824214,-1.3172689746843538,-1.3172014174281028,-1.1592738597575978,-0.6829469594755785,-0.03986635826796653,0.6769952093703394,1.2779706149574594,1.625465667349338,1.6629741029887952,1.4075463317398413,0.9866740562242842,0.5255907621997894,0.1147911580868493,-0.0936651189413127,-0.25482785208542325,-0.31743206897156767,-0.4795698681519407,-0.7099046918358632,-1.04573483781643,-1.3350546533969703,-1.4896109258499377,-1.4265629441464525,-0.94280018444878,-0.2882197087774459,0.5437538880508569,1.243968153264627,1.7031749744058935,1.7753419242352912,1.5458914879865417,1.1198836590466792,0.627526503671029,0.24550281393625736,-0.10278902938455943,-0.33901662306014,-0.7106952675756047,-1.025228215762189,-1.3676994163746408,-1.5172403045230387,-1.3666094920601457,-0.9234939493612813,-0.25755632583291577,0.44545129805303924,0.9932178083342538,1.2834823619128926,1.2485119353892276,1.0724235440941903,0.7257511504560484,0.41601840522726374,0.063002600680052,-0.21313303731084746,-0.508152057145127,-0.5927224780164757,-0.5799875941739627,-0.4550852912284685,-0.10626162429149362],""rppg_timestamps"":[1762588770.90264,1762588770.9315987,1762588770.963116,1762588770.997998,1762588771.0282404,1762588771.0622869,1762588771.0913496,1762588771.1246576,1762588771.1566064,1762588771.187347,1762588771.2377095,1762588771.2691453,1762588771.3039868,1762588771.3338187,1762588771.3644168,1762588771.398269,1762588771.434249,1762588771.46449,1762588771.4914079,1762588771.5264297,1762588771.5644572,1762588771.5931036,1762588771.6399117,1762588771.670175,1762588771.7005732,1762588771.7346685,1762588771.767356,1762588771.8016338,1762588771.8263927,1762588771.8634486,1762588771.9021142,1762588771.9351108,1762588771.9572713,1762588771.9912329,1762588772.038424,1762588772.0739338,1762588772.1013205,1762588772.135404,1762588772.1640413,1762588772.1958058,1762588772.2310636,1762588772.261044,1762588772.2938673,1762588772.3240743,1762588772.3571663,1762588772.3873756,1762588772.4366584,1762588772.4730704,1762588772.50175,1762588772.532186,1762588772.5644963,1762588772.5957813,1762588772.6270878,1762588772.6602213,1762588772.692633,1762588772.7226045,1762588772.7564783,1762588772.7899165,1762588772.8403976,1762588772.8707495,1762588772.9044654,1762588772.9414706,1762588772.9777327,1762588773.0117092,1762588773.0467682,1762588773.0666077,1762588773.0921314,1762588773.1233194,1762588773.1593983,1762588773.1889217,1762588773.241533,1762588773.280087,1762588773.3010025,1762588773.338281,1762588773.3641682,1762588773.3965814,1762588773.4275753,1762588773.4619715,1762588773.4943135,1762588773.5238419,1762588773.5591292,1762588773.5905817,1762588773.6439276,1762588773.681734,1762588773.7199006,1762588773.7536397,1762588773.7854288,1762588773.8178852,1762588773.8511856,1762588773.8756974,1762588773.8981292,1762588773.9266908,1762588773.9606516,1762588773.9916425,1762588774.0385907,1762588774.067277,1762588774.1019647,1762588774.1312675,1762588774.1648953,1762588774.1970346,1762588774.2293985,1762588774.2606277,1762588774.2964444,1762588774.3234835,1762588774.359171,1762588774.3903813,1762588774.440824,1762588774.4765606,1762588774.5089245,1762588774.5360856,1762588774.5651476,1762588774.5954168,1762588774.6270504,1762588774.6605332,1762588774.6910753,1762588774.7280447,1762588774.755516,1762588774.7878363,1762588774.8389711,1762588774.8743105,1762588774.9027543,1762588774.9373672,1762588774.9735742,1762588775.0063887,1762588775.0283396,1762588775.0593345,1762588775.0946355,1762588775.1241255,1762588775.1546466,1762588775.2040334,1762588775.237148,1762588775.2701917,1762588775.3039641,1762588775.3383536,1762588775.3666534,1762588775.397786,1762588775.426307,1762588775.4593556,1762588775.4910958,1762588775.5232482,1762588775.555714,1762588775.6081016,1762588775.646821,1762588775.6747112,1762588775.7035043,1762588775.7346509,1762588775.7671533,1762588775.7982373,1762588775.8287451,1762588775.8662882,1762588775.893601,1762588775.9248064,1762588775.955623,1762588776.0060813,1762588776.0381105,1762588776.069422,1762588776.099564,1762588776.131056,1762588776.1650934,1762588776.1998212,1762588776.2306032,1762588776.2587214,1762588776.2932448,1762588776.323672,1762588776.3544636,1762588776.4040687,1762588776.4356644,1762588776.467811,1762588776.4991415,1762588776.5316153,1762588776.5638947,1762588776.5972397,1762588776.6286392,1762588776.658576,1762588776.6918688,1762588776.7235773,1762588776.7552078,1762588776.8075202,1762588776.8348913,1762588776.868654,1762588776.9010687,1762588776.9320915,1762588776.9666665,1762588776.9971497,1762588777.0264604,1762588777.0584521,1762588777.090952,1762588777.123014,1762588777.1563914,1762588777.2036989,1762588777.238615,1762588777.2726533,1762588777.3030064,1762588777.3321693,1762588777.3641944,1762588777.4026933,1762588777.439965,1762588777.4620883,1762588777.4901075,1762588777.52392,1762588777.5546262,1762588777.6058953,1762588777.6365504,1762588777.6675503,1762588777.6999803,1762588777.732653,1762588777.7664192,1762588777.7946475,1762588777.8297954,1762588777.8623827,1762588777.8960805,1762588777.9347196,1762588777.9573894,1762588778.0028913,1762588778.0351198,1762588778.0690205,1762588778.1002035,1762588778.1338124,1762588778.1697178,1762588778.2065783,1762588778.2305465,1762588778.264576,1762588778.2994618,1762588778.327303,1762588778.358088,1762588778.4022307,1762588778.4365423,1762588778.467484,1762588778.5000823,1762588778.5318263,1762588778.5647578,1762588778.5982203,1762588778.626619,1762588778.6622772,1762588778.6965923,1762588778.7232206,1762588778.7569804,1762588778.8082726,1762588778.8356683,1762588778.8693395,1762588778.8986702,1762588778.9316146,1762588778.962926,1762588778.9996333,1762588779.0279727,1762588779.0593858,1762588779.09098,1762588779.1228023,1762588779.1574678,1762588779.2050931,1762588779.23649,1762588779.2686536,1762588779.3003576,1762588779.3338938,1762588779.365226,1762588779.3972006,1762588779.701189,1762588779.7338014,1762588779.7677965,1762588779.7987885,1762588779.8310146,1762588779.858763,1762588779.8917823,1762588779.9243808,1762588779.9560757,1762588780.003707,1762588780.0377672,1762588780.066727,1762588780.1002345,1762588780.13009,1762588780.1626487,1762588780.1952455,1762588780.2326312,1762588780.2588022,1762588780.29408,1762588780.3246162,1762588780.3558004,1762588780.4032404,1762588780.4360106,1762588780.4699614,1762588780.4999645,1762588780.5310638,1762588780.563256,1762588780.5948248,1762588780.6330936,1762588780.6641958,1762588780.6953278,1762588780.7232351,1762588780.7610245,1762588780.8084567,1762588780.8370063,1762588780.8668747,1762588780.9024527,1762588780.9329479,1762588780.9630647,1762588781.000675,1762588781.026905,1762588781.0600033,1762588781.0941815,1762588781.1264286,1762588781.1556683,1762588781.206885,1762588781.2379825,1762588781.27068,1762588781.3009665,1762588781.332831,1762588781.366787,1762588781.4001255,1762588781.4268725,1762588781.4597876,1762588781.4986713,1762588781.5307257,1762588781.5554767,1762588781.6092186,1762588781.6418164,1762588781.669266,1762588781.7023084,1762588781.7341228,1762588781.764901,1762588781.8008885,1762588781.829413,1762588781.8589568,1762588781.892601,1762588781.923213,1762588781.9578905,1762588782.0081465,1762588782.0388775,1762588782.0669358,1762588782.1013365,1762588782.132,1762588782.1650136,1762588782.1950307,1762588782.226056,1762588782.2596712,1762588782.2902212,1762588782.3232343,1762588782.356831,1762588782.4037645,1762588782.4349024,1762588782.4697156,1762588782.4994774,1762588782.5309975,1762588782.564043,1762588782.5956707,1762588782.63016,1762588782.6632218,1762588782.6906738,1762588782.7233937,1762588782.758044,1762588782.804489,1762588782.8357844,1762588782.868566,1762588782.8987405,1762588782.9332824,1762588782.9632256,1762588782.9975052,1762588783.030565,1762588783.0593965,1762588783.094099,1762588783.1262178,1762588783.1555526,1762588783.2099473,1762588783.2367465,1762588783.268446,1762588783.3016398,1762588783.3348386,1762588783.366278,1762588783.394526,1762588783.4273124,1762588783.4604053,1762588783.4915776,1762588783.52523,1762588783.5591688,1762588783.6081407,1762588783.640403,1762588783.6677303,1762588783.7005532,1762588783.736209,1762588783.765224,1762588783.7945032,1762588783.8267658,1762588783.8609185,1762588783.8960059,1762588783.9254897,1762588783.9588547,1762588784.0088806,1762588784.0472584,1762588784.0852225,1762588784.1043513,1762588784.1318884,1762588784.1637433,1762588784.1953478,1762588784.2283587,1762588784.26154,1762588784.2923217,1762588784.324149,1762588784.3543127,1762588784.4075963,1762588784.4413676,1762588784.4749825,1762588784.4986727,1762588784.5326333,1762588784.5657008,1762588784.6055245,1762588784.630558,1762588784.6614442,1762588784.6922565,1762588784.722433,1762588784.7550702,1762588784.8048124,1762588784.836153,1762588784.8689744,1762588784.8992546,1762588784.9313192,1762588784.9644551,1762588784.9949377,1762588785.0267394,1762588785.0609083,1762588785.0927804,1762588785.1227071,1762588785.1556315,1762588785.2039602,1762588785.2388027,1762588785.269639,1762588785.3004978,1762588785.33365,1762588785.3651042,1762588785.3953192,1762588785.4286747,1762588785.4587755,1762588785.4945636,1762588785.5287628,1762588785.5557404,1762588785.6036532,1762588785.63544,1762588785.667608,1762588785.702433,1762588785.733594,1762588785.765883,1762588785.7967217,1762588785.8273768,1762588785.8588731,1762588785.8906655,1762588785.9242246,1762588785.9556928,1762588786.0036266,1762588786.036759,1762588786.069037,1762588786.1071467,1762588786.137745,1762588786.1660528,1762588786.1972158,1762588786.2272787,1762588786.2617295,1762588786.2930064,1762588786.3242774,1762588786.3730583,1762588786.4040463,1762588786.434779,1762588786.4681804,1762588786.4984472,1762588786.532369,1762588786.5669866,1762588786.5961456,1762588786.6351197,1762588786.6585214,1762588786.6901572,1762588786.7252283,1762588786.772168,1762588786.8034341,1762588786.8364155,1762588786.8675747,1762588786.8989046,1762588786.9307816,1762588786.9649217,1762588786.9983683,1762588787.0282786,1762588787.064213,1762588787.0908692,1762588787.124233,1762588787.1721923,1762588787.2038527,1762588787.236962,1762588787.2674701,1762588787.3002052,1762588787.3336403,1762588787.364501,1762588787.4024935,1762588787.4414935,1762588787.478272,1762588787.5077732,1762588787.5394008,1762588787.5757997,1762588787.6132157,1762588787.6466103,1762588787.668391,1762588787.702227,1762588787.7347343,1762588787.7652307,1762588787.800661,1762588787.8305094,1762588787.8593056,1762588787.8969767,1762588787.9240725,1762588787.9765458,1762588788.0040247,1762588788.0348506,1762588788.0669916,1762588788.099251,1762588788.1374235,1762588788.164382,1762588788.1996298,1762588788.501056,1762588788.531337,1762588788.5629272,1762588788.594908,1762588788.6271162,1762588788.658672,1762588788.6917431,1762588788.7271132,1762588788.7749424,1762588788.802631,1762588788.8355424,1762588788.8680093,1762588788.8996334,1762588788.934893,1762588788.9634662,1762588788.9995441,1762588789.0289931,1762588789.0606017,1762588789.095827,1762588789.1255693,1762588789.172817,1762588789.2032006,1762588789.2382581,1762588789.2726557,1762588789.3023593,1762588789.3335197,1762588789.3662171,1762588789.395831,1762588789.426613,1762588789.4601672,1762588789.4911208,1762588789.5226588,1762588789.570169,1762588789.6095178,1762588789.6412427,1762588789.6713495,1762588789.7008438,1762588789.7335258,1762588789.7650762,1762588789.7951763,1762588789.829941,1762588789.8617995,1762588789.8981833,1762588789.9386241,1762588789.973266,1762588790.004576,1762588790.0363395,1762588790.0718143,1762588790.1013505,1762588790.1319818,1762588790.1662447,1762588790.1967132,1762588790.2265682,1762588790.260213,1762588790.2938902,1762588790.325122,1762588790.3747308,1762588790.4056818,1762588790.4408188,1762588790.4724886,1762588790.499145,1762588790.5309632,1762588790.5666156,1762588790.594508,1762588790.628391,1762588790.6582875,1762588790.6923854,1762588790.7235823,1762588790.7788901,1762588790.8045535,1762588790.8360374,1762588790.869444,1762588790.8992457,1762588790.9332728,1762588790.9644752,1762588790.997908,1762588791.0264597,1762588791.0593626,1762588791.0918753,1762588791.1231787,1762588791.176937,1762588791.2046125,1762588791.2373147,1762588791.2712815,1762588791.3013911,1762588791.3335898,1762588791.3637083,1762588791.3967223,1762588791.4288127,1762588791.4606278,1762588791.500139,1762588791.5237365,1762588791.572894,1762588791.6035297,1762588791.6350665,1762588791.668515,1762588791.7025764,1762588791.7322335,1762588791.7634914,1762588791.7961595,1762588791.8273344,1762588791.8594038,1762588791.8932788,1762588791.9234076,1762588791.9822133,1762588792.0161061,1762588792.039915,1762588792.0676942,1762588792.1005888,1762588792.1345417,1762588792.1659708,1762588792.1979268,1762588792.228466,1762588792.2589564,1762588792.2926443,1762588792.3228817,1762588792.3729556,1762588792.4033077,1762588792.4398856,1762588792.471571,1762588792.5055454,1762588792.5410156,1762588792.567573,1762588792.5949073,1762588792.631294,1762588792.6588905,1762588792.691221,1762588792.7268841,1762588792.7757008,1762588792.8146021,1762588792.8455596,1762588792.8691404,1762588792.9007022,1762588792.9307165,1762588792.9636314,1762588793.000361,1762588793.0279932,1762588793.0598853,1762588793.0935738,1762588793.1238697,1762588793.1763077,1762588793.2089744,1762588793.2490485,1762588793.2798777,1762588793.3099635,1762588793.3403811,1762588793.3751998,1762588793.4149003,1762588793.4523845,1762588793.4845657,1762588793.5029101,1762588793.52388,1762588793.5752583,1762588793.6078987,1762588793.641372,1762588793.6751196,1762588793.7105935,1762588793.7342916,1762588793.7655268,1762588793.7962372,1762588793.8300555,1762588793.859046,1762588793.896706,1762588793.9238057,1762588793.9767728,1762588794.007076,1762588794.046001,1762588794.069159,1762588794.099452,1762588794.1312475,1762588794.1657465,1762588794.1965153,1762588794.2275267,1762588794.26073,1762588794.298315,1762588794.3274562,1762588794.3739722,1762588794.4035702,1762588794.4349902,1762588794.46756,1762588794.4990268,1762588794.5339735,1762588794.5637474,1762588794.5949855,1762588794.6276436,1762588794.6639767,1762588794.6952827,1762588794.7251184,1762588794.7703972,1762588794.8031352,1762588794.8372312,1762588794.8680813,1762588794.906123,1762588794.9366863,1762588794.9623568,1762588794.995384,1762588795.0277057,1762588795.063302,1762588795.0913236,1762588795.1253688,1762588795.174361,1762588795.2069361,1762588795.237599,1762588795.2701817,1762588795.3065856,1762588795.3343961,1762588795.3660293,1762588795.398734,1762588795.4314115,1762588795.4625525,1762588795.4911656,1762588795.5241838,1762588795.5732353,1762588795.6052768,1762588795.635478,1762588795.6683435,1762588795.701277,1762588795.732232,1762588795.7728682,1762588795.8115432,1762588795.8321192,1762588795.8580415,1762588795.8922517,1762588795.9234934,1762588795.973202,1762588796.0070677,1762588796.0379038,1762588796.0667922,1762588796.1060464,1762588796.135318,1762588796.1672213,1762588796.194101,1762588796.230724,1762588796.2579699,1762588796.290596,1762588796.325515,1762588796.3706794,1762588796.4065692,1762588796.4360917,1762588796.4685676,1762588796.5047462,1762588796.5355551,1762588796.5659697,1762588796.6005745,1762588796.6364436,1762588796.6598814,1762588796.6962874,1762588796.7250385,1762588796.774717,1762588796.802759,1762588796.8359308,1762588796.868367,1762588796.8999794,1762588796.9312394,1762588796.9656384,1762588796.9947639]}}'"
2025-11-08T11:43:01.112446,"b'{""advanced"":{""rppg"":[-0.21824229844014462,-0.5454415449271547,-0.8082400855973589,-1.0389426601924616,-1.107516590094082,-1.0327855702274853,-0.7601450605597722,-0.3244005932778757,0.2559875923301589,0.8741305276841641,1.4448672718393971,1.7993153751731332,1.8811683134561397,1.607808287934283,1.109208617530857,0.42674878625761414,-0.17118675287467916,-0.6831718095352289,-0.9302569217565865,-1.0488386409831443,-0.9979328888693534,-0.9803081655628979,-0.9743975256005682,-1.0719323521596285,-1.1294493042883007,-1.1122512286887354,-0.8983240371060606,-0.4716752917318381,0.14648799666190668,0.8355572156119979,1.4870734415675475,1.9172554506823667,2.0659535839655727,1.9000360023011669,1.497094482011082,0.9629929883211759,0.4331308191114188,-0.04923219820779459,-0.3926044059220883,-0.655435277907525,-0.770602647243893,-0.899623447468789,-0.9305506955833639,-1.0308719090200662,-1.056313127092855,-1.1502978304069886,-1.1585215782381375,-1.2108800636819876,-1.1118243355927702,-0.9332470580902662,-0.5686670481292264,-0.08333797058615566,0.5073824102723143,1.093501175924468,1.5822310660532957,1.8797222253843897,1.8989702573511802,1.6662110770702176,1.2320139364641434,0.6985090937120286,0.18955507844145023,-0.2515569874069723,-0.5318023061103068,-0.7204815751687497,-0.7780988545900825,-0.8760925636349335,-0.9391773938595477,-1.047042402478684,-1.040618511721491,-0.9340304292913467,-0.5731125025796091,-0.060638345208438034,0.6089313100986704,1.1957466726020536,1.6327463434440603,1.721882210679395,1.522617929866599,1.0336400873347311,0.46986882178923023,-0.1045359086649063,-0.490727674783094,-0.7509927558932961,-0.8111177555520469,-0.8402785232097362,-0.8097170309400172,-0.8846945850066857,-0.9732311708920237,-1.1557147278254427,-1.2631264316084914,-1.3149927925963205,-1.1614485362076872,-0.8169053248829614,-0.23887020214143748,0.4599262136280023,1.1606588840025478,1.6936378607958433,1.9536171081995564,1.8875442176382116,1.5499533291825653,1.069511058986818,0.5998172640067628,0.22281919169219175,-0.0331627551092365,-0.24639826195552592,-0.45748787111649586,-0.7739641154132714,-1.0855188451280438,-1.3136532623871815,-1.2546293329292613,-0.8680732049912315,-0.16158591494460622,0.6614175899145927,1.3927710850946073,1.757582382277065,1.700441499859061,1.212214796624609,0.5295219136102469,-0.18036532169407746,-0.6654277422890791,-0.9105997347835858,-0.8925642013177486,-0.7781646039157291,-0.6160548851413692,-0.5570949346515036,-0.5455779114688105,-0.6494271317534375,-0.7792226880420403,-0.9489491723037322,-1.0628851278088578,-1.1143019669058063,-0.9988433396102004,-0.6783240733988731,-0.13658886308165258,0.5540234015769049,1.2447324665438384,1.7634455504634017,2.0083067205202907,1.9131084182532636,1.5877950339901725,1.1071900388626124,0.6763884170180727,0.3069434231931951,0.06584359708591844,-0.18803329970956364,-0.4548465792466411,-0.8175946261124524,-1.128720813384805,-1.3226416837075294,-1.2370051964871842,-0.8846445404089184,-0.3411446825288974,0.24504611806774163,0.6793585759654163,0.8847790703591593,0.8311782101944251,0.6334650617160832,0.3987931207705406,0.2384991184116181,0.18256537680400034,0.14465229193940993,0.11159909545850283,-0.046042768587869425,-0.24279342634357903,-0.5536900316911819,-0.828741181844214,-1.0956410687474654,-1.2366267769719415,-1.2793718583032458,-1.1701945694240745,-0.916017648176851,-0.5031593142985333,0.04074584957651276,0.6151540190345596,1.1427998328162448,1.509169234770408,1.6386219500126116,1.5412444743942313,1.2428258911879353,0.8576307716734483,0.43067403977781293,0.11108552821942148,-0.1877556319823149,-0.35811121837396853,-0.5673824807052532,-0.7546166699255022,-0.9938270962697089,-1.198286658662878,-1.3462232876023392,-1.3028650546990501,-1.007358479494792,-0.4910999462651861,0.2251892153879707,0.9374311558018344,1.5525086183624643,1.882408811762007,1.863732514486934,1.5571156895737734,1.0558072044939832,0.5236011774716275,0.03962157344065766,-0.25890851400066256,-0.5061888271315909,-0.6141403114430061,-0.7378306134339746,-0.8258553413595869,-0.9674357853312974,-1.0481970681708974,-1.107136656828615,-1.0845764741153106,-1.0149475652084599,-0.8821344399830912,-0.6704508912262183,-0.37398182401510666,0.04418383378371282,0.5003842341783165,0.981351496492145,1.3307751899054028,1.474247802491617,1.3716326600756708,1.0282648030891102,0.4994644302615685,-0.07756205016791268,-0.6109962477591652,-0.9330204655676794,-1.0787286930277502,-0.9290430352725406,-0.5955727990813524,-0.054880394567016384,0.5467439818293984,1.0984398552438903,1.4632252793272083,1.5136003852803726,1.285110720010011,0.8120210331952592,0.24097342498984584,-0.3180792013285413,-0.6361913098433801,-0.7799047748554132,-0.7527489837058379,-0.6796412788649911,-0.7159778168067011,-0.8831270620180434,-1.0950663764765207,-1.277563764947774,-1.2147431968600337,-0.907854433286582,-0.2866899172964615,0.34400968598787296,0.9449629503132517,1.1834943957757877,1.1619632648130866,0.8623921604007279,0.5687541693676108,0.33602165035992904,0.1551992396722406,0.23685402325443883,-0.6260275526545831,-0.989692196832283,-1.2386662556373043,-1.2831103924771587,-1.0147161971522578,-0.4798908789733516,0.2670109224590618,1.0093466277816194,1.6148757320256732,1.905047745353328,1.8492900019134246,1.4752461280722073,0.9315564416487635,0.3700542448430519,-0.09178591027411537,-0.39817929712201117,-0.5897035987973712,-0.7427491982636273,-0.9253725151841429,-1.148504094207362,-1.3345608570596086,-1.3635402711261697,-1.100771516741394,-0.5501644026198845,0.23954970737593775,1.03076980455083,1.622943496299646,1.8175713890874494,1.5890139854926342,1.0219655377983161,0.3500598785878439,-0.24213488104754757,-0.6099630220775795,-0.7607404131555179,-0.7550429111878753,-0.7390366608249402,-0.8078613380249011,-0.9743834319611804,-1.144164366645925,-1.189642438681798,-0.9869885387215582,-0.4961356313995155,0.233701957402167,1.0320531828451756,1.7274198801820373,2.104080421548643,2.105801682396368,1.7297647222955497,1.1228916319752296,0.4192273212673784,-0.2197462182320145,-0.6905505428239959,-0.992143231695316,-1.1461330938165448,-1.2476534485634916,-1.2986166167012514,-1.315394084278857,-1.2275077607574623,-1.014097846138252,-0.6430162407546205,-0.14095878904025239,0.39732856518108917,0.8844869586684627,1.2105302043185164,1.355662090590915,1.2766642184214705,1.0139544042704478,0.5980709993751909,0.1245090652031325,-0.3063169365729688,-0.6180106262033648,-0.712202524902752,-0.5757276230697976,-0.24998918668582837,0.10757598034097916,0.3246841657784117,0.2995573049002491,-0.006753681359132731,-0.42172676628606887,-0.7816403415920264,-0.8251686630219945,-0.5290643673269386,0.10675548356731547,0.8141186442004232,1.3836000876916175,1.56580250084426,1.3484282604190363,0.8034531295666036,0.15954696283264502,-0.3911532976015575,-0.7089474286495857,-0.7958654119994001,-0.7301019532994646,-0.6540865833468783,-0.6451778194708463,-0.7592135075735269,-0.9256486132587041,-1.0947580010651545,-1.1515758341474511,-1.0524669401342661,-0.7517118185828656,-0.2948501961962435,0.264582696901223,0.823216476794043,1.3139156179630098,1.6580250699183174,1.7930676636971175,1.7128506387120481,1.4302226333129586,1.0275482457149174,0.549863351103154,0.113871478644546,-0.27194222537271434,-0.52836965127979,-0.7235320544048064,-0.8547686919449136,-0.9993363220354076,-1.1413263191293073,-1.254685094799889,-1.283272875537393,-1.1324253749752458,-0.7742506939072704,-0.21917876263603567,0.43710026673099467,1.076246854851581,1.5135942725148503,1.6715572823942826,1.5164546737237206,1.110053362659357,0.594835224518199,0.12247607495252133,-0.19327603733628465,-0.3803723522225947,-0.4644903999811309,-0.5628850768470711,-0.7174850802485762,-0.9598997665202004,-1.2074301688067337,-1.3291128690158203,-1.234590012060564,-0.8524500339791022,-0.2794376208240596,0.3820397787052577,0.9449711198569355,1.2960776424468101,1.3791851639596422,1.2415569409140812,0.9724787833095684,0.674910122221437,0.42288734444228493,0.2145789789070693,0.041210826425268327,-0.16436294591448372,-0.4226202589923407,-0.7632914616735539,-1.1214428760220283,-1.429239208944354,-1.578101737311426,-1.4658401675464305,-1.0628726854806607,-0.38858818047263904,0.433682921896994,1.205624683022388,1.759214650947029,1.9568380918595087,1.7969174055004695,1.3325949713908796,0.7368403501409325,0.17971081360339494,-0.22356480843119259,-0.43511787202108404,-0.4651134148559537,-0.42435399393888096,-0.3682011418441549,-0.40398003017009104,-0.4783221686348926,-0.6404026042556402,-0.7663277859340611,-0.8420515544054213,-0.7378413343209499,-0.49866548609676536,-0.10009749132116899,0.30622293965079933,0.6319199080907966,0.78212699944358,0.7365032389963541,0.4789805268410151,0.21845583114451894,-0.010665799979415561,-0.07161733366925525,-0.010310418171325665,0.11563653561967589,0.17731822271023423,0.08012206277922941,-0.16373298442689083,-0.5075021541008883,-0.9214350173485452,-1.217871325066926,-1.3552990948081893,-1.2483268159428138,-0.8753816960512809,-0.2665076423610746,0.47495871539790846,1.2088087406876689,1.808394814372114,2.1430129177855304,2.1124622916363216,1.7927104074586384,1.2376784045845628,0.6079892051258792,0.03245733099875636,-0.388297240203712,-0.7120374744072587,-0.9371251296766453,-1.1294072095653775,-1.3418320718666181,-1.4920291465087252,-1.493366076187713,-1.2977276717559345,-0.895310176815409,-0.27321042619362507,0.4073142582260529,1.0071327681114635,1.4087984673884788,1.5081789508009538,1.3423210948983069,0.9481821468210054,0.49536079652704235,0.04588559554637566,-0.2255683955943454,-0.436236363367372,-0.550603139163331,-0.7359344273050347,-1.004897067237665,-1.3399203033250018,-1.6070239286374834,-1.6297103045381136,-1.3144392999023888,-0.5967501744598108,0.3084513820398425,1.1905289264568948,1.7701741721854383,1.985704833172843,1.7909347761442556,1.3424599716852783,0.8804659268038914,0.4815120179653584,0.2573979975479038,0.045012124622126705,-0.17595578627025965,-0.486525290351935,-0.7493135552105799,-0.8772543438049616,-0.7789491292000507,-0.43475743042303655,-0.007095943945064854,-0.1590994008192548,-0.4909159773871016,-0.718099129501591,-0.892741239917381,-0.9493863186021205,-0.9858589579261472,-0.9679774499685934,-0.9297759568243442,-0.7614611929865233,-0.4458877989848424,0.09164052600457386,0.7157389034471234,1.3751290108950216,1.8242233130885852,2.0537073195723288,1.9120410502269634,1.5682257997624935,1.020024701894954,0.5105360520867498,0.014403546776057763,-0.3122177943247015,-0.5978690169840559,-0.7577408704957307,-0.925012247908038,-0.9942529887944965,-1.0846434283099886,-1.1038466993554257,-1.1721190261826677,-1.1853716960419654,-1.218955381001705,-1.1311073790402575,-0.9422856535269512,-0.5230523013436101,0.04565213054686527,0.7505156931727828,1.376701507980908,1.8426307087977805,1.9763163723362756,1.7876973149957862,1.3146177620864439,0.7389710917882506,0.17401442784552798,-0.1838848493731226,-0.37466421835018965,-0.3382617244650071,-0.3098332620420016,-0.27286079386383477,-0.44690495303469624,-0.6488635203310695,-0.9169069473809405,-0.9520445266098013,-0.7760459097241094,-0.24248567364053666,0.39133190904030823,1.0502586055278498,1.3673483947900942,1.3785667303413103,0.9360950887869735,0.37372188623887975,-0.2862305474550639,-0.6967579620117339,-0.9480967321527665,-0.9526768907496169,-0.9403521033633258,-0.9020618461115592,-0.9679122092730658,-0.9980110081916943,-0.9791613799217368,-0.7340779783503145,-0.36288582010666315,0.186448610703753,0.7017318480282533,1.1790325164730435,1.4498404555204853,1.5853174492390105,1.5094588657392338,1.3253316912243271,1.0252023280220617,0.7022157569073737,0.3317988348150477,0.02882431344003548,-0.27301084778860746,-0.49544258283607956,-0.7469623676669984,-0.9517801492672286,-1.1857360199792755,-1.3007299023493912,-1.311782438583587,-1.061345768755222,-0.6239891660394916,0.00578598615193611,0.6026118604159488,1.0972942837521626,1.288092306455068,1.245820556042819,0.9598394365410172,0.6336049070200587,0.2866558982881882,0.06556698664415621,-0.1341165807499362,-0.23397637006006133,-0.40148284782008986,-0.5181223215485734,-0.7122416218265644,-0.8309909391115283,-0.9754275159632959,-1.0172079262297282,-1.0438555606075584,-0.9186605310532093,-0.6747753934227411,-0.2152155637904628,0.3792040448543903,1.0809277762252079,1.6694064376106932,2.054839873965241,2.039833356154164,1.7051285612537594,1.0639514049858039,0.41345420651915155,-0.19724973922058797,-0.5487037015023223,-0.743687435637949,-0.783966675838164,-0.8793718585988004,-1.0025470409565018,-1.2469970879685364,-1.3925216037617851,-1.4124194316112944,-1.1031489876379466,-0.540678305076609,0.245371376785526,0.9963618107282873,1.5997040924123136,1.8527145948580517,1.760715074574928,1.3635896674881693,0.8252950611359757,0.272882161211946,-0.14710976297872438,-0.4429135468677398,-0.6105374669233241,-0.7336446369427659,-0.8710253230175854,-1.0619625058407942,-1.2255565190306617,-1.3507163155279456,-1.2629968490943062,-0.9905408580932353,-0.4512584821645882,0.1807445604100085,0.8844039892589566,1.418500568148519,1.737255382899733,1.7481432715162468,1.5014051516426437,1.0445584116341575,0.5567854860072466,0.0822813305694272,-0.21818943649965897,-0.4377011937244384,-0.46926635334826183,-0.5470982905923096,-0.5782398592304961,-0.7759575965814662,-0.961668155067882,-1.1929034066103483,-1.2073701141452573,-0.9888122421542099,-0.461277944151814,0.2569751397632573,1.0261642580898587,1.5985990189875012,1.8200049907976255,1.6386334061079582,1.1589417095509538,0.4914355761904623,-0.09333297575158264,-0.558784806168092,-0.8076293017297881,-0.9668073539545768,-1.0346262854951365,-1.1546327451765974,-1.1957778777767047,-1.1600870056488448,-0.8949783088485368,-0.42768346686067643,0.23905212790172764,0.9034995903559255,1.439073738975021,1.6979104987274487,1.648460579624019,1.3238615094638664,0.8417468686649006,0.35275950443375587,-0.013929049086364005,-0.2994875208507224,-0.41926908714382866,-0.5309984154170422,-0.6433131366428158,-0.8765134771519095,-1.0570594731824214,-1.3172689746843538,-1.3172014174281028,-1.1592738597575978,-0.6829469594755785,-0.03986635826796653,0.6769952093703394,1.2779706149574594,1.625465667349338,1.6629741029887952,1.4075463317398413,0.9866740562242842,0.5255907621997894,0.1147911580868493,-0.0936651189413127,-0.25482785208542325,-0.31743206897156767,-0.4795698681519407,-0.7099046918358632,-1.04573483781643,-1.3350546533969703,-1.4896109258499377,-1.4265629441464525,-0.94280018444878,-0.2882197087774459,0.5437538880508569,1.243968153264627,1.7031749744058935,1.7753419242352912,1.5458914879865417,1.1198836590466792,0.627526503671029,0.24550281393625736,-0.10278902938455943,-0.33901662306014,-0.7106952675756047,-1.025228215762189,-1.3676994163746408,-1.5172403045230387,-1.3666094920601457,-0.9234939493612813,-0.25755632583291577,0.44545129805303924,0.9932178083342538,1.2834823619128926,1.2485119353892276,1.0724235440941903,0.7257511504560484,0.41601840522726374,0.063002600680052,-0.21313303731084746,-0.508152057145127,-0.5927224780164757,-0.5799875941739627,-0.4550852912284685,-0.10626162429149362],""rppg_timestamps"":[1762588770.90264,1762588770.9315987,1762588770.963116,1762588770.997998,1762588771.0282404,1762588771.0622869,1762588771.0913496,1762588771.1246576,1762588771.1566064,1762588771.187347,1762588771.2377095,1762588771.2691453,1762588771.3039868,1762588771.3338187,1762588771.3644168,1762588771.398269,1762588771.434249,1762588771.46449,1762588771.4914079,1762588771.5264297,1762588771.5644572,1762588771.5931036,1762588771.6399117,1762588771.670175,1762588771.7005732,1762588771.7346685,1762588771.767356,1762588771.8016338,1762588771.8263927,1762588771.8634486,1762588771.9021142,1762588771.9351108,1762588771.9572713,1762588771.9912329,1762588772.038424,1762588772.0739338,1762588772.1013205,1762588772.135404,1762588772.1640413,1762588772.1958058,1762588772.2310636,1762588772.261044,1762588772.2938673,1762588772.3240743,1762588772.3571663,1762588772.3873756,1762588772.4366584,1762588772.4730704,1762588772.50175,1762588772.532186,1762588772.5644963,1762588772.5957813,1762588772.6270878,1762588772.6602213,1762588772.692633,1762588772.7226045,1762588772.7564783,1762588772.7899165,1762588772.8403976,1762588772.8707495,1762588772.9044654,1762588772.9414706,1762588772.9777327,1762588773.0117092,1762588773.0467682,1762588773.0666077,1762588773.0921314,1762588773.1233194,1762588773.1593983,1762588773.1889217,1762588773.241533,1762588773.280087,1762588773.3010025,1762588773.338281,1762588773.3641682,1762588773.3965814,1762588773.4275753,1762588773.4619715,1762588773.4943135,1762588773.5238419,1762588773.5591292,1762588773.5905817,1762588773.6439276,1762588773.681734,1762588773.7199006,1762588773.7536397,1762588773.7854288,1762588773.8178852,1762588773.8511856,1762588773.8756974,1762588773.8981292,1762588773.9266908,1762588773.9606516,1762588773.9916425,1762588774.0385907,1762588774.067277,1762588774.1019647,1762588774.1312675,1762588774.1648953,1762588774.1970346,1762588774.2293985,1762588774.2606277,1762588774.2964444,1762588774.3234835,1762588774.359171,1762588774.3903813,1762588774.440824,1762588774.4765606,1762588774.5089245,1762588774.5360856,1762588774.5651476,1762588774.5954168,1762588774.6270504,1762588774.6605332,1762588774.6910753,1762588774.7280447,1762588774.755516,1762588774.7878363,1762588774.8389711,1762588774.8743105,1762588774.9027543,1762588774.9373672,1762588774.9735742,1762588775.0063887,1762588775.0283396,1762588775.0593345,1762588775.0946355,1762588775.1241255,1762588775.1546466,1762588775.2040334,1762588775.237148,1762588775.2701917,1762588775.3039641,1762588775.3383536,1762588775.3666534,1762588775.397786,1762588775.426307,1762588775.4593556,1762588775.4910958,1762588775.5232482,1762588775.555714,1762588775.6081016,1762588775.646821,1762588775.6747112,1762588775.7035043,1762588775.7346509,1762588775.7671533,1762588775.7982373,1762588775.8287451,1762588775.8662882,1762588775.893601,1762588775.9248064,1762588775.955623,1762588776.0060813,1762588776.0381105,1762588776.069422,1762588776.099564,1762588776.131056,1762588776.1650934,1762588776.1998212,1762588776.2306032,1762588776.2587214,1762588776.2932448,1762588776.323672,1762588776.3544636,1762588776.4040687,1762588776.4356644,1762588776.467811,1762588776.4991415,1762588776.5316153,1762588776.5638947,1762588776.5972397,1762588776.6286392,1762588776.658576,1762588776.6918688,1762588776.7235773,1762588776.7552078,1762588776.8075202,1762588776.8348913,1762588776.868654,1762588776.9010687,1762588776.9320915,1762588776.9666665,1762588776.9971497,1762588777.0264604,1762588777.0584521,1762588777.090952,1762588777.123014,1762588777.1563914,1762588777.2036989,1762588777.238615,1762588777.2726533,1762588777.3030064,1762588777.3321693,1762588777.3641944,1762588777.4026933,1762588777.439965,1762588777.4620883,1762588777.4901075,1762588777.52392,1762588777.5546262,1762588777.6058953,1762588777.6365504,1762588777.6675503,1762588777.6999803,1762588777.732653,1762588777.7664192,1762588777.7946475,1762588777.8297954,1762588777.8623827,1762588777.8960805,1762588777.9347196,1762588777.9573894,1762588778.0028913,1762588778.0351198,1762588778.0690205,1762588778.1002035,1762588778.1338124,1762588778.1697178,1762588778.2065783,1762588778.2305465,1762588778.264576,1762588778.2994618,1762588778.327303,1762588778.358088,1762588778.4022307,1762588778.4365423,1762588778.467484,1762588778.5000823,1762588778.5318263,1762588778.5647578,1762588778.5982203,1762588778.626619,1762588778.6622772,1762588778.6965923,1762588778.7232206,1762588778.7569804,1762588778.8082726,1762588778.8356683,1762588778.8693395,1762588778.8986702,1762588778.9316146,1762588778.962926,1762588778.9996333,1762588779.0279727,1762588779.0593858,1762588779.09098,1762588779.1228023,1762588779.1574678,1762588779.2050931,1762588779.23649,1762588779.2686536,1762588779.3003576,1762588779.3338938,1762588779.365226,1762588779.3972006,1762588779.701189,1762588779.7338014,1762588779.7677965,1762588779.7987885,1762588779.8310146,1762588779.858763,1762588779.8917823,1762588779.9243808,1762588779.9560757,1762588780.003707,1762588780.0377672,1762588780.066727,1762588780.1002345,1762588780.13009,1762588780.1626487,1762588780.1952455,1762588780.2326312,1762588780.2588022,1762588780.29408,1762588780.3246162,1762588780.3558004,1762588780.4032404,1762588780.4360106,1762588780.4699614,1762588780.4999645,1762588780.5310638,1762588780.563256,1762588780.5948248,1762588780.6330936,1762588780.6641958,1762588780.6953278,1762588780.7232351,1762588780.7610245,1762588780.8084567,1762588780.8370063,1762588780.8668747,1762588780.9024527,1762588780.9329479,1762588780.9630647,1762588781.000675,1762588781.026905,1762588781.0600033,1762588781.0941815,1762588781.1264286,1762588781.1556683,1762588781.206885,1762588781.2379825,1762588781.27068,1762588781.3009665,1762588781.332831,1762588781.366787,1762588781.4001255,1762588781.4268725,1762588781.4597876,1762588781.4986713,1762588781.5307257,1762588781.5554767,1762588781.6092186,1762588781.6418164,1762588781.669266,1762588781.7023084,1762588781.7341228,1762588781.764901,1762588781.8008885,1762588781.829413,1762588781.8589568,1762588781.892601,1762588781.923213,1762588781.9578905,1762588782.0081465,1762588782.0388775,1762588782.0669358,1762588782.1013365,1762588782.132,1762588782.1650136,1762588782.1950307,1762588782.226056,1762588782.2596712,1762588782.2902212,1762588782.3232343,1762588782.356831,1762588782.4037645,1762588782.4349024,1762588782.4697156,1762588782.4994774,1762588782.5309975,1762588782.564043,1762588782.5956707,1762588782.63016,1762588782.6632218,1762588782.6906738,1762588782.7233937,1762588782.758044,1762588782.804489,1762588782.8357844,1762588782.868566,1762588782.8987405,1762588782.9332824,1762588782.9632256,1762588782.9975052,1762588783.030565,1762588783.0593965,1762588783.094099,1762588783.1262178,1762588783.1555526,1762588783.2099473,1762588783.2367465,1762588783.268446,1762588783.3016398,1762588783.3348386,1762588783.366278,1762588783.394526,1762588783.4273124,1762588783.4604053,1762588783.4915776,1762588783.52523,1762588783.5591688,1762588783.6081407,1762588783.640403,1762588783.6677303,1762588783.7005532,1762588783.736209,1762588783.765224,1762588783.7945032,1762588783.8267658,1762588783.8609185,1762588783.8960059,1762588783.9254897,1762588783.9588547,1762588784.0088806,1762588784.0472584,1762588784.0852225,1762588784.1043513,1762588784.1318884,1762588784.1637433,1762588784.1953478,1762588784.2283587,1762588784.26154,1762588784.2923217,1762588784.324149,1762588784.3543127,1762588784.4075963,1762588784.4413676,1762588784.4749825,1762588784.4986727,1762588784.5326333,1762588784.5657008,1762588784.6055245,1762588784.630558,1762588784.6614442,1762588784.6922565,1762588784.722433,1762588784.7550702,1762588784.8048124,1762588784.836153,1762588784.8689744,1762588784.8992546,1762588784.9313192,1762588784.9644551,1762588784.9949377,1762588785.0267394,1762588785.0609083,1762588785.0927804,1762588785.1227071,1762588785.1556315,1762588785.2039602,1762588785.2388027,1762588785.269639,1762588785.3004978,1762588785.33365,1762588785.3651042,1762588785.3953192,1762588785.4286747,1762588785.4587755,1762588785.4945636,1762588785.5287628,1762588785.5557404,1762588785.6036532,1762588785.63544,1762588785.667608,1762588785.702433,1762588785.733594,1762588785.765883,1762588785.7967217,1762588785.8273768,1762588785.8588731,1762588785.8906655,1762588785.9242246,1762588785.9556928,1762588786.0036266,1762588786.036759,1762588786.069037,1762588786.1071467,1762588786.137745,1762588786.1660528,1762588786.1972158,1762588786.2272787,1762588786.2617295,1762588786.2930064,1762588786.3242774,1762588786.3730583,1762588786.4040463,1762588786.434779,1762588786.4681804,1762588786.4984472,1762588786.532369,1762588786.5669866,1762588786.5961456,1762588786.6351197,1762588786.6585214,1762588786.6901572,1762588786.7252283,1762588786.772168,1762588786.8034341,1762588786.8364155,1762588786.8675747,1762588786.8989046,1762588786.9307816,1762588786.9649217,1762588786.9983683,1762588787.0282786,1762588787.064213,1762588787.0908692,1762588787.124233,1762588787.1721923,1762588787.2038527,1762588787.236962,1762588787.2674701,1762588787.3002052,1762588787.3336403,1762588787.364501,1762588787.4024935,1762588787.4414935,1762588787.478272,1762588787.5077732,1762588787.5394008,1762588787.5757997,1762588787.6132157,1762588787.6466103,1762588787.668391,1762588787.702227,1762588787.7347343,1762588787.7652307,1762588787.800661,1762588787.8305094,1762588787.8593056,1762588787.8969767,1762588787.9240725,1762588787.9765458,1762588788.0040247,1762588788.0348506,1762588788.0669916,1762588788.099251,1762588788.1374235,1762588788.164382,1762588788.1996298,1762588788.501056,1762588788.531337,1762588788.5629272,1762588788.594908,1762588788.6271162,1762588788.658672,1762588788.6917431,1762588788.7271132,1762588788.7749424,1762588788.802631,1762588788.8355424,1762588788.8680093,1762588788.8996334,1762588788.934893,1762588788.9634662,1762588788.9995441,1762588789.0289931,1762588789.0606017,1762588789.095827,1762588789.1255693,1762588789.172817,1762588789.2032006,1762588789.2382581,1762588789.2726557,1762588789.3023593,1762588789.3335197,1762588789.3662171,1762588789.395831,1762588789.426613,1762588789.4601672,1762588789.4911208,1762588789.5226588,1762588789.570169,1762588789.6095178,1762588789.6412427,1762588789.6713495,1762588789.7008438,1762588789.7335258,1762588789.7650762,1762588789.7951763,1762588789.829941,1762588789.8617995,1762588789.8981833,1762588789.9386241,1762588789.973266,1762588790.004576,1762588790.0363395,1762588790.0718143,1762588790.1013505,1762588790.1319818,1762588790.1662447,1762588790.1967132,1762588790.2265682,1762588790.260213,1762588790.2938902,1762588790.325122,1762588790.3747308,1762588790.4056818,1762588790.4408188,1762588790.4724886,1762588790.499145,1762588790.5309632,1762588790.5666156,1762588790.594508,1762588790.628391,1762588790.6582875,1762588790.6923854,1762588790.7235823,1762588790.7788901,1762588790.8045535,1762588790.8360374,1762588790.869444,1762588790.8992457,1762588790.9332728,1762588790.9644752,1762588790.997908,1762588791.0264597,1762588791.0593626,1762588791.0918753,1762588791.1231787,1762588791.176937,1762588791.2046125,1762588791.2373147,1762588791.2712815,1762588791.3013911,1762588791.3335898,1762588791.3637083,1762588791.3967223,1762588791.4288127,1762588791.4606278,1762588791.500139,1762588791.5237365,1762588791.572894,1762588791.6035297,1762588791.6350665,1762588791.668515,1762588791.7025764,1762588791.7322335,1762588791.7634914,1762588791.7961595,1762588791.8273344,1762588791.8594038,1762588791.8932788,1762588791.9234076,1762588791.9822133,1762588792.0161061,1762588792.039915,1762588792.0676942,1762588792.1005888,1762588792.1345417,1762588792.1659708,1762588792.1979268,1762588792.228466,1762588792.2589564,1762588792.2926443,1762588792.3228817,1762588792.3729556,1762588792.4033077,1762588792.4398856,1762588792.471571,1762588792.5055454,1762588792.5410156,1762588792.567573,1762588792.5949073,1762588792.631294,1762588792.6588905,1762588792.691221,1762588792.7268841,1762588792.7757008,1762588792.8146021,1762588792.8455596,1762588792.8691404,1762588792.9007022,1762588792.9307165,1762588792.9636314,1762588793.000361,1762588793.0279932,1762588793.0598853,1762588793.0935738,1762588793.1238697,1762588793.1763077,1762588793.2089744,1762588793.2490485,1762588793.2798777,1762588793.3099635,1762588793.3403811,1762588793.3751998,1762588793.4149003,1762588793.4523845,1762588793.4845657,1762588793.5029101,1762588793.52388,1762588793.5752583,1762588793.6078987,1762588793.641372,1762588793.6751196,1762588793.7105935,1762588793.7342916,1762588793.7655268,1762588793.7962372,1762588793.8300555,1762588793.859046,1762588793.896706,1762588793.9238057,1762588793.9767728,1762588794.007076,1762588794.046001,1762588794.069159,1762588794.099452,1762588794.1312475,1762588794.1657465,1762588794.1965153,1762588794.2275267,1762588794.26073,1762588794.298315,1762588794.3274562,1762588794.3739722,1762588794.4035702,1762588794.4349902,1762588794.46756,1762588794.4990268,1762588794.5339735,1762588794.5637474,1762588794.5949855,1762588794.6276436,1762588794.6639767,1762588794.6952827,1762588794.7251184,1762588794.7703972,1762588794.8031352,1762588794.8372312,1762588794.8680813,1762588794.906123,1762588794.9366863,1762588794.9623568,1762588794.995384,1762588795.0277057,1762588795.063302,1762588795.0913236,1762588795.1253688,1762588795.174361,1762588795.2069361,1762588795.237599,1762588795.2701817,1762588795.3065856,1762588795.3343961,1762588795.3660293,1762588795.398734,1762588795.4314115,1762588795.4625525,1762588795.4911656,1762588795.5241838,1762588795.5732353,1762588795.6052768,1762588795.635478,1762588795.6683435,1762588795.701277,1762588795.732232,1762588795.7728682,1762588795.8115432,1762588795.8321192,1762588795.8580415,1762588795.8922517,1762588795.9234934,1762588795.973202,1762588796.0070677,1762588796.0379038,1762588796.0667922,1762588796.1060464,1762588796.135318,1762588796.1672213,1762588796.194101,1762588796.230724,1762588796.2579699,1762588796.290596,1762588796.325515,1762588796.3706794,1762588796.4065692,1762588796.4360917,1762588796.4685676,1762588796.5047462,1762588796.5355551,1762588796.5659697,1762588796.6005745,1762588796.6364436,1762588796.6598814,1762588796.6962874,1762588796.7250385,1762588796.774717,1762588796.802759,1762588796.8359308,1762588796.868367,1762588796.8999794,1762588796.9312394,1762588796.9656384,1762588796.9947639]}}'"
2025-11-08T11:43:01.766068,"b'{""advanced"":{""rppg"":[-0.21824229844014462,-0.5454415449271547,-0.8082400855973589,-1.0389426601924616,-1.107516590094082,-1.0327855702274853,-0.7601450605597722,-0.3244005932778757,0.2559875923301589,0.8741305276841641,1.4448672718393971,1.7993153751731332,1.8811683134561397,1.607808287934283,1.109208617530857,0.42674878625761414,-0.17118675287467916,-0.6831718095352289,-0.9302569217565865,-1.0488386409831443,-0.9979328888693534,-0.9803081655628979,-0.9743975256005682,-1.0719323521596285,-1.1294493042883007,-1.1122512286887354,-0.8983240371060606,-0.4716752917318381,0.14648799666190668,0.8355572156119979,1.4870734415675475,1.9172554506823667,2.0659535839655727,1.9000360023011669,1.497094482011082,0.9629929883211759,0.4331308191114188,-0.04923219820779459,-0.3926044059220883,-0.655435277907525,-0.770602647243893,-0.899623447468789,-0.9305506955833639,-1.0308719090200662,-1.056313127092855,-1.1502978304069886,-1.1585215782381375,-1.2108800636819876,-1.1118243355927702,-0.9332470580902662,-0.5686670481292264,-0.08333797058615566,0.5073824102723143,1.093501175924468,1.5822310660532957,1.8797222253843897,1.8989702573511802,1.6662110770702176,1.2320139364641434,0.6985090937120286,0.18955507844145023,-0.2515569874069723,-0.5318023061103068,-0.7204815751687497,-0.7780988545900825,-0.8760925636349335,-0.9391773938595477,-1.047042402478684,-1.040618511721491,-0.9340304292913467,-0.5731125025796091,-0.060638345208438034,0.6089313100986704,1.1957466726020536,1.6327463434440603,1.721882210679395,1.522617929866599,1.0336400873347311,0.46986882178923023,-0.1045359086649063,-0.490727674783094,-0.7509927558932961,-0.8111177555520469,-0.8402785232097362,-0.8097170309400172,-0.8846945850066857,-0.9732311708920237,-1.1557147278254427,-1.2631264316084914,-1.3149927925963205,-1.1614485362076872,-0.8169053248829614,-0.23887020214143748,0.4599262136280023,1.1606588840025478,1.6936378607958433,1.9536171081995564,1.8875442176382116,1.5499533291825653,1.069511058986818,0.5998172640067628,0.22281919169219175,-0.0331627551092365,-0.24639826195552592,-0.45748787111649586,-0.7739641154132714,-1.0855188451280438,-1.3136532623871815,-1.2546293329292613,-0.8680732049912315,-0.16158591494460622,0.6614175899145927,1.3927710850946073,1.757582382277065,1.700441499859061,1.212214796624609,0.5295219136102469,-0.18036532169407746,-0.6654277422890791,-0.9105997347835858,-0.8925642013177486,-0.7781646039157291,-0.6160548851413692,-0.5570949346515036,-0.5455779114688105,-0.6494271317534375,-0.7792226880420403,-0.9489491723037322,-1.0628851278088578,-1.1143019669058063,-0.9988433396102004,-0.6783240733988731,-0.13658886308165258,0.5540234015769049,1.2447324665438384,1.7634455504634017,2.0083067205202907,1.9131084182532636,1.5877950339901725,1.1071900388626124,0.6763884170180727,0.3069434231931951,0.06584359708591844,-0.18803329970956364,-0.4548465792466411,-0.8175946261124524,-1.128720813384805,-1.3226416837075294,-1.2370051964871842,-0.8846445404089184,-0.3411446825288974,0.24504611806774163,0.6793585759654163,0.8847790703591593,0.8311782101944251,0.6334650617160832,0.3987931207705406,0.2384991184116181,0.18256537680400034,0.14465229193940993,0.11159909545850283,-0.046042768587869425,-0.24279342634357903,-0.5536900316911819,-0.828741181844214,-1.0956410687474654,-1.2366267769719415,-1.2793718583032458,-1.1701945694240745,-0.916017648176851,-0.5031593142985333,0.04074584957651276,0.6151540190345596,1.1427998328162448,1.509169234770408,1.6386219500126116,1.5412444743942313,1.2428258911879353,0.8576307716734483,0.43067403977781293,0.11108552821942148,-0.1877556319823149,-0.35811121837396853,-0.5673824807052532,-0.7546166699255022,-0.9938270962697089,-1.198286658662878,-1.3462232876023392,-1.3028650546990501,-1.007358479494792,-0.4910999462651861,0.2251892153879707,0.9374311558018344,1.5525086183624643,1.882408811762007,1.863732514486934,1.5571156895737734,1.0558072044939832,0.5236011774716275,0.03962157344065766,-0.25890851400066256,-0.5061888271315909,-0.6141403114430061,-0.7378306134339746,-0.8258553413595869,-0.9674357853312974,-1.0481970681708974,-1.107136656828615,-1.0845764741153106,-1.0149475652084599,-0.8821344399830912,-0.6704508912262183,-0.37398182401510666,0.04418383378371282,0.5003842341783165,0.981351496492145,1.3307751899054028,1.474247802491617,1.3716326600756708,1.0282648030891102,0.4994644302615685,-0.07756205016791268,-0.6109962477591652,-0.9330204655676794,-1.0787286930277502,-0.9290430352725406,-0.5955727990813524,-0.054880394567016384,0.5467439818293984,1.0984398552438903,1.4632252793272083,1.5136003852803726,1.285110720010011,0.8120210331952592,0.24097342498984584,-0.3180792013285413,-0.6361913098433801,-0.7799047748554132,-0.7527489837058379,-0.6796412788649911,-0.7159778168067011,-0.8831270620180434,-1.0950663764765207,-1.277563764947774,-1.2147431968600337,-0.907854433286582,-0.2866899172964615,0.34400968598787296,0.9449629503132517,1.1834943957757877,1.1619632648130866,0.8623921604007279,0.5687541693676108,0.33602165035992904,0.1551992396722406,0.23685402325443883,-0.6260275526545831,-0.989692196832283,-1.2386662556373043,-1.2831103924771587,-1.0147161971522578,-0.4798908789733516,0.2670109224590618,1.0093466277816194,1.6148757320256732,1.905047745353328,1.8492900019134246,1.4752461280722073,0.9315564416487635,0.3700542448430519,-0.09178591027411537,-0.39817929712201117,-0.5897035987973712,-0.7427491982636273,-0.9253725151841429,-1.148504094207362,-1.3345608570596086,-1.3635402711261697,-1.100771516741394,-0.5501644026198845,0.23954970737593775,1.03076980455083,1.622943496299646,1.8175713890874494,1.5890139854926342,1.0219655377983161,0.3500598785878439,-0.24213488104754757,-0.6099630220775795,-0.7607404131555179,-0.7550429111878753,-0.7390366608249402,-0.8078613380249011,-0.9743834319611804,-1.144164366645925,-1.189642438681798,-0.9869885387215582,-0.4961356313995155,0.233701957402167,1.0320531828451756,1.7274198801820373,2.104080421548643,2.105801682396368,1.7297647222955497,1.1228916319752296,0.4192273212673784,-0.2197462182320145,-0.6905505428239959,-0.992143231695316,-1.1461330938165448,-1.2476534485634916,-1.2986166167012514,-1.315394084278857,-1.2275077607574623,-1.014097846138252,-0.6430162407546205,-0.14095878904025239,0.39732856518108917,0.8844869586684627,1.2105302043185164,1.355662090590915,1.2766642184214705,1.0139544042704478,0.5980709993751909,0.1245090652031325,-0.3063169365729688,-0.6180106262033648,-0.712202524902752,-0.5757276230697976,-0.24998918668582837,0.10757598034097916,0.3246841657784117,0.2995573049002491,-0.006753681359132731,-0.42172676628606887,-0.7816403415920264,-0.8251686630219945,-0.5290643673269386,0.10675548356731547,0.8141186442004232,1.3836000876916175,1.56580250084426,1.3484282604190363,0.8034531295666036,0.15954696283264502,-0.3911532976015575,-0.7089474286495857,-0.7958654119994001,-0.7301019532994646,-0.6540865833468783,-0.6451778194708463,-0.7592135075735269,-0.9256486132587041,-1.0947580010651545,-1.1515758341474511,-1.0524669401342661,-0.7517118185828656,-0.2948501961962435,0.264582696901223,0.823216476794043,1.3139156179630098,1.6580250699183174,1.7930676636971175,1.7128506387120481,1.4302226333129586,1.0275482457149174,0.549863351103154,0.113871478644546,-0.27194222537271434,-0.52836965127979,-0.7235320544048064,-0.8547686919449136,-0.9993363220354076,-1.1413263191293073,-1.254685094799889,-1.283272875537393,-1.1324253749752458,-0.7742506939072704,-0.21917876263603567,0.43710026673099467,1.076246854851581,1.5135942725148503,1.6715572823942826,1.5164546737237206,1.110053362659357,0.594835224518199,0.12247607495252133,-0.19327603733628465,-0.3803723522225947,-0.4644903999811309,-0.5628850768470711,-0.7174850802485762,-0.9598997665202004,-1.2074301688067337,-1.3291128690158203,-1.234590012060564,-0.8524500339791022,-0.2794376208240596,0.3820397787052577,0.9449711198569355,1.2960776424468101,1.3791851639596422,1.2415569409140812,0.9724787833095684,0.674910122221437,0.42288734444228493,0.2145789789070693,0.041210826425268327,-0.16436294591448372,-0.4226202589923407,-0.7632914616735539,-1.1214428760220283,-1.429239208944354,-1.578101737311426,-1.4658401675464305,-1.0628726854806607,-0.38858818047263904,0.433682921896994,1.205624683022388,1.759214650947029,1.9568380918595087,1.7969174055004695,1.3325949713908796,0.7368403501409325,0.17971081360339494,-0.22356480843119259,-0.43511787202108404,-0.4651134148559537,-0.42435399393888096,-0.3682011418441549,-0.40398003017009104,-0.4783221686348926,-0.6404026042556402,-0.7663277859340611,-0.8420515544054213,-0.7378413343209499,-0.49866548609676536,-0.10009749132116899,0.30622293965079933,0.6319199080907966,0.78212699944358,0.7365032389963541,0.4789805268410151,0.21845583114451894,-0.010665799979415561,-0.07161733366925525,-0.010310418171325665,0.11563653561967589,0.17731822271023423,0.08012206277922941,-0.16373298442689083,-0.5075021541008883,-0.9214350173485452,-1.217871325066926,-1.3552990948081893,-1.2483268159428138,-0.8753816960512809,-0.2665076423610746,0.47495871539790846,1.2088087406876689,1.808394814372114,2.1430129177855304,2.1124622916363216,1.7927104074586384,1.2376784045845628,0.6079892051258792,0.03245733099875636,-0.388297240203712,-0.7120374744072587,-0.9371251296766453,-1.1294072095653775,-1.3418320718666181,-1.4920291465087252,-1.493366076187713,-1.2977276717559345,-0.895310176815409,-0.27321042619362507,0.4073142582260529,1.0071327681114635,1.4087984673884788,1.5081789508009538,1.3423210948983069,0.9481821468210054,0.49536079652704235,0.04588559554637566,-0.2255683955943454,-0.436236363367372,-0.550603139163331,-0.7359344273050347,-1.004897067237665,-1.3399203033250018,-1.6070239286374834,-1.6297103045381136,-1.3144392999023888,-0.5967501744598108,0.3084513820398425,1.1905289264568948,1.7701741721854383,1.985704833172843,1.7909347761442556,1.3424599716852783,0.8804659268038914,0.4815120179653584,0.2573979975479038,0.045012124622126705,-0.17595578627025965,-0.486525290351935,-0.7493135552105799,-0.8772543438049616,-0.7789491292000507,-0.43475743042303655,-0.007095943945064854,-0.1590994008192548,-0.4909159773871016,-0.718099129501591,-0.892741239917381,-0.9493863186021205,-0.9858589579261472,-0.9679774499685934,-0.9297759568243442,-0.7614611929865233,-0.4458877989848424,0.09164052600457386,0.7157389034471234,1.3751290108950216,1.8242233130885852,2.0537073195723288,1.9120410502269634,1.5682257997624935,1.020024701894954,0.5105360520867498,0.014403546776057763,-0.3122177943247015,-0.5978690169840559,-0.7577408704957307,-0.925012247908038,-0.9942529887944965,-1.0846434283099886,-1.1038466993554257,-1.1721190261826677,-1.1853716960419654,-1.218955381001705,-1.1311073790402575,-0.9422856535269512,-0.5230523013436101,0.04565213054686527,0.7505156931727828,1.376701507980908,1.8426307087977805,1.9763163723362756,1.7876973149957862,1.3146177620864439,0.7389710917882506,0.17401442784552798,-0.1838848493731226,-0.37466421835018965,-0.3382617244650071,-0.3098332620420016,-0.27286079386383477,-0.44690495303469624,-0.6488635203310695,-0.9169069473809405,-0.9520445266098013,-0.7760459097241094,-0.24248567364053666,0.39133190904030823,1.0502586055278498,1.3673483947900942,1.3785667303413103,0.9360950887869735,0.37372188623887975,-0.2862305474550639,-0.6967579620117339,-0.9480967321527665,-0.9526768907496169,-0.9403521033633258,-0.9020618461115592,-0.9679122092730658,-0.9980110081916943,-0.9791613799217368,-0.7340779783503145,-0.36288582010666315,0.186448610703753,0.7017318480282533,1.1790325164730435,1.4498404555204853,1.5853174492390105,1.5094588657392338,1.3253316912243271,1.0252023280220617,0.7022157569073737,0.3317988348150477,0.02882431344003548,-0.27301084778860746,-0.49544258283607956,-0.7469623676669984,-0.9517801492672286,-1.1857360199792755,-1.3007299023493912,-1.311782438583587,-1.061345768755222,-0.6239891660394916,0.00578598615193611,0.6026118604159488,1.0972942837521626,1.288092306455068,1.245820556042819,0.9598394365410172,0.6336049070200587,0.2866558982881882,0.06556698664415621,-0.1341165807499362,-0.23397637006006133,-0.40148284782008986,-0.5181223215485734,-0.7122416218265644,-0.8309909391115283,-0.9754275159632959,-1.0172079262297282,-1.0438555606075584,-0.9186605310532093,-0.6747753934227411,-0.2152155637904628,0.3792040448543903,1.0809277762252079,1.6694064376106932,2.054839873965241,2.039833356154164,1.7051285612537594,1.0639514049858039,0.41345420651915155,-0.19724973922058797,-0.5487037015023223,-0.743687435637949,-0.783966675838164,-0.8793718585988004,-1.0025470409565018,-1.2469970879685364,-1.3925216037617851,-1.4124194316112944,-1.1031489876379466,-0.540678305076609,0.245371376785526,0.9963618107282873,1.5997040924123136,1.8527145948580517,1.760715074574928,1.3635896674881693,0.8252950611359757,0.272882161211946,-0.14710976297872438,-0.4429135468677398,-0.6105374669233241,-0.7336446369427659,-0.8710253230175854,-1.0619625058407942,-1.2255565190306617,-1.3507163155279456,-1.2629968490943062,-0.9905408580932353,-0.4512584821645882,0.1807445604100085,0.8844039892589566,1.418500568148519,1.737255382899733,1.7481432715162468,1.5014051516426437,1.0445584116341575,0.5567854860072466,0.0822813305694272,-0.21818943649965897,-0.4377011937244384,-0.46926635334826183,-0.5470982905923096,-0.5782398592304961,-0.7759575965814662,-0.961668155067882,-1.1929034066103483,-1.2073701141452573,-0.9888122421542099,-0.461277944151814,0.2569751397632573,1.0261642580898587,1.5985990189875012,1.8200049907976255,1.6386334061079582,1.1589417095509538,0.4914355761904623,-0.09333297575158264,-0.558784806168092,-0.8076293017297881,-0.9668073539545768,-1.0346262854951365,-1.1546327451765974,-1.1957778777767047,-1.1600870056488448,-0.8949783088485368,-0.42768346686067643,0.23905212790172764,0.9034995903559255,1.439073738975021,1.6979104987274487,1.648460579624019,1.3238615094638664,0.8417468686649006,0.35275950443375587,-0.013929049086364005,-0.2994875208507224,-0.41926908714382866,-0.5309984154170422,-0.6433131366428158,-0.8765134771519095,-1.0570594731824214,-1.3172689746843538,-1.3172014174281028,-1.1592738597575978,-0.6829469594755785,-0.03986635826796653,0.6769952093703394,1.2779706149574594,1.625465667349338,1.6629741029887952,1.4075463317398413,0.9866740562242842,0.5255907621997894,0.1147911580868493,-0.0936651189413127,-0.25482785208542325,-0.31743206897156767,-0.4795698681519407,-0.7099046918358632,-1.04573483781643,-1.3350546533969703,-1.4896109258499377,-1.4265629441464525,-0.94280018444878,-0.2882197087774459,0.5437538880508569,1.243968153264627,1.7031749744058935,1.7753419242352912,1.5458914879865417,1.1198836590466792,0.627526503671029,0.24550281393625736,-0.10278902938455943,-0.33901662306014,-0.7106952675756047,-1.025228215762189,-1.3676994163746408,-1.5172403045230387,-1.3666094920601457,-0.9234939493612813,-0.25755632583291577,0.44545129805303924,0.9932178083342538,1.2834823619128926,1.2485119353892276,1.0724235440941903,0.7257511504560484,0.41601840522726374,0.063002600680052,-0.21313303731084746,-0.508152057145127,-0.5927224780164757,-0.5799875941739627,-0.4550852912284685,-0.10626162429149362],""rppg_timestamps"":[1762588770.90264,1762588770.9315987,1762588770.963116,1762588770.997998,1762588771.0282404,1762588771.0622869,1762588771.0913496,1762588771.1246576,1762588771.1566064,1762588771.187347,1762588771.2377095,1762588771.2691453,1762588771.3039868,1762588771.3338187,1762588771.3644168,1762588771.398269,1762588771.434249,1762588771.46449,1762588771.4914079,1762588771.5264297,1762588771.5644572,1762588771.5931036,1762588771.6399117,1762588771.670175,1762588771.7005732,1762588771.7346685,1762588771.767356,1762588771.8016338,1762588771.8263927,1762588771.8634486,1762588771.9021142,1762588771.9351108,1762588771.9572713,1762588771.9912329,1762588772.038424,1762588772.0739338,1762588772.1013205,1762588772.135404,1762588772.1640413,1762588772.1958058,1762588772.2310636,1762588772.261044,1762588772.2938673,1762588772.3240743,1762588772.3571663,1762588772.3873756,1762588772.4366584,1762588772.4730704,1762588772.50175,1762588772.532186,1762588772.5644963,1762588772.5957813,1762588772.6270878,1762588772.6602213,1762588772.692633,1762588772.7226045,1762588772.7564783,1762588772.7899165,1762588772.8403976,1762588772.8707495,1762588772.9044654,1762588772.9414706,1762588772.9777327,1762588773.0117092,1762588773.0467682,1762588773.0666077,1762588773.0921314,1762588773.1233194,1762588773.1593983,1762588773.1889217,1762588773.241533,1762588773.280087,1762588773.3010025,1762588773.338281,1762588773.3641682,1762588773.3965814,1762588773.4275753,1762588773.4619715,1762588773.4943135,1762588773.5238419,1762588773.5591292,1762588773.5905817,1762588773.6439276,1762588773.681734,1762588773.7199006,1762588773.7536397,1762588773.7854288,1762588773.8178852,1762588773.8511856,1762588773.8756974,1762588773.8981292,1762588773.9266908,1762588773.9606516,1762588773.9916425,1762588774.0385907,1762588774.067277,1762588774.1019647,1762588774.1312675,1762588774.1648953,1762588774.1970346,1762588774.2293985,1762588774.2606277,1762588774.2964444,1762588774.3234835,1762588774.359171,1762588774.3903813,1762588774.440824,1762588774.4765606,1762588774.5089245,1762588774.5360856,1762588774.5651476,1762588774.5954168,1762588774.6270504,1762588774.6605332,1762588774.6910753,1762588774.7280447,1762588774.755516,1762588774.7878363,1762588774.8389711,1762588774.8743105,1762588774.9027543,1762588774.9373672,1762588774.9735742,1762588775.0063887,1762588775.0283396,1762588775.0593345,1762588775.0946355,1762588775.1241255,1762588775.1546466,1762588775.2040334,1762588775.237148,1762588775.2701917,1762588775.3039641,1762588775.3383536,1762588775.3666534,1762588775.397786,1762588775.426307,1762588775.4593556,1762588775.4910958,1762588775.5232482,1762588775.555714,1762588775.6081016,1762588775.646821,1762588775.6747112,1762588775.7035043,1762588775.7346509,1762588775.7671533,1762588775.7982373,1762588775.8287451,1762588775.8662882,1762588775.893601,1762588775.9248064,1762588775.955623,1762588776.0060813,1762588776.0381105,1762588776.069422,1762588776.099564,1762588776.131056,1762588776.1650934,1762588776.1998212,1762588776.2306032,1762588776.2587214,1762588776.2932448,1762588776.323672,1762588776.3544636,1762588776.4040687,1762588776.4356644,1762588776.467811,1762588776.4991415,1762588776.5316153,1762588776.5638947,1762588776.5972397,1762588776.6286392,1762588776.658576,1762588776.6918688,1762588776.7235773,1762588776.7552078,1762588776.8075202,1762588776.8348913,1762588776.868654,1762588776.9010687,1762588776.9320915,1762588776.9666665,1762588776.9971497,1762588777.0264604,1762588777.0584521,1762588777.090952,1762588777.123014,1762588777.1563914,1762588777.2036989,1762588777.238615,1762588777.2726533,1762588777.3030064,1762588777.3321693,1762588777.3641944,1762588777.4026933,1762588777.439965,1762588777.4620883,1762588777.4901075,1762588777.52392,1762588777.5546262,1762588777.6058953,1762588777.6365504,1762588777.6675503,1762588777.6999803,1762588777.732653,1762588777.7664192,1762588777.7946475,1762588777.8297954,1762588777.8623827,1762588777.8960805,1762588777.9347196,1762588777.9573894,1762588778.0028913,1762588778.0351198,1762588778.0690205,1762588778.1002035,1762588778.1338124,1762588778.1697178,1762588778.2065783,1762588778.2305465,1762588778.264576,1762588778.2994618,1762588778.327303,1762588778.358088,1762588778.4022307,1762588778.4365423,1762588778.467484,1762588778.5000823,1762588778.5318263,1762588778.5647578,1762588778.5982203,1762588778.626619,1762588778.6622772,1762588778.6965923,1762588778.7232206,1762588778.7569804,1762588778.8082726,1762588778.8356683,1762588778.8693395,1762588778.8986702,1762588778.9316146,1762588778.962926,1762588778.9996333,1762588779.0279727,1762588779.0593858,1762588779.09098,1762588779.1228023,1762588779.1574678,1762588779.2050931,1762588779.23649,1762588779.2686536,1762588779.3003576,1762588779.3338938,1762588779.365226,1762588779.3972006,1762588779.701189,1762588779.7338014,1762588779.7677965,1762588779.7987885,1762588779.8310146,1762588779.858763,1762588779.8917823,1762588779.9243808,1762588779.9560757,1762588780.003707,1762588780.0377672,1762588780.066727,1762588780.1002345,1762588780.13009,1762588780.1626487,1762588780.1952455,1762588780.2326312,1762588780.2588022,1762588780.29408,1762588780.3246162,1762588780.3558004,1762588780.4032404,1762588780.4360106,1762588780.4699614,1762588780.4999645,1762588780.5310638,1762588780.563256,1762588780.5948248,1762588780.6330936,1762588780.6641958,1762588780.6953278,1762588780.7232351,1762588780.7610245,1762588780.8084567,1762588780.8370063,1762588780.8668747,1762588780.9024527,1762588780.9329479,1762588780.9630647,1762588781.000675,1762588781.026905,1762588781.0600033,1762588781.0941815,1762588781.1264286,1762588781.1556683,1762588781.206885,1762588781.2379825,1762588781.27068,1762588781.3009665,1762588781.332831,1762588781.366787,1762588781.4001255,1762588781.4268725,1762588781.4597876,1762588781.4986713,1762588781.5307257,1762588781.5554767,1762588781.6092186,1762588781.6418164,1762588781.669266,1762588781.7023084,1762588781.7341228,1762588781.764901,1762588781.8008885,1762588781.829413,1762588781.8589568,1762588781.892601,1762588781.923213,1762588781.9578905,1762588782.0081465,1762588782.0388775,1762588782.0669358,1762588782.1013365,1762588782.132,1762588782.1650136,1762588782.1950307,1762588782.226056,1762588782.2596712,1762588782.2902212,1762588782.3232343,1762588782.356831,1762588782.4037645,1762588782.4349024,1762588782.4697156,1762588782.4994774,1762588782.5309975,1762588782.564043,1762588782.5956707,1762588782.63016,1762588782.6632218,1762588782.6906738,1762588782.7233937,1762588782.758044,1762588782.804489,1762588782.8357844,1762588782.868566,1762588782.8987405,1762588782.9332824,1762588782.9632256,1762588782.9975052,1762588783.030565,1762588783.0593965,1762588783.094099,1762588783.1262178,1762588783.1555526,1762588783.2099473,1762588783.2367465,1762588783.268446,1762588783.3016398,1762588783.3348386,1762588783.366278,1762588783.394526,1762588783.4273124,1762588783.4604053,1762588783.4915776,1762588783.52523,1762588783.5591688,1762588783.6081407,1762588783.640403,1762588783.6677303,1762588783.7005532,1762588783.736209,1762588783.765224,1762588783.7945032,1762588783.8267658,1762588783.8609185,1762588783.8960059,1762588783.9254897,1762588783.9588547,1762588784.0088806,1762588784.0472584,1762588784.0852225,1762588784.1043513,1762588784.1318884,1762588784.1637433,1762588784.1953478,1762588784.2283587,1762588784.26154,1762588784.2923217,1762588784.324149,1762588784.3543127,1762588784.4075963,1762588784.4413676,1762588784.4749825,1762588784.4986727,1762588784.5326333,1762588784.5657008,1762588784.6055245,1762588784.630558,1762588784.6614442,1762588784.6922565,1762588784.722433,1762588784.7550702,1762588784.8048124,1762588784.836153,1762588784.8689744,1762588784.8992546,1762588784.9313192,1762588784.9644551,1762588784.9949377,1762588785.0267394,1762588785.0609083,1762588785.0927804,1762588785.1227071,1762588785.1556315,1762588785.2039602,1762588785.2388027,1762588785.269639,1762588785.3004978,1762588785.33365,1762588785.3651042,1762588785.3953192,1762588785.4286747,1762588785.4587755,1762588785.4945636,1762588785.5287628,1762588785.5557404,1762588785.6036532,1762588785.63544,1762588785.667608,1762588785.702433,1762588785.733594,1762588785.765883,1762588785.7967217,1762588785.8273768,1762588785.8588731,1762588785.8906655,1762588785.9242246,1762588785.9556928,1762588786.0036266,1762588786.036759,1762588786.069037,1762588786.1071467,1762588786.137745,1762588786.1660528,1762588786.1972158,1762588786.2272787,1762588786.2617295,1762588786.2930064,1762588786.3242774,1762588786.3730583,1762588786.4040463,1762588786.434779,1762588786.4681804,1762588786.4984472,1762588786.532369,1762588786.5669866,1762588786.5961456,1762588786.6351197,1762588786.6585214,1762588786.6901572,1762588786.7252283,1762588786.772168,1762588786.8034341,1762588786.8364155,1762588786.8675747,1762588786.8989046,1762588786.9307816,1762588786.9649217,1762588786.9983683,1762588787.0282786,1762588787.064213,1762588787.0908692,1762588787.124233,1762588787.1721923,1762588787.2038527,1762588787.236962,1762588787.2674701,1762588787.3002052,1762588787.3336403,1762588787.364501,1762588787.4024935,1762588787.4414935,1762588787.478272,1762588787.5077732,1762588787.5394008,1762588787.5757997,1762588787.6132157,1762588787.6466103,1762588787.668391,1762588787.702227,1762588787.7347343,1762588787.7652307,1762588787.800661,1762588787.8305094,1762588787.8593056,1762588787.8969767,1762588787.9240725,1762588787.9765458,1762588788.0040247,1762588788.0348506,1762588788.0669916,1762588788.099251,1762588788.1374235,1762588788.164382,1762588788.1996298,1762588788.501056,1762588788.531337,1762588788.5629272,1762588788.594908,1762588788.6271162,1762588788.658672,1762588788.6917431,1762588788.7271132,1762588788.7749424,1762588788.802631,1762588788.8355424,1762588788.8680093,1762588788.8996334,1762588788.934893,1762588788.9634662,1762588788.9995441,1762588789.0289931,1762588789.0606017,1762588789.095827,1762588789.1255693,1762588789.172817,1762588789.2032006,1762588789.2382581,1762588789.2726557,1762588789.3023593,1762588789.3335197,1762588789.3662171,1762588789.395831,1762588789.426613,1762588789.4601672,1762588789.4911208,1762588789.5226588,1762588789.570169,1762588789.6095178,1762588789.6412427,1762588789.6713495,1762588789.7008438,1762588789.7335258,1762588789.7650762,1762588789.7951763,1762588789.829941,1762588789.8617995,1762588789.8981833,1762588789.9386241,1762588789.973266,1762588790.004576,1762588790.0363395,1762588790.0718143,1762588790.1013505,1762588790.1319818,1762588790.1662447,1762588790.1967132,1762588790.2265682,1762588790.260213,1762588790.2938902,1762588790.325122,1762588790.3747308,1762588790.4056818,1762588790.4408188,1762588790.4724886,1762588790.499145,1762588790.5309632,1762588790.5666156,1762588790.594508,1762588790.628391,1762588790.6582875,1762588790.6923854,1762588790.7235823,1762588790.7788901,1762588790.8045535,1762588790.8360374,1762588790.869444,1762588790.8992457,1762588790.9332728,1762588790.9644752,1762588790.997908,1762588791.0264597,1762588791.0593626,1762588791.0918753,1762588791.1231787,1762588791.176937,1762588791.2046125,1762588791.2373147,1762588791.2712815,1762588791.3013911,1762588791.3335898,1762588791.3637083,1762588791.3967223,1762588791.4288127,1762588791.4606278,1762588791.500139,1762588791.5237365,1762588791.572894,1762588791.6035297,1762588791.6350665,1762588791.668515,1762588791.7025764,1762588791.7322335,1762588791.7634914,1762588791.7961595,1762588791.8273344,1762588791.8594038,1762588791.8932788,1762588791.9234076,1762588791.9822133,1762588792.0161061,1762588792.039915,1762588792.0676942,1762588792.1005888,1762588792.1345417,1762588792.1659708,1762588792.1979268,1762588792.228466,1762588792.2589564,1762588792.2926443,1762588792.3228817,1762588792.3729556,1762588792.4033077,1762588792.4398856,1762588792.471571,1762588792.5055454,1762588792.5410156,1762588792.567573,1762588792.5949073,1762588792.631294,1762588792.6588905,1762588792.691221,1762588792.7268841,1762588792.7757008,1762588792.8146021,1762588792.8455596,1762588792.8691404,1762588792.9007022,1762588792.9307165,1762588792.9636314,1762588793.000361,1762588793.0279932,1762588793.0598853,1762588793.0935738,1762588793.1238697,1762588793.1763077,1762588793.2089744,1762588793.2490485,1762588793.2798777,1762588793.3099635,1762588793.3403811,1762588793.3751998,1762588793.4149003,1762588793.4523845,1762588793.4845657,1762588793.5029101,1762588793.52388,1762588793.5752583,1762588793.6078987,1762588793.641372,1762588793.6751196,1762588793.7105935,1762588793.7342916,1762588793.7655268,1762588793.7962372,1762588793.8300555,1762588793.859046,1762588793.896706,1762588793.9238057,1762588793.9767728,1762588794.007076,1762588794.046001,1762588794.069159,1762588794.099452,1762588794.1312475,1762588794.1657465,1762588794.1965153,1762588794.2275267,1762588794.26073,1762588794.298315,1762588794.3274562,1762588794.3739722,1762588794.4035702,1762588794.4349902,1762588794.46756,1762588794.4990268,1762588794.5339735,1762588794.5637474,1762588794.5949855,1762588794.6276436,1762588794.6639767,1762588794.6952827,1762588794.7251184,1762588794.7703972,1762588794.8031352,1762588794.8372312,1762588794.8680813,1762588794.906123,1762588794.9366863,1762588794.9623568,1762588794.995384,1762588795.0277057,1762588795.063302,1762588795.0913236,1762588795.1253688,1762588795.174361,1762588795.2069361,1762588795.237599,1762588795.2701817,1762588795.3065856,1762588795.3343961,1762588795.3660293,1762588795.398734,1762588795.4314115,1762588795.4625525,1762588795.4911656,1762588795.5241838,1762588795.5732353,1762588795.6052768,1762588795.635478,1762588795.6683435,1762588795.701277,1762588795.732232,1762588795.7728682,1762588795.8115432,1762588795.8321192,1762588795.8580415,1762588795.8922517,1762588795.9234934,1762588795.973202,1762588796.0070677,1762588796.0379038,1762588796.0667922,1762588796.1060464,1762588796.135318,1762588796.1672213,1762588796.194101,1762588796.230724,1762588796.2579699,1762588796.290596,1762588796.325515,1762588796.3706794,1762588796.4065692,1762588796.4360917,1762588796.4685676,1762588796.5047462,1762588796.5355551,1762588796.5659697,1762588796.6005745,1762588796.6364436,1762588796.6598814,1762588796.6962874,1762588796.7250385,1762588796.774717,1762588796.802759,1762588796.8359308,1762588796.868367,1762588796.8999794,1762588796.9312394,1762588796.9656384,1762588796.9947639]}}'"
2025-11-08T11:43:02.777883,"b'{""advanced"":{""rppg"":[-0.21824229844014462,-0.5454415449271547,-0.8082400855973589,-1.0389426601924616,-1.107516590094082,-1.0327855702274853,-0.7601450605597722,-0.3244005932778757,0.2559875923301589,0.8741305276841641,1.4448672718393971,1.7993153751731332,1.8811683134561397,1.607808287934283,1.109208617530857,0.42674878625761414,-0.17118675287467916,-0.6831718095352289,-0.9302569217565865,-1.0488386409831443,-0.9979328888693534,-0.9803081655628979,-0.9743975256005682,-1.0719323521596285,-1.1294493042883007,-1.1122512286887354,-0.8983240371060606,-0.4716752917318381,0.14648799666190668,0.8355572156119979,1.4870734415675475,1.9172554506823667,2.0659535839655727,1.9000360023011669,1.497094482011082,0.9629929883211759,0.4331308191114188,-0.04923219820779459,-0.3926044059220883,-0.655435277907525,-0.770602647243893,-0.899623447468789,-0.9305506955833639,-1.0308719090200662,-1.056313127092855,-1.1502978304069886,-1.1585215782381375,-1.2108800636819876,-1.1118243355927702,-0.9332470580902662,-0.5686670481292264,-0.08333797058615566,0.5073824102723143,1.093501175924468,1.5822310660532957,1.8797222253843897,1.8989702573511802,1.6662110770702176,1.2320139364641434,0.6985090937120286,0.18955507844145023,-0.2515569874069723,-0.5318023061103068,-0.7204815751687497,-0.7780988545900825,-0.8760925636349335,-0.9391773938595477,-1.047042402478684,-1.040618511721491,-0.9340304292913467,-0.5731125025796091,-0.060638345208438034,0.6089313100986704,1.1957466726020536,1.6327463434440603,1.721882210679395,1.522617929866599,1.0336400873347311,0.46986882178923023,-0.1045359086649063,-0.490727674783094,-0.7509927558932961,-0.8111177555520469,-0.8402785232097362,-0.8097170309400172,-0.8846945850066857,-0.9732311708920237,-1.1557147278254427,-1.2631264316084914,-1.3149927925963205,-1.1614485362076872,-0.8169053248829614,-0.23887020214143748,0.4599262136280023,1.1606588840025478,1.6936378607958433,1.9536171081995564,1.8875442176382116,1.5499533291825653,1.069511058986818,0.5998172640067628,0.22281919169219175,-0.0331627551092365,-0.24639826195552592,-0.45748787111649586,-0.7739641154132714,-1.0855188451280438,-1.3136532623871815,-1.2546293329292613,-0.8680732049912315,-0.16158591494460622,0.6614175899145927,1.3927710850946073,1.757582382277065,1.700441499859061,1.212214796624609,0.5295219136102469,-0.18036532169407746,-0.6654277422890791,-0.9105997347835858,-0.8925642013177486,-0.7781646039157291,-0.6160548851413692,-0.5570949346515036,-0.5455779114688105,-0.6494271317534375,-0.7792226880420403,-0.9489491723037322,-1.0628851278088578,-1.1143019669058063,-0.9988433396102004,-0.6783240733988731,-0.13658886308165258,0.5540234015769049,1.2447324665438384,1.7634455504634017,2.0083067205202907,1.9131084182532636,1.5877950339901725,1.1071900388626124,0.6763884170180727,0.3069434231931951,0.06584359708591844,-0.18803329970956364,-0.4548465792466411,-0.8175946261124524,-1.128720813384805,-1.3226416837075294,-1.2370051964871842,-0.8846445404089184,-0.3411446825288974,0.24504611806774163,0.6793585759654163,0.8847790703591593,0.8311782101944251,0.6334650617160832,0.3987931207705406,0.2384991184116181,0.18256537680400034,0.14465229193940993,0.11159909545850283,-0.046042768587869425,-0.24279342634357903,-0.5536900316911819,-0.828741181844214,-1.0956410687474654,-1.2366267769719415,-1.2793718583032458,-1.1701945694240745,-0.916017648176851,-0.5031593142985333,0.04074584957651276,0.6151540190345596,1.1427998328162448,1.509169234770408,1.6386219500126116,1.5412444743942313,1.2428258911879353,0.8576307716734483,0.43067403977781293,0.11108552821942148,-0.1877556319823149,-0.35811121837396853,-0.5673824807052532,-0.7546166699255022,-0.9938270962697089,-1.198286658662878,-1.3462232876023392,-1.3028650546990501,-1.007358479494792,-0.4910999462651861,0.2251892153879707,0.9374311558018344,1.5525086183624643,1.882408811762007,1.863732514486934,1.5571156895737734,1.0558072044939832,0.5236011774716275,0.03962157344065766,-0.25890851400066256,-0.5061888271315909,-0.6141403114430061,-0.7378306134339746,-0.8258553413595869,-0.9674357853312974,-1.0481970681708974,-1.107136656828615,-1.0845764741153106,-1.0149475652084599,-0.8821344399830912,-0.6704508912262183,-0.37398182401510666,0.04418383378371282,0.5003842341783165,0.981351496492145,1.3307751899054028,1.474247802491617,1.3716326600756708,1.0282648030891102,0.4994644302615685,-0.07756205016791268,-0.6109962477591652,-0.9330204655676794,-1.0787286930277502,-0.9290430352725406,-0.5955727990813524,-0.054880394567016384,0.5467439818293984,1.0984398552438903,1.4632252793272083,1.5136003852803726,1.285110720010011,0.8120210331952592,0.24097342498984584,-0.3180792013285413,-0.6361913098433801,-0.7799047748554132,-0.7527489837058379,-0.6796412788649911,-0.7159778168067011,-0.8831270620180434,-1.0950663764765207,-1.277563764947774,-1.2147431968600337,-0.907854433286582,-0.2866899172964615,0.34400968598787296,0.9449629503132517,1.1834943957757877,1.1619632648130866,0.8623921604007279,0.5687541693676108,0.33602165035992904,0.1551992396722406,0.23685402325443883,-0.6260275526545831,-0.989692196832283,-1.2386662556373043,-1.2831103924771587,-1.0147161971522578,-0.4798908789733516,0.2670109224590618,1.0093466277816194,1.6148757320256732,1.905047745353328,1.8492900019134246,1.4752461280722073,0.9315564416487635,0.3700542448430519,-0.09178591027411537,-0.39817929712201117,-0.5897035987973712,-0.7427491982636273,-0.9253725151841429,-1.148504094207362,-1.3345608570596086,-1.3635402711261697,-1.100771516741394,-0.5501644026198845,0.23954970737593775,1.03076980455083,1.622943496299646,1.8175713890874494,1.5890139854926342,1.0219655377983161,0.3500598785878439,-0.24213488104754757,-0.6099630220775795,-0.7607404131555179,-0.7550429111878753,-0.7390366608249402,-0.8078613380249011,-0.9743834319611804,-1.144164366645925,-1.189642438681798,-0.9869885387215582,-0.4961356313995155,0.233701957402167,1.0320531828451756,1.7274198801820373,2.104080421548643,2.105801682396368,1.7297647222955497,1.1228916319752296,0.4192273212673784,-0.2197462182320145,-0.6905505428239959,-0.992143231695316,-1.1461330938165448,-1.2476534485634916,-1.2986166167012514,-1.315394084278857,-1.2275077607574623,-1.014097846138252,-0.6430162407546205,-0.14095878904025239,0.39732856518108917,0.8844869586684627,1.2105302043185164,1.355662090590915,1.2766642184214705,1.0139544042704478,0.5980709993751909,0.1245090652031325,-0.3063169365729688,-0.6180106262033648,-0.712202524902752,-0.5757276230697976,-0.24998918668582837,0.10757598034097916,0.3246841657784117,0.2995573049002491,-0.006753681359132731,-0.42172676628606887,-0.7816403415920264,-0.8251686630219945,-0.5290643673269386,0.10675548356731547,0.8141186442004232,1.3836000876916175,1.56580250084426,1.3484282604190363,0.8034531295666036,0.15954696283264502,-0.3911532976015575,-0.7089474286495857,-0.7958654119994001,-0.7301019532994646,-0.6540865833468783,-0.6451778194708463,-0.7592135075735269,-0.9256486132587041,-1.0947580010651545,-1.1515758341474511,-1.0524669401342661,-0.7517118185828656,-0.2948501961962435,0.264582696901223,0.823216476794043,1.3139156179630098,1.6580250699183174,1.7930676636971175,1.7128506387120481,1.4302226333129586,1.0275482457149174,0.549863351103154,0.113871478644546,-0.27194222537271434,-0.52836965127979,-0.7235320544048064,-0.8547686919449136,-0.9993363220354076,-1.1413263191293073,-1.254685094799889,-1.283272875537393,-1.1324253749752458,-0.7742506939072704,-0.21917876263603567,0.43710026673099467,1.076246854851581,1.5135942725148503,1.6715572823942826,1.5164546737237206,1.110053362659357,0.594835224518199,0.12247607495252133,-0.19327603733628465,-0.3803723522225947,-0.4644903999811309,-0.5628850768470711,-0.7174850802485762,-0.9598997665202004,-1.2074301688067337,-1.3291128690158203,-1.234590012060564,-0.8524500339791022,-0.2794376208240596,0.3820397787052577,0.9449711198569355,1.2960776424468101,1.3791851639596422,1.2415569409140812,0.9724787833095684,0.674910122221437,0.42288734444228493,0.2145789789070693,0.041210826425268327,-0.16436294591448372,-0.4226202589923407,-0.7632914616735539,-1.1214428760220283,-1.429239208944354,-1.578101737311426,-1.4658401675464305,-1.0628726854806607,-0.38858818047263904,0.433682921896994,1.205624683022388,1.759214650947029,1.9568380918595087,1.7969174055004695,1.3325949713908796,0.7368403501409325,0.17971081360339494,-0.22356480843119259,-0.43511787202108404,-0.4651134148559537,-0.42435399393888096,-0.3682011418441549,-0.40398003017009104,-0.4783221686348926,-0.6404026042556402,-0.7663277859340611,-0.8420515544054213,-0.7378413343209499,-0.49866548609676536,-0.10009749132116899,0.30622293965079933,0.6319199080907966,0.78212699944358,0.7365032389963541,0.4789805268410151,0.21845583114451894,-0.010665799979415561,-0.07161733366925525,-0.010310418171325665,0.11563653561967589,0.17731822271023423,0.08012206277922941,-0.16373298442689083,-0.5075021541008883,-0.9214350173485452,-1.217871325066926,-1.3552990948081893,-1.2483268159428138,-0.8753816960512809,-0.2665076423610746,0.47495871539790846,1.2088087406876689,1.808394814372114,2.1430129177855304,2.1124622916363216,1.7927104074586384,1.2376784045845628,0.6079892051258792,0.03245733099875636,-0.388297240203712,-0.7120374744072587,-0.9371251296766453,-1.1294072095653775,-1.3418320718666181,-1.4920291465087252,-1.493366076187713,-1.2977276717559345,-0.895310176815409,-0.27321042619362507,0.4073142582260529,1.0071327681114635,1.4087984673884788,1.5081789508009538,1.3423210948983069,0.9481821468210054,0.49536079652704235,0.04588559554637566,-0.2255683955943454,-0.436236363367372,-0.550603139163331,-0.7359344273050347,-1.004897067237665,-1.3399203033250018,-1.6070239286374834,-1.6297103045381136,-1.3144392999023888,-0.5967501744598108,0.3084513820398425,1.1905289264568948,1.7701741721854383,1.985704833172843,1.7909347761442556,1.3424599716852783,0.8804659268038914,0.4815120179653584,0.2573979975479038,0.045012124622126705,-0.17595578627025965,-0.486525290351935,-0.7493135552105799,-0.8772543438049616,-0.7789491292000507,-0.43475743042303655,-0.007095943945064854,-0.1590994008192548,-0.4909159773871016,-0.718099129501591,-0.892741239917381,-0.9493863186021205,-0.9858589579261472,-0.9679774499685934,-0.9297759568243442,-0.7614611929865233,-0.4458877989848424,0.09164052600457386,0.7157389034471234,1.3751290108950216,1.8242233130885852,2.0537073195723288,1.9120410502269634,1.5682257997624935,1.020024701894954,0.5105360520867498,0.014403546776057763,-0.3122177943247015,-0.5978690169840559,-0.7577408704957307,-0.925012247908038,-0.9942529887944965,-1.0846434283099886,-1.1038466993554257,-1.1721190261826677,-1.1853716960419654,-1.218955381001705,-1.1311073790402575,-0.9422856535269512,-0.5230523013436101,0.04565213054686527,0.7505156931727828,1.376701507980908,1.8426307087977805,1.9763163723362756,1.7876973149957862,1.3146177620864439,0.7389710917882506,0.17401442784552798,-0.1838848493731226,-0.37466421835018965,-0.3382617244650071,-0.3098332620420016,-0.27286079386383477,-0.44690495303469624,-0.6488635203310695,-0.9169069473809405,-0.9520445266098013,-0.7760459097241094,-0.24248567364053666,0.39133190904030823,1.0502586055278498,1.3673483947900942,1.3785667303413103,0.9360950887869735,0.37372188623887975,-0.2862305474550639,-0.6967579620117339,-0.9480967321527665,-0.9526768907496169,-0.9403521033633258,-0.9020618461115592,-0.9679122092730658,-0.9980110081916943,-0.9791613799217368,-0.7340779783503145,-0.36288582010666315,0.186448610703753,0.7017318480282533,1.1790325164730435,1.4498404555204853,1.5853174492390105,1.5094588657392338,1.3253316912243271,1.0252023280220617,0.7022157569073737,0.3317988348150477,0.02882431344003548,-0.27301084778860746,-0.49544258283607956,-0.7469623676669984,-0.9517801492672286,-1.1857360199792755,-1.3007299023493912,-1.311782438583587,-1.061345768755222,-0.6239891660394916,0.00578598615193611,0.6026118604159488,1.0972942837521626,1.288092306455068,1.245820556042819,0.9598394365410172,0.6336049070200587,0.2866558982881882,0.06556698664415621,-0.1341165807499362,-0.23397637006006133,-0.40148284782008986,-0.5181223215485734,-0.7122416218265644,-0.8309909391115283,-0.9754275159632959,-1.0172079262297282,-1.0438555606075584,-0.9186605310532093,-0.6747753934227411,-0.2152155637904628,0.3792040448543903,1.0809277762252079,1.6694064376106932,2.054839873965241,2.039833356154164,1.7051285612537594,1.0639514049858039,0.41345420651915155,-0.19724973922058797,-0.5487037015023223,-0.743687435637949,-0.783966675838164,-0.8793718585988004,-1.0025470409565018,-1.2469970879685364,-1.3925216037617851,-1.4124194316112944,-1.1031489876379466,-0.540678305076609,0.245371376785526,0.9963618107282873,1.5997040924123136,1.8527145948580517,1.760715074574928,1.3635896674881693,0.8252950611359757,0.272882161211946,-0.14710976297872438,-0.4429135468677398,-0.6105374669233241,-0.7336446369427659,-0.8710253230175854,-1.0619625058407942,-1.2255565190306617,-1.3507163155279456,-1.2629968490943062,-0.9905408580932353,-0.4512584821645882,0.1807445604100085,0.8844039892589566,1.418500568148519,1.737255382899733,1.7481432715162468,1.5014051516426437,1.0445584116341575,0.5567854860072466,0.0822813305694272,-0.21818943649965897,-0.4377011937244384,-0.46926635334826183,-0.5470982905923096,-0.5782398592304961,-0.7759575965814662,-0.961668155067882,-1.1929034066103483,-1.2073701141452573,-0.9888122421542099,-0.461277944151814,0.2569751397632573,1.0261642580898587,1.5985990189875012,1.8200049907976255,1.6386334061079582,1.1589417095509538,0.4914355761904623,-0.09333297575158264,-0.558784806168092,-0.8076293017297881,-0.9668073539545768,-1.0346262854951365,-1.1546327451765974,-1.1957778777767047,-1.1600870056488448,-0.8949783088485368,-0.42768346686067643,0.23905212790172764,0.9034995903559255,1.439073738975021,1.6979104987274487,1.648460579624019,1.3238615094638664,0.8417468686649006,0.35275950443375587,-0.013929049086364005,-0.2994875208507224,-0.41926908714382866,-0.5309984154170422,-0.6433131366428158,-0.8765134771519095,-1.0570594731824214,-1.3172689746843538,-1.3172014174281028,-1.1592738597575978,-0.6829469594755785,-0.03986635826796653,0.6769952093703394,1.2779706149574594,1.625465667349338,1.6629741029887952,1.4075463317398413,0.9866740562242842,0.5255907621997894,0.1147911580868493,-0.0936651189413127,-0.25482785208542325,-0.31743206897156767,-0.4795698681519407,-0.7099046918358632,-1.04573483781643,-1.3350546533969703,-1.4896109258499377,-1.4265629441464525,-0.94280018444878,-0.2882197087774459,0.5437538880508569,1.243968153264627,1.7031749744058935,1.7753419242352912,1.5458914879865417,1.1198836590466792,0.627526503671029,0.24550281393625736,-0.10278902938455943,-0.33901662306014,-0.7106952675756047,-1.025228215762189,-1.3676994163746408,-1.5172403045230387,-1.3666094920601457,-0.9234939493612813,-0.25755632583291577,0.44545129805303924,0.9932178083342538,1.2834823619128926,1.2485119353892276,1.0724235440941903,0.7257511504560484,0.41601840522726374,0.063002600680052,-0.21313303731084746,-0.508152057145127,-0.5927224780164757,-0.5799875941739627,-0.4550852912284685,-0.10626162429149362],""rppg_timestamps"":[1762588770.90264,1762588770.9315987,1762588770.963116,1762588770.997998,1762588771.0282404,1762588771.0622869,1762588771.0913496,1762588771.1246576,1762588771.1566064,1762588771.187347,1762588771.2377095,1762588771.2691453,1762588771.3039868,1762588771.3338187,1762588771.3644168,1762588771.398269,1762588771.434249,1762588771.46449,1762588771.4914079,1762588771.5264297,1762588771.5644572,1762588771.5931036,1762588771.6399117,1762588771.670175,1762588771.7005732,1762588771.7346685,1762588771.767356,1762588771.8016338,1762588771.8263927,1762588771.8634486,1762588771.9021142,1762588771.9351108,1762588771.9572713,1762588771.9912329,1762588772.038424,1762588772.0739338,1762588772.1013205,1762588772.135404,1762588772.1640413,1762588772.1958058,1762588772.2310636,1762588772.261044,1762588772.2938673,1762588772.3240743,1762588772.3571663,1762588772.3873756,1762588772.4366584,1762588772.4730704,1762588772.50175,1762588772.532186,1762588772.5644963,1762588772.5957813,1762588772.6270878,1762588772.6602213,1762588772.692633,1762588772.7226045,1762588772.7564783,1762588772.7899165,1762588772.8403976,1762588772.8707495,1762588772.9044654,1762588772.9414706,1762588772.9777327,1762588773.0117092,1762588773.0467682,1762588773.0666077,1762588773.0921314,1762588773.1233194,1762588773.1593983,1762588773.1889217,1762588773.241533,1762588773.280087,1762588773.3010025,1762588773.338281,1762588773.3641682,1762588773.3965814,1762588773.4275753,1762588773.4619715,1762588773.4943135,1762588773.5238419,1762588773.5591292,1762588773.5905817,1762588773.6439276,1762588773.681734,1762588773.7199006,1762588773.7536397,1762588773.7854288,1762588773.8178852,1762588773.8511856,1762588773.8756974,1762588773.8981292,1762588773.9266908,1762588773.9606516,1762588773.9916425,1762588774.0385907,1762588774.067277,1762588774.1019647,1762588774.1312675,1762588774.1648953,1762588774.1970346,1762588774.2293985,1762588774.2606277,1762588774.2964444,1762588774.3234835,1762588774.359171,1762588774.3903813,1762588774.440824,1762588774.4765606,1762588774.5089245,1762588774.5360856,1762588774.5651476,1762588774.5954168,1762588774.6270504,1762588774.6605332,1762588774.6910753,1762588774.7280447,1762588774.755516,1762588774.7878363,1762588774.8389711,1762588774.8743105,1762588774.9027543,1762588774.9373672,1762588774.9735742,1762588775.0063887,1762588775.0283396,1762588775.0593345,1762588775.0946355,1762588775.1241255,1762588775.1546466,1762588775.2040334,1762588775.237148,1762588775.2701917,1762588775.3039641,1762588775.3383536,1762588775.3666534,1762588775.397786,1762588775.426307,1762588775.4593556,1762588775.4910958,1762588775.5232482,1762588775.555714,1762588775.6081016,1762588775.646821,1762588775.6747112,1762588775.7035043,1762588775.7346509,1762588775.7671533,1762588775.7982373,1762588775.8287451,1762588775.8662882,1762588775.893601,1762588775.9248064,1762588775.955623,1762588776.0060813,1762588776.0381105,1762588776.069422,1762588776.099564,1762588776.131056,1762588776.1650934,1762588776.1998212,1762588776.2306032,1762588776.2587214,1762588776.2932448,1762588776.323672,1762588776.3544636,1762588776.4040687,1762588776.4356644,1762588776.467811,1762588776.4991415,1762588776.5316153,1762588776.5638947,1762588776.5972397,1762588776.6286392,1762588776.658576,1762588776.6918688,1762588776.7235773,1762588776.7552078,1762588776.8075202,1762588776.8348913,1762588776.868654,1762588776.9010687,1762588776.9320915,1762588776.9666665,1762588776.9971497,1762588777.0264604,1762588777.0584521,1762588777.090952,1762588777.123014,1762588777.1563914,1762588777.2036989,1762588777.238615,1762588777.2726533,1762588777.3030064,1762588777.3321693,1762588777.3641944,1762588777.4026933,1762588777.439965,1762588777.4620883,1762588777.4901075,1762588777.52392,1762588777.5546262,1762588777.6058953,1762588777.6365504,1762588777.6675503,1762588777.6999803,1762588777.732653,1762588777.7664192,1762588777.7946475,1762588777.8297954,1762588777.8623827,1762588777.8960805,1762588777.9347196,1762588777.9573894,1762588778.0028913,1762588778.0351198,1762588778.0690205,1762588778.1002035,1762588778.1338124,1762588778.1697178,1762588778.2065783,1762588778.2305465,1762588778.264576,1762588778.2994618,1762588778.327303,1762588778.358088,1762588778.4022307,1762588778.4365423,1762588778.467484,1762588778.5000823,1762588778.5318263,1762588778.5647578,1762588778.5982203,1762588778.626619,1762588778.6622772,1762588778.6965923,1762588778.7232206,1762588778.7569804,1762588778.8082726,1762588778.8356683,1762588778.8693395,1762588778.8986702,1762588778.9316146,1762588778.962926,1762588778.9996333,1762588779.0279727,1762588779.0593858,1762588779.09098,1762588779.1228023,1762588779.1574678,1762588779.2050931,1762588779.23649,1762588779.2686536,1762588779.3003576,1762588779.3338938,1762588779.365226,1762588779.3972006,1762588779.701189,1762588779.7338014,1762588779.7677965,1762588779.7987885,1762588779.8310146,1762588779.858763,1762588779.8917823,1762588779.9243808,1762588779.9560757,1762588780.003707,1762588780.0377672,1762588780.066727,1762588780.1002345,1762588780.13009,1762588780.1626487,1762588780.1952455,1762588780.2326312,1762588780.2588022,1762588780.29408,1762588780.3246162,1762588780.3558004,1762588780.4032404,1762588780.4360106,1762588780.4699614,1762588780.4999645,1762588780.5310638,1762588780.563256,1762588780.5948248,1762588780.6330936,1762588780.6641958,1762588780.6953278,1762588780.7232351,1762588780.7610245,1762588780.8084567,1762588780.8370063,1762588780.8668747,1762588780.9024527,1762588780.9329479,1762588780.9630647,1762588781.000675,1762588781.026905,1762588781.0600033,1762588781.0941815,1762588781.1264286,1762588781.1556683,1762588781.206885,1762588781.2379825,1762588781.27068,1762588781.3009665,1762588781.332831,1762588781.366787,1762588781.4001255,1762588781.4268725,1762588781.4597876,1762588781.4986713,1762588781.5307257,1762588781.5554767,1762588781.6092186,1762588781.6418164,1762588781.669266,1762588781.7023084,1762588781.7341228,1762588781.764901,1762588781.8008885,1762588781.829413,1762588781.8589568,1762588781.892601,1762588781.923213,1762588781.9578905,1762588782.0081465,1762588782.0388775,1762588782.0669358,1762588782.1013365,1762588782.132,1762588782.1650136,1762588782.1950307,1762588782.226056,1762588782.2596712,1762588782.2902212,1762588782.3232343,1762588782.356831,1762588782.4037645,1762588782.4349024,1762588782.4697156,1762588782.4994774,1762588782.5309975,1762588782.564043,1762588782.5956707,1762588782.63016,1762588782.6632218,1762588782.6906738,1762588782.7233937,1762588782.758044,1762588782.804489,1762588782.8357844,1762588782.868566,1762588782.8987405,1762588782.9332824,1762588782.9632256,1762588782.9975052,1762588783.030565,1762588783.0593965,1762588783.094099,1762588783.1262178,1762588783.1555526,1762588783.2099473,1762588783.2367465,1762588783.268446,1762588783.3016398,1762588783.3348386,1762588783.366278,1762588783.394526,1762588783.4273124,1762588783.4604053,1762588783.4915776,1762588783.52523,1762588783.5591688,1762588783.6081407,1762588783.640403,1762588783.6677303,1762588783.7005532,1762588783.736209,1762588783.765224,1762588783.7945032,1762588783.8267658,1762588783.8609185,1762588783.8960059,1762588783.9254897,1762588783.9588547,1762588784.0088806,1762588784.0472584,1762588784.0852225,1762588784.1043513,1762588784.1318884,1762588784.1637433,1762588784.1953478,1762588784.2283587,1762588784.26154,1762588784.2923217,1762588784.324149,1762588784.3543127,1762588784.4075963,1762588784.4413676,1762588784.4749825,1762588784.4986727,1762588784.5326333,1762588784.5657008,1762588784.6055245,1762588784.630558,1762588784.6614442,1762588784.6922565,1762588784.722433,1762588784.7550702,1762588784.8048124,1762588784.836153,1762588784.8689744,1762588784.8992546,1762588784.9313192,1762588784.9644551,1762588784.9949377,1762588785.0267394,1762588785.0609083,1762588785.0927804,1762588785.1227071,1762588785.1556315,1762588785.2039602,1762588785.2388027,1762588785.269639,1762588785.3004978,1762588785.33365,1762588785.3651042,1762588785.3953192,1762588785.4286747,1762588785.4587755,1762588785.4945636,1762588785.5287628,1762588785.5557404,1762588785.6036532,1762588785.63544,1762588785.667608,1762588785.702433,1762588785.733594,1762588785.765883,1762588785.7967217,1762588785.8273768,1762588785.8588731,1762588785.8906655,1762588785.9242246,1762588785.9556928,1762588786.0036266,1762588786.036759,1762588786.069037,1762588786.1071467,1762588786.137745,1762588786.1660528,1762588786.1972158,1762588786.2272787,1762588786.2617295,1762588786.2930064,1762588786.3242774,1762588786.3730583,1762588786.4040463,1762588786.434779,1762588786.4681804,1762588786.4984472,1762588786.532369,1762588786.5669866,1762588786.5961456,1762588786.6351197,1762588786.6585214,1762588786.6901572,1762588786.7252283,1762588786.772168,1762588786.8034341,1762588786.8364155,1762588786.8675747,1762588786.8989046,1762588786.9307816,1762588786.9649217,1762588786.9983683,1762588787.0282786,1762588787.064213,1762588787.0908692,1762588787.124233,1762588787.1721923,1762588787.2038527,1762588787.236962,1762588787.2674701,1762588787.3002052,1762588787.3336403,1762588787.364501,1762588787.4024935,1762588787.4414935,1762588787.478272,1762588787.5077732,1762588787.5394008,1762588787.5757997,1762588787.6132157,1762588787.6466103,1762588787.668391,1762588787.702227,1762588787.7347343,1762588787.7652307,1762588787.800661,1762588787.8305094,1762588787.8593056,1762588787.8969767,1762588787.9240725,1762588787.9765458,1762588788.0040247,1762588788.0348506,1762588788.0669916,1762588788.099251,1762588788.1374235,1762588788.164382,1762588788.1996298,1762588788.501056,1762588788.531337,1762588788.5629272,1762588788.594908,1762588788.6271162,1762588788.658672,1762588788.6917431,1762588788.7271132,1762588788.7749424,1762588788.802631,1762588788.8355424,1762588788.8680093,1762588788.8996334,1762588788.934893,1762588788.9634662,1762588788.9995441,1762588789.0289931,1762588789.0606017,1762588789.095827,1762588789.1255693,1762588789.172817,1762588789.2032006,1762588789.2382581,1762588789.2726557,1762588789.3023593,1762588789.3335197,1762588789.3662171,1762588789.395831,1762588789.426613,1762588789.4601672,1762588789.4911208,1762588789.5226588,1762588789.570169,1762588789.6095178,1762588789.6412427,1762588789.6713495,1762588789.7008438,1762588789.7335258,1762588789.7650762,1762588789.7951763,1762588789.829941,1762588789.8617995,1762588789.8981833,1762588789.9386241,1762588789.973266,1762588790.004576,1762588790.0363395,1762588790.0718143,1762588790.1013505,1762588790.1319818,1762588790.1662447,1762588790.1967132,1762588790.2265682,1762588790.260213,1762588790.2938902,1762588790.325122,1762588790.3747308,1762588790.4056818,1762588790.4408188,1762588790.4724886,1762588790.499145,1762588790.5309632,1762588790.5666156,1762588790.594508,1762588790.628391,1762588790.6582875,1762588790.6923854,1762588790.7235823,1762588790.7788901,1762588790.8045535,1762588790.8360374,1762588790.869444,1762588790.8992457,1762588790.9332728,1762588790.9644752,1762588790.997908,1762588791.0264597,1762588791.0593626,1762588791.0918753,1762588791.1231787,1762588791.176937,1762588791.2046125,1762588791.2373147,1762588791.2712815,1762588791.3013911,1762588791.3335898,1762588791.3637083,1762588791.3967223,1762588791.4288127,1762588791.4606278,1762588791.500139,1762588791.5237365,1762588791.572894,1762588791.6035297,1762588791.6350665,1762588791.668515,1762588791.7025764,1762588791.7322335,1762588791.7634914,1762588791.7961595,1762588791.8273344,1762588791.8594038,1762588791.8932788,1762588791.9234076,1762588791.9822133,1762588792.0161061,1762588792.039915,1762588792.0676942,1762588792.1005888,1762588792.1345417,1762588792.1659708,1762588792.1979268,1762588792.228466,1762588792.2589564,1762588792.2926443,1762588792.3228817,1762588792.3729556,1762588792.4033077,1762588792.4398856,1762588792.471571,1762588792.5055454,1762588792.5410156,1762588792.567573,1762588792.5949073,1762588792.631294,1762588792.6588905,1762588792.691221,1762588792.7268841,1762588792.7757008,1762588792.8146021,1762588792.8455596,1762588792.8691404,1762588792.9007022,1762588792.9307165,1762588792.9636314,1762588793.000361,1762588793.0279932,1762588793.0598853,1762588793.0935738,1762588793.1238697,1762588793.1763077,1762588793.2089744,1762588793.2490485,1762588793.2798777,1762588793.3099635,1762588793.3403811,1762588793.3751998,1762588793.4149003,1762588793.4523845,1762588793.4845657,1762588793.5029101,1762588793.52388,1762588793.5752583,1762588793.6078987,1762588793.641372,1762588793.6751196,1762588793.7105935,1762588793.7342916,1762588793.7655268,1762588793.7962372,1762588793.8300555,1762588793.859046,1762588793.896706,1762588793.9238057,1762588793.9767728,1762588794.007076,1762588794.046001,1762588794.069159,1762588794.099452,1762588794.1312475,1762588794.1657465,1762588794.1965153,1762588794.2275267,1762588794.26073,1762588794.298315,1762588794.3274562,1762588794.3739722,1762588794.4035702,1762588794.4349902,1762588794.46756,1762588794.4990268,1762588794.5339735,1762588794.5637474,1762588794.5949855,1762588794.6276436,1762588794.6639767,1762588794.6952827,1762588794.7251184,1762588794.7703972,1762588794.8031352,1762588794.8372312,1762588794.8680813,1762588794.906123,1762588794.9366863,1762588794.9623568,1762588794.995384,1762588795.0277057,1762588795.063302,1762588795.0913236,1762588795.1253688,1762588795.174361,1762588795.2069361,1762588795.237599,1762588795.2701817,1762588795.3065856,1762588795.3343961,1762588795.3660293,1762588795.398734,1762588795.4314115,1762588795.4625525,1762588795.4911656,1762588795.5241838,1762588795.5732353,1762588795.6052768,1762588795.635478,1762588795.6683435,1762588795.701277,1762588795.732232,1762588795.7728682,1762588795.8115432,1762588795.8321192,1762588795.8580415,1762588795.8922517,1762588795.9234934,1762588795.973202,1762588796.0070677,1762588796.0379038,1762588796.0667922,1762588796.1060464,1762588796.135318,1762588796.1672213,1762588796.194101,1762588796.230724,1762588796.2579699,1762588796.290596,1762588796.325515,1762588796.3706794,1762588796.4065692,1762588796.4360917,1762588796.4685676,1762588796.5047462,1762588796.5355551,1762588796.5659697,1762588796.6005745,1762588796.6364436,1762588796.6598814,1762588796.6962874,1762588796.7250385,1762588796.774717,1762588796.802759,1762588796.8359308,1762588796.868367,1762588796.8999794,1762588796.9312394,1762588796.9656384,1762588796.9947639]}}'"
